Analysis & Synthesis report for gpu
Tue Sep  1 07:27:56 2026
Quartus Prime Version 24.1std.0 Build 1077 03/04/2025 SC Lite Edition


---------------------
; Table of Contents ;
---------------------
  1. Legal Notice
  2. Analysis & Synthesis Summary
  3. Analysis & Synthesis Settings
  4. Parallel Compilation
  5. Analysis & Synthesis Source Files Read
  6. Analysis & Synthesis Resource Usage Summary
  7. Analysis & Synthesis Resource Utilization by Entity
  8. Analysis & Synthesis RAM Summary
  9. Analysis & Synthesis DSP Block Usage Summary
 10. State Machine - |gpu_de1_soc_top|polygon_rasterizer:u_rasterizer|state
 11. State Machine - |gpu_de1_soc_top|board_input_controller:u_input_ctrl|state
 12. Registers Removed During Synthesis
 13. Removed Registers Triggering Further Register Optimizations
 14. General Register Statistics
 15. Inverted Register Statistics
 16. Registers Packed Into Inferred Megafunctions
 17. Multiplexer Restructuring Statistics (Restructuring Performed)
 18. Source assignments for color_palette:u_palette|altsyncram:clut_ram_rtl_0|altsyncram_a7f1:auto_generated
 19. Source assignments for polygon_buffer:u_poly_buffer|altsyncram:ram_rtl_0|altsyncram_nqk1:auto_generated
 20. Source assignments for pattern_vram:u_patterns|altsyncram:ram_rtl_0|altsyncram_pa12:auto_generated
 21. Parameter Settings for Inferred Entity Instance: color_palette:u_palette|altsyncram:clut_ram_rtl_0
 22. Parameter Settings for Inferred Entity Instance: polygon_buffer:u_poly_buffer|altsyncram:ram_rtl_0
 23. Parameter Settings for Inferred Entity Instance: pattern_vram:u_patterns|altsyncram:ram_rtl_0
 24. altsyncram Parameter Settings by Entity Instance
 25. Port Connectivity Checks: "color_palette:u_palette"
 26. Port Connectivity Checks: "compositor:u_compositor"
 27. Port Connectivity Checks: "pattern_vram:u_patterns"
 28. Post-Synthesis Netlist Statistics for Top Partition
 29. Elapsed Time Per Partition
 30. Analysis & Synthesis Messages



----------------
; Legal Notice ;
----------------
Copyright (C) 2025  Altera Corporation. All rights reserved.
Your use of Altera Corporation's design tools, logic functions 
and other software and tools, and any partner logic 
functions, and any output files from any of the foregoing 
(including device programming or simulation files), and any 
associated documentation or information are expressly subject 
to the terms and conditions of the Altera Program License 
Subscription Agreement, the Altera Quartus Prime License Agreement,
the Altera IP License Agreement, or other applicable license
agreement, including, without limitation, that your use is for
the sole purpose of programming logic devices manufactured by
Altera and sold by Altera or its authorized distributors.  Please
refer to the Altera Software License Subscription Agreements 
on the Quartus Prime software download page.



+-----------------------------------------------------------------------------------+
; Analysis & Synthesis Summary                                                      ;
+---------------------------------+-------------------------------------------------+
; Analysis & Synthesis Status     ; Successful - Tue Sep  1 07:27:56 2026           ;
; Quartus Prime Version           ; 24.1std.0 Build 1077 03/04/2025 SC Lite Edition ;
; Revision Name                   ; gpu                                             ;
; Top-level Entity Name           ; gpu_de1_soc_top                                 ;
; Family                          ; Cyclone V                                       ;
; Logic utilization (in ALMs)     ; N/A                                             ;
; Total registers                 ; 462                                             ;
; Total pins                      ; 54                                              ;
; Total virtual pins              ; 0                                               ;
; Total block memory bits         ; 751,616                                         ;
; Total DSP Blocks                ; 6                                               ;
; Total HSSI RX PCSs              ; 0                                               ;
; Total HSSI PMA RX Deserializers ; 0                                               ;
; Total HSSI TX PCSs              ; 0                                               ;
; Total HSSI PMA TX Serializers   ; 0                                               ;
; Total PLLs                      ; 0                                               ;
; Total DLLs                      ; 0                                               ;
+---------------------------------+-------------------------------------------------+


+---------------------------------------------------------------------------------------------------------------------------+
; Analysis & Synthesis Settings                                                                                             ;
+---------------------------------------------------------------------------------+--------------------+--------------------+
; Option                                                                          ; Setting            ; Default Value      ;
+---------------------------------------------------------------------------------+--------------------+--------------------+
; Device                                                                          ; 5CSEMA5F31C6       ;                    ;
; Top-level entity name                                                           ; gpu_de1_soc_top    ; gpu                ;
; Family name                                                                     ; Cyclone V          ; Cyclone V          ;
; Use smart compilation                                                           ; Off                ; Off                ;
; Enable parallel Assembler and Timing Analyzer during compilation                ; On                 ; On                 ;
; Enable compact report table                                                     ; Off                ; Off                ;
; Restructure Multiplexers                                                        ; Auto               ; Auto               ;
; MLAB Add Timing Constraints For Mixed-Port Feed-Through Mode Setting Don't Care ; Off                ; Off                ;
; Create Debugging Nodes for IP Cores                                             ; Off                ; Off                ;
; Preserve fewer node names                                                       ; On                 ; On                 ;
; Intel FPGA IP Evaluation Mode                                                   ; Enable             ; Enable             ;
; Verilog Version                                                                 ; Verilog_2001       ; Verilog_2001       ;
; VHDL Version                                                                    ; VHDL_1993          ; VHDL_1993          ;
; State Machine Processing                                                        ; Auto               ; Auto               ;
; Safe State Machine                                                              ; Off                ; Off                ;
; Extract Verilog State Machines                                                  ; On                 ; On                 ;
; Extract VHDL State Machines                                                     ; On                 ; On                 ;
; Ignore Verilog initial constructs                                               ; Off                ; Off                ;
; Iteration limit for constant Verilog loops                                      ; 5000               ; 5000               ;
; Iteration limit for non-constant Verilog loops                                  ; 250                ; 250                ;
; Add Pass-Through Logic to Inferred RAMs                                         ; On                 ; On                 ;
; Infer RAMs from Raw Logic                                                       ; On                 ; On                 ;
; Parallel Synthesis                                                              ; On                 ; On                 ;
; DSP Block Balancing                                                             ; Auto               ; Auto               ;
; NOT Gate Push-Back                                                              ; On                 ; On                 ;
; Power-Up Don't Care                                                             ; On                 ; On                 ;
; Remove Redundant Logic Cells                                                    ; Off                ; Off                ;
; Remove Duplicate Registers                                                      ; On                 ; On                 ;
; Ignore CARRY Buffers                                                            ; Off                ; Off                ;
; Ignore CASCADE Buffers                                                          ; Off                ; Off                ;
; Ignore GLOBAL Buffers                                                           ; Off                ; Off                ;
; Ignore ROW GLOBAL Buffers                                                       ; Off                ; Off                ;
; Ignore LCELL Buffers                                                            ; Off                ; Off                ;
; Ignore SOFT Buffers                                                             ; On                 ; On                 ;
; Limit AHDL Integers to 32 Bits                                                  ; Off                ; Off                ;
; Optimization Technique                                                          ; Balanced           ; Balanced           ;
; Carry Chain Length                                                              ; 70                 ; 70                 ;
; Auto Carry Chains                                                               ; On                 ; On                 ;
; Auto Open-Drain Pins                                                            ; On                 ; On                 ;
; Perform WYSIWYG Primitive Resynthesis                                           ; Off                ; Off                ;
; Auto ROM Replacement                                                            ; On                 ; On                 ;
; Auto RAM Replacement                                                            ; On                 ; On                 ;
; Auto DSP Block Replacement                                                      ; On                 ; On                 ;
; Auto Shift Register Replacement                                                 ; Auto               ; Auto               ;
; Allow Shift Register Merging across Hierarchies                                 ; Auto               ; Auto               ;
; Auto Clock Enable Replacement                                                   ; On                 ; On                 ;
; Strict RAM Replacement                                                          ; Off                ; Off                ;
; Allow Synchronous Control Signals                                               ; On                 ; On                 ;
; Force Use of Synchronous Clear Signals                                          ; Off                ; Off                ;
; Auto Resource Sharing                                                           ; Off                ; Off                ;
; Allow Any RAM Size For Recognition                                              ; Off                ; Off                ;
; Allow Any ROM Size For Recognition                                              ; Off                ; Off                ;
; Allow Any Shift Register Size For Recognition                                   ; Off                ; Off                ;
; Use LogicLock Constraints during Resource Balancing                             ; On                 ; On                 ;
; Ignore translate_off and synthesis_off directives                               ; Off                ; Off                ;
; Timing-Driven Synthesis                                                         ; On                 ; On                 ;
; Report Parameter Settings                                                       ; On                 ; On                 ;
; Report Source Assignments                                                       ; On                 ; On                 ;
; Report Connectivity Checks                                                      ; On                 ; On                 ;
; Ignore Maximum Fan-Out Assignments                                              ; Off                ; Off                ;
; Synchronization Register Chain Length                                           ; 3                  ; 3                  ;
; Power Optimization During Synthesis                                             ; Normal compilation ; Normal compilation ;
; HDL message level                                                               ; Level2             ; Level2             ;
; Suppress Register Optimization Related Messages                                 ; Off                ; Off                ;
; Number of Removed Registers Reported in Synthesis Report                        ; 5000               ; 5000               ;
; Number of Swept Nodes Reported in Synthesis Report                              ; 5000               ; 5000               ;
; Number of Inverted Registers Reported in Synthesis Report                       ; 100                ; 100                ;
; Clock MUX Protection                                                            ; On                 ; On                 ;
; Auto Gated Clock Conversion                                                     ; Off                ; Off                ;
; Block Design Naming                                                             ; Auto               ; Auto               ;
; SDC constraint protection                                                       ; Off                ; Off                ;
; Synthesis Effort                                                                ; Auto               ; Auto               ;
; Shift Register Replacement - Allow Asynchronous Clear Signal                    ; On                 ; On                 ;
; Pre-Mapping Resynthesis Optimization                                            ; Off                ; Off                ;
; Analysis & Synthesis Message Level                                              ; Medium             ; Medium             ;
; Disable Register Merging Across Hierarchies                                     ; Auto               ; Auto               ;
; Resource Aware Inference For Block RAM                                          ; On                 ; On                 ;
; Automatic Parallel Synthesis                                                    ; On                 ; On                 ;
; Partial Reconfiguration Bitstream ID                                            ; Off                ; Off                ;
+---------------------------------------------------------------------------------+--------------------+--------------------+


+------------------------------------------+
; Parallel Compilation                     ;
+----------------------------+-------------+
; Processors                 ; Number      ;
+----------------------------+-------------+
; Number detected on machine ; 16          ;
; Maximum allowed            ; 16          ;
;                            ;             ;
; Average used               ; 1.00        ;
; Maximum used               ; 16          ;
;                            ;             ;
; Usage by Processor         ; % Time Used ;
;     Processor 1            ; 100.0%      ;
;     Processor 2            ;   0.0%      ;
;     Processor 3            ;   0.0%      ;
;     Processor 4            ;   0.0%      ;
;     Processor 5            ;   0.0%      ;
;     Processors 6-16        ;   0.0%      ;
+----------------------------+-------------+


+-------------------------------------------------------------------------------------------------------------------------------------------------------------------------------------------------------------------+
; Analysis & Synthesis Source Files Read                                                                                                                                                                            ;
+--------------------------------------------+-----------------+-------------------------------------------------------+----------------------------------------------------------------------------------+---------+
; File Name with User-Entered Path           ; Used in Netlist ; File Type                                             ; File Name with Absolute Path                                                     ; Library ;
+--------------------------------------------+-----------------+-------------------------------------------------------+----------------------------------------------------------------------------------+---------+
; gpu_de1_soc_top.v                          ; yes             ; User Verilog HDL File                                 ; C:/Users/rs080/AppData/Local/PBL1_rml/gpu_de1_soc_top.v                          ;         ;
; board_input_controller.v                   ; yes             ; User Verilog HDL File                                 ; C:/Users/rs080/AppData/Local/PBL1_rml/board_input_controller.v                   ;         ;
; cmd_decoder.v                              ; yes             ; User Verilog HDL File                                 ; C:/Users/rs080/AppData/Local/PBL1_rml/cmd_decoder.v                              ;         ;
; color_palette.v                            ; yes             ; User Verilog HDL File                                 ; C:/Users/rs080/AppData/Local/PBL1_rml/color_palette.v                            ;         ;
; compositor.v                               ; yes             ; User Verilog HDL File                                 ; C:/Users/rs080/AppData/Local/PBL1_rml/compositor.v                               ;         ;
; polygon_buffer.v                           ; yes             ; User Verilog HDL File                                 ; C:/Users/rs080/AppData/Local/PBL1_rml/polygon_buffer.v                           ;         ;
; polygon_rasterizer.v                       ; yes             ; User Verilog HDL File                                 ; C:/Users/rs080/AppData/Local/PBL1_rml/polygon_rasterizer.v                       ;         ;
; bg_engine.v                                ; yes             ; User Verilog HDL File                                 ; C:/Users/rs080/AppData/Local/PBL1_rml/bg_engine.v                                ;         ;
; tilemap_ram.v                              ; yes             ; User Verilog HDL File                                 ; C:/Users/rs080/AppData/Local/PBL1_rml/tilemap_ram.v                              ;         ;
; pattern_vram.v                             ; yes             ; User Verilog HDL File                                 ; C:/Users/rs080/AppData/Local/PBL1_rml/pattern_vram.v                             ;         ;
; vga_sync.v                                 ; yes             ; User Verilog HDL File                                 ; C:/Users/rs080/AppData/Local/PBL1_rml/vga_sync.v                                 ;         ;
; tilemap_data.hex                           ; yes             ; User Hexadecimal (Intel-Format) File                  ; C:/Users/rs080/AppData/Local/PBL1_rml/tilemap_data.hex                           ;         ;
; sprite_engine.v                            ; yes             ; User Verilog HDL File                                 ; C:/Users/rs080/AppData/Local/PBL1_rml/sprite_engine.v                            ;         ;
; tiles.hex                                  ; yes             ; Auto-Found Hexadecimal (Intel-Format) File            ; C:/Users/rs080/AppData/Local/PBL1_rml/tiles.hex                                  ;         ;
; palette.hex                                ; yes             ; Auto-Found Hexadecimal (Intel-Format) File            ; C:/Users/rs080/AppData/Local/PBL1_rml/palette.hex                                ;         ;
; altsyncram.tdf                             ; yes             ; Megafunction                                          ; c:/intelfpga_lite/24.1std/quartus/libraries/megafunctions/altsyncram.tdf         ;         ;
; stratix_ram_block.inc                      ; yes             ; Megafunction                                          ; c:/intelfpga_lite/24.1std/quartus/libraries/megafunctions/stratix_ram_block.inc  ;         ;
; lpm_mux.inc                                ; yes             ; Megafunction                                          ; c:/intelfpga_lite/24.1std/quartus/libraries/megafunctions/lpm_mux.inc            ;         ;
; lpm_decode.inc                             ; yes             ; Megafunction                                          ; c:/intelfpga_lite/24.1std/quartus/libraries/megafunctions/lpm_decode.inc         ;         ;
; aglobal241.inc                             ; yes             ; Megafunction                                          ; c:/intelfpga_lite/24.1std/quartus/libraries/megafunctions/aglobal241.inc         ;         ;
; a_rdenreg.inc                              ; yes             ; Megafunction                                          ; c:/intelfpga_lite/24.1std/quartus/libraries/megafunctions/a_rdenreg.inc          ;         ;
; altrom.inc                                 ; yes             ; Megafunction                                          ; c:/intelfpga_lite/24.1std/quartus/libraries/megafunctions/altrom.inc             ;         ;
; altram.inc                                 ; yes             ; Megafunction                                          ; c:/intelfpga_lite/24.1std/quartus/libraries/megafunctions/altram.inc             ;         ;
; altdpram.inc                               ; yes             ; Megafunction                                          ; c:/intelfpga_lite/24.1std/quartus/libraries/megafunctions/altdpram.inc           ;         ;
; db/altsyncram_a7f1.tdf                     ; yes             ; Auto-Generated Megafunction                           ; C:/Users/rs080/AppData/Local/PBL1_rml/db/altsyncram_a7f1.tdf                     ;         ;
; db/gpu.ram0_color_palette_5080005f.hdl.mif ; yes             ; Auto-Generated Auto-Found Memory Initialization File  ; C:/Users/rs080/AppData/Local/PBL1_rml/db/gpu.ram0_color_palette_5080005f.hdl.mif ;         ;
; db/altsyncram_nqk1.tdf                     ; yes             ; Auto-Generated Megafunction                           ; C:/Users/rs080/AppData/Local/PBL1_rml/db/altsyncram_nqk1.tdf                     ;         ;
; db/decode_nma.tdf                          ; yes             ; Auto-Generated Megafunction                           ; C:/Users/rs080/AppData/Local/PBL1_rml/db/decode_nma.tdf                          ;         ;
; db/decode_g2a.tdf                          ; yes             ; Auto-Generated Megafunction                           ; C:/Users/rs080/AppData/Local/PBL1_rml/db/decode_g2a.tdf                          ;         ;
; db/mux_7hb.tdf                             ; yes             ; Auto-Generated Megafunction                           ; C:/Users/rs080/AppData/Local/PBL1_rml/db/mux_7hb.tdf                             ;         ;
; db/altsyncram_pa12.tdf                     ; yes             ; Auto-Generated Megafunction                           ; C:/Users/rs080/AppData/Local/PBL1_rml/db/altsyncram_pa12.tdf                     ;         ;
; db/gpu.ram0_pattern_vram_cc9d1d0f.hdl.mif  ; yes             ; Auto-Generated Auto-Found Memory Initialization File  ; C:/Users/rs080/AppData/Local/PBL1_rml/db/gpu.ram0_pattern_vram_cc9d1d0f.hdl.mif  ;         ;
; db/decode_5la.tdf                          ; yes             ; Auto-Generated Megafunction                           ; C:/Users/rs080/AppData/Local/PBL1_rml/db/decode_5la.tdf                          ;         ;
; db/decode_u0a.tdf                          ; yes             ; Auto-Generated Megafunction                           ; C:/Users/rs080/AppData/Local/PBL1_rml/db/decode_u0a.tdf                          ;         ;
; db/mux_lfb.tdf                             ; yes             ; Auto-Generated Megafunction                           ; C:/Users/rs080/AppData/Local/PBL1_rml/db/mux_lfb.tdf                             ;         ;
+--------------------------------------------+-----------------+-------------------------------------------------------+----------------------------------------------------------------------------------+---------+


+-------------------------------------------------------+
; Analysis & Synthesis Resource Usage Summary           ;
+---------------------------------------------+---------+
; Resource                                    ; Usage   ;
+---------------------------------------------+---------+
; Estimate of Logic utilization (ALMs needed) ; 560     ;
;                                             ;         ;
; Combinational ALUT usage for logic          ; 841     ;
;     -- 7 input functions                    ; 23      ;
;     -- 6 input functions                    ; 201     ;
;     -- 5 input functions                    ; 131     ;
;     -- 4 input functions                    ; 95      ;
;     -- <=3 input functions                  ; 391     ;
;                                             ;         ;
; Dedicated logic registers                   ; 462     ;
;                                             ;         ;
; I/O pins                                    ; 54      ;
; Total MLAB memory bits                      ; 0       ;
; Total block memory bits                     ; 751616  ;
;                                             ;         ;
; Total DSP Blocks                            ; 6       ;
;                                             ;         ;
; Maximum fan-out node                        ; clk_25m ;
; Maximum fan-out                             ; 388     ;
; Total fan-out                               ; 8269    ;
; Average fan-out                             ; 5.38    ;
+---------------------------------------------+---------+


+-------------------------------------------------------------------------------------------------------------------------------------------------------------------------------------------------------------------------------------------------------------------------------------------------------------------------+
; Analysis & Synthesis Resource Utilization by Entity                                                                                                                                                                                                                                                                     ;
+-------------------------------------------+---------------------+---------------------------+-------------------+------------+------+--------------+----------------------------------------------------------------------------------------------------------------------------+------------------------+--------------+
; Compilation Hierarchy Node                ; Combinational ALUTs ; Dedicated Logic Registers ; Block Memory Bits ; DSP Blocks ; Pins ; Virtual Pins ; Full Hierarchy Name                                                                                                        ; Entity Name            ; Library Name ;
+-------------------------------------------+---------------------+---------------------------+-------------------+------------+------+--------------+----------------------------------------------------------------------------------------------------------------------------+------------------------+--------------+
; |gpu_de1_soc_top                          ; 841 (57)            ; 462 (1)                   ; 751616            ; 6          ; 54   ; 0            ; |gpu_de1_soc_top                                                                                                           ; gpu_de1_soc_top        ; work         ;
;    |bg_engine:u_bg_engine|                ; 249 (11)            ; 78 (6)                    ; 0                 ; 0          ; 0    ; 0            ; |gpu_de1_soc_top|bg_engine:u_bg_engine                                                                                     ; bg_engine              ; work         ;
;       |tilemap_ram:u_map_buffer|          ; 238 (238)           ; 72 (72)                   ; 0                 ; 0          ; 0    ; 0            ; |gpu_de1_soc_top|bg_engine:u_bg_engine|tilemap_ram:u_map_buffer                                                            ; tilemap_ram            ; work         ;
;    |board_input_controller:u_input_ctrl|  ; 106 (106)           ; 76 (76)                   ; 0                 ; 0          ; 0    ; 0            ; |gpu_de1_soc_top|board_input_controller:u_input_ctrl                                                                       ; board_input_controller ; work         ;
;    |cmd_decoder:u_cmd_decoder|            ; 9 (9)               ; 132 (132)                 ; 0                 ; 0          ; 0    ; 0            ; |gpu_de1_soc_top|cmd_decoder:u_cmd_decoder                                                                                 ; cmd_decoder            ; work         ;
;    |color_palette:u_palette|              ; 0 (0)               ; 0 (0)                     ; 6144              ; 0          ; 0    ; 0            ; |gpu_de1_soc_top|color_palette:u_palette                                                                                   ; color_palette          ; work         ;
;       |altsyncram:clut_ram_rtl_0|         ; 0 (0)               ; 0 (0)                     ; 6144              ; 0          ; 0    ; 0            ; |gpu_de1_soc_top|color_palette:u_palette|altsyncram:clut_ram_rtl_0                                                         ; altsyncram             ; work         ;
;          |altsyncram_a7f1:auto_generated| ; 0 (0)               ; 0 (0)                     ; 6144              ; 0          ; 0    ; 0            ; |gpu_de1_soc_top|color_palette:u_palette|altsyncram:clut_ram_rtl_0|altsyncram_a7f1:auto_generated                          ; altsyncram_a7f1        ; work         ;
;    |compositor:u_compositor|              ; 23 (23)             ; 0 (0)                     ; 0                 ; 0          ; 0    ; 0            ; |gpu_de1_soc_top|compositor:u_compositor                                                                                   ; compositor             ; work         ;
;    |pattern_vram:u_patterns|              ; 0 (0)               ; 1 (0)                     ; 131072            ; 0          ; 0    ; 0            ; |gpu_de1_soc_top|pattern_vram:u_patterns                                                                                   ; pattern_vram           ; work         ;
;       |altsyncram:ram_rtl_0|              ; 0 (0)               ; 1 (0)                     ; 131072            ; 0          ; 0    ; 0            ; |gpu_de1_soc_top|pattern_vram:u_patterns|altsyncram:ram_rtl_0                                                              ; altsyncram             ; work         ;
;          |altsyncram_pa12:auto_generated| ; 0 (0)               ; 1 (1)                     ; 131072            ; 0          ; 0    ; 0            ; |gpu_de1_soc_top|pattern_vram:u_patterns|altsyncram:ram_rtl_0|altsyncram_pa12:auto_generated                               ; altsyncram_pa12        ; work         ;
;    |polygon_buffer:u_poly_buffer|         ; 48 (0)              ; 4 (0)                     ; 614400            ; 0          ; 0    ; 0            ; |gpu_de1_soc_top|polygon_buffer:u_poly_buffer                                                                              ; polygon_buffer         ; work         ;
;       |altsyncram:ram_rtl_0|              ; 48 (0)              ; 4 (0)                     ; 614400            ; 0          ; 0    ; 0            ; |gpu_de1_soc_top|polygon_buffer:u_poly_buffer|altsyncram:ram_rtl_0                                                         ; altsyncram             ; work         ;
;          |altsyncram_nqk1:auto_generated| ; 48 (0)              ; 4 (4)                     ; 614400            ; 0          ; 0    ; 0            ; |gpu_de1_soc_top|polygon_buffer:u_poly_buffer|altsyncram:ram_rtl_0|altsyncram_nqk1:auto_generated                          ; altsyncram_nqk1        ; work         ;
;             |decode_g2a:rden_decode_b|    ; 10 (10)             ; 0 (0)                     ; 0                 ; 0          ; 0    ; 0            ; |gpu_de1_soc_top|polygon_buffer:u_poly_buffer|altsyncram:ram_rtl_0|altsyncram_nqk1:auto_generated|decode_g2a:rden_decode_b ; decode_g2a             ; work         ;
;             |decode_nma:decode2|          ; 10 (10)             ; 0 (0)                     ; 0                 ; 0          ; 0    ; 0            ; |gpu_de1_soc_top|polygon_buffer:u_poly_buffer|altsyncram:ram_rtl_0|altsyncram_nqk1:auto_generated|decode_nma:decode2       ; decode_nma             ; work         ;
;             |mux_7hb:mux3|                ; 28 (28)             ; 0 (0)                     ; 0                 ; 0          ; 0    ; 0            ; |gpu_de1_soc_top|polygon_buffer:u_poly_buffer|altsyncram:ram_rtl_0|altsyncram_nqk1:auto_generated|mux_7hb:mux3             ; mux_7hb                ; work         ;
;    |polygon_rasterizer:u_rasterizer|      ; 248 (248)           ; 113 (113)                 ; 0                 ; 6          ; 0    ; 0            ; |gpu_de1_soc_top|polygon_rasterizer:u_rasterizer                                                                           ; polygon_rasterizer     ; work         ;
;    |sprite_engine:u_sprite_engine|        ; 54 (54)             ; 35 (35)                   ; 0                 ; 0          ; 0    ; 0            ; |gpu_de1_soc_top|sprite_engine:u_sprite_engine                                                                             ; sprite_engine          ; work         ;
;    |vga_sync:u_vga_sync|                  ; 47 (47)             ; 22 (22)                   ; 0                 ; 0          ; 0    ; 0            ; |gpu_de1_soc_top|vga_sync:u_vga_sync                                                                                       ; vga_sync               ; work         ;
+-------------------------------------------+---------------------+---------------------------+-------------------+------------+------+--------------+----------------------------------------------------------------------------------------------------------------------------+------------------------+--------------+
Note: For table entries with two numbers listed, the numbers in parentheses indicate the number of resources of the given type used by the specific entity alone. The numbers listed outside of parentheses indicate the total resources of the given type used by the specific entity and all of its sub-entities in the hierarchy.


+-----------------------------------------------------------------------------------------------------------------------------------------------------------------------------------------------------------------------------------------------+
; Analysis & Synthesis RAM Summary                                                                                                                                                                                                              ;
+---------------------------------------------------------------------------------------------+------------+------------------+--------------+--------------+--------------+--------------+--------+--------------------------------------------+
; Name                                                                                        ; Type       ; Mode             ; Port A Depth ; Port A Width ; Port B Depth ; Port B Width ; Size   ; MIF                                        ;
+---------------------------------------------------------------------------------------------+------------+------------------+--------------+--------------+--------------+--------------+--------+--------------------------------------------+
; color_palette:u_palette|altsyncram:clut_ram_rtl_0|altsyncram_a7f1:auto_generated|ALTSYNCRAM ; M10K block ; ROM              ; 256          ; 24           ; --           ; --           ; 6144   ; db/gpu.ram0_color_palette_5080005f.hdl.mif ;
; pattern_vram:u_patterns|altsyncram:ram_rtl_0|altsyncram_pa12:auto_generated|ALTSYNCRAM      ; M10K block ; True Dual Port   ; 16384        ; 8            ; 16384        ; 8            ; 131072 ; db/gpu.ram0_pattern_vram_cc9d1d0f.hdl.mif  ;
; polygon_buffer:u_poly_buffer|altsyncram:ram_rtl_0|altsyncram_nqk1:auto_generated|ALTSYNCRAM ; M10K block ; Simple Dual Port ; 76800        ; 8            ; 76800        ; 8            ; 614400 ; None                                       ;
+---------------------------------------------------------------------------------------------+------------+------------------+--------------+--------------+--------------+--------------+--------+--------------------------------------------+


+--------------------------------------------------------+
; Analysis & Synthesis DSP Block Usage Summary           ;
+------------------------------------------+-------------+
; Statistic                                ; Number Used ;
+------------------------------------------+-------------+
; Independent 27x27                        ; 6           ;
; Total number of DSP blocks               ; 6           ;
;                                          ;             ;
; Fixed Point Unsigned Multiplier          ; 6           ;
; Fixed Point Dedicated Output Adder Chain ; 3           ;
+------------------------------------------+-------------+


Encoding Type:  One-Hot
+------------------------------------------------------------------------+
; State Machine - |gpu_de1_soc_top|polygon_rasterizer:u_rasterizer|state ;
+-------------------+------------+------------------+--------------------+
; Name              ; state.IDLE ; state.RASTER_TRI ; state.RASTER_RECT  ;
+-------------------+------------+------------------+--------------------+
; state.IDLE        ; 0          ; 0                ; 0                  ;
; state.RASTER_RECT ; 1          ; 0                ; 1                  ;
; state.RASTER_TRI  ; 1          ; 1                ; 0                  ;
+-------------------+------------+------------------+--------------------+


Encoding Type:  One-Hot
+--------------------------------------------------------------------------------------+
; State Machine - |gpu_de1_soc_top|board_input_controller:u_input_ctrl|state           ;
+------------------+--------------+------------------+------------------+--------------+
; Name             ; state.S_IDLE ; state.S_SEND_SPR ; state.S_SEND_SCR ; state.S_INIT ;
+------------------+--------------+------------------+------------------+--------------+
; state.S_INIT     ; 0            ; 0                ; 0                ; 0            ;
; state.S_SEND_SCR ; 0            ; 0                ; 1                ; 1            ;
; state.S_SEND_SPR ; 0            ; 1                ; 0                ; 1            ;
; state.S_IDLE     ; 1            ; 0                ; 0                ; 1            ;
+------------------+--------------+------------------+------------------+--------------+


+---------------------------------------------------------------------------------------------------------------+
; Registers Removed During Synthesis                                                                            ;
+-----------------------------------------------------------------+---------------------------------------------+
; Register name                                                   ; Reason for Removal                          ;
+-----------------------------------------------------------------+---------------------------------------------+
; polygon_rasterizer:u_rasterizer|v0x[9]                          ; Stuck at GND due to stuck port data_in      ;
; polygon_rasterizer:u_rasterizer|v0y[8]                          ; Stuck at GND due to stuck port data_in      ;
; polygon_rasterizer:u_rasterizer|v1x[9]                          ; Stuck at GND due to stuck port data_in      ;
; polygon_rasterizer:u_rasterizer|v1y[8]                          ; Stuck at GND due to stuck port data_in      ;
; polygon_rasterizer:u_rasterizer|v2x[9]                          ; Stuck at GND due to stuck port data_in      ;
; polygon_rasterizer:u_rasterizer|v2y[8]                          ; Stuck at GND due to stuck port data_in      ;
; cmd_decoder:u_cmd_decoder|scroll_y[0..7]                        ; Stuck at GND due to stuck port data_in      ;
; board_input_controller:u_input_ctrl|cmd_data[3..5,19,20,22..27] ; Stuck at GND due to stuck port data_in      ;
; cmd_decoder:u_cmd_decoder|tm_wr_x[0..5]                         ; Stuck at GND due to stuck port data_in      ;
; cmd_decoder:u_cmd_decoder|tm_wr_y[2,3]                          ; Stuck at GND due to stuck port data_in      ;
; cmd_decoder:u_cmd_decoder|sat_addr[0..4]                        ; Stuck at GND due to stuck port data_in      ;
; cmd_decoder:u_cmd_decoder|out_x[5,6,8]                          ; Stuck at GND due to stuck port data_in      ;
; cmd_decoder:u_cmd_decoder|out_tile_id[4,5,7]                    ; Stuck at GND due to stuck port data_in      ;
; cmd_decoder:u_cmd_decoder|rect_x2[0,1,3..8]                     ; Stuck at GND due to stuck port data_in      ;
; cmd_decoder:u_cmd_decoder|rect_color[0..2]                      ; Stuck at GND due to stuck port data_in      ;
; cmd_decoder:u_cmd_decoder|rect_x1_hold[0,1,3..8]                ; Stuck at GND due to stuck port data_in      ;
; cmd_decoder:u_cmd_decoder|tri_x2[0,1,3..8]                      ; Stuck at GND due to stuck port data_in      ;
; cmd_decoder:u_cmd_decoder|tri_color[0..2]                       ; Stuck at GND due to stuck port data_in      ;
; cmd_decoder:u_cmd_decoder|tri_x0_hold[0,1,3..8]                 ; Stuck at GND due to stuck port data_in      ;
; cmd_decoder:u_cmd_decoder|tri_x1_hold[0,1,3..8]                 ; Stuck at GND due to stuck port data_in      ;
; polygon_rasterizer:u_rasterizer|v2x[0,1,3..8]                   ; Stuck at GND due to stuck port data_in      ;
; polygon_rasterizer:u_rasterizer|tcolor_hold[0..2]               ; Stuck at GND due to stuck port data_in      ;
; sprite_engine:u_sprite_engine|sat_x[0][8]                       ; Stuck at GND due to stuck port data_in      ;
; sprite_engine:u_sprite_engine|sat_x[0][6]                       ; Stuck at GND due to stuck port data_in      ;
; sprite_engine:u_sprite_engine|sat_x[0][5]                       ; Stuck at GND due to stuck port data_in      ;
; sprite_engine:u_sprite_engine|sat_x[1][8]                       ; Stuck at GND due to stuck port data_in      ;
; sprite_engine:u_sprite_engine|sat_x[1][6]                       ; Stuck at GND due to stuck port data_in      ;
; sprite_engine:u_sprite_engine|sat_x[1][5]                       ; Stuck at GND due to stuck port data_in      ;
; sprite_engine:u_sprite_engine|sat_x[2][8]                       ; Stuck at GND due to stuck port data_in      ;
; sprite_engine:u_sprite_engine|sat_x[2][6]                       ; Stuck at GND due to stuck port data_in      ;
; sprite_engine:u_sprite_engine|sat_x[2][5]                       ; Stuck at GND due to stuck port data_in      ;
; sprite_engine:u_sprite_engine|sat_x[3][8]                       ; Stuck at GND due to stuck port data_in      ;
; sprite_engine:u_sprite_engine|sat_x[3][6]                       ; Stuck at GND due to stuck port data_in      ;
; sprite_engine:u_sprite_engine|sat_x[3][5]                       ; Stuck at GND due to stuck port data_in      ;
; sprite_engine:u_sprite_engine|sat_x[4][8]                       ; Stuck at GND due to stuck port data_in      ;
; sprite_engine:u_sprite_engine|sat_x[4][6]                       ; Stuck at GND due to stuck port data_in      ;
; sprite_engine:u_sprite_engine|sat_x[4][5]                       ; Stuck at GND due to stuck port data_in      ;
; sprite_engine:u_sprite_engine|sat_x[5][8]                       ; Stuck at GND due to stuck port data_in      ;
; sprite_engine:u_sprite_engine|sat_x[5][6]                       ; Stuck at GND due to stuck port data_in      ;
; sprite_engine:u_sprite_engine|sat_x[5][5]                       ; Stuck at GND due to stuck port data_in      ;
; sprite_engine:u_sprite_engine|sat_x[6][8]                       ; Stuck at GND due to stuck port data_in      ;
; sprite_engine:u_sprite_engine|sat_x[6][6]                       ; Stuck at GND due to stuck port data_in      ;
; sprite_engine:u_sprite_engine|sat_x[6][5]                       ; Stuck at GND due to stuck port data_in      ;
; sprite_engine:u_sprite_engine|sat_x[7][8]                       ; Stuck at GND due to stuck port data_in      ;
; sprite_engine:u_sprite_engine|sat_x[7][6]                       ; Stuck at GND due to stuck port data_in      ;
; sprite_engine:u_sprite_engine|sat_x[7][5]                       ; Stuck at GND due to stuck port data_in      ;
; sprite_engine:u_sprite_engine|sat_x[8][8]                       ; Stuck at GND due to stuck port data_in      ;
; sprite_engine:u_sprite_engine|sat_x[8][6]                       ; Stuck at GND due to stuck port data_in      ;
; sprite_engine:u_sprite_engine|sat_x[8][5]                       ; Stuck at GND due to stuck port data_in      ;
; sprite_engine:u_sprite_engine|sat_x[9][8]                       ; Stuck at GND due to stuck port data_in      ;
; sprite_engine:u_sprite_engine|sat_x[9][6]                       ; Stuck at GND due to stuck port data_in      ;
; sprite_engine:u_sprite_engine|sat_x[9][5]                       ; Stuck at GND due to stuck port data_in      ;
; sprite_engine:u_sprite_engine|sat_x[10][8]                      ; Stuck at GND due to stuck port data_in      ;
; sprite_engine:u_sprite_engine|sat_x[10][6]                      ; Stuck at GND due to stuck port data_in      ;
; sprite_engine:u_sprite_engine|sat_x[10][5]                      ; Stuck at GND due to stuck port data_in      ;
; sprite_engine:u_sprite_engine|sat_x[11][8]                      ; Stuck at GND due to stuck port data_in      ;
; sprite_engine:u_sprite_engine|sat_x[11][6]                      ; Stuck at GND due to stuck port data_in      ;
; sprite_engine:u_sprite_engine|sat_x[11][5]                      ; Stuck at GND due to stuck port data_in      ;
; sprite_engine:u_sprite_engine|sat_x[12][8]                      ; Stuck at GND due to stuck port data_in      ;
; sprite_engine:u_sprite_engine|sat_x[12][6]                      ; Stuck at GND due to stuck port data_in      ;
; sprite_engine:u_sprite_engine|sat_x[12][5]                      ; Stuck at GND due to stuck port data_in      ;
; sprite_engine:u_sprite_engine|sat_x[13][8]                      ; Stuck at GND due to stuck port data_in      ;
; sprite_engine:u_sprite_engine|sat_x[13][6]                      ; Stuck at GND due to stuck port data_in      ;
; sprite_engine:u_sprite_engine|sat_x[13][5]                      ; Stuck at GND due to stuck port data_in      ;
; sprite_engine:u_sprite_engine|sat_x[14][8]                      ; Stuck at GND due to stuck port data_in      ;
; sprite_engine:u_sprite_engine|sat_x[14][6]                      ; Stuck at GND due to stuck port data_in      ;
; sprite_engine:u_sprite_engine|sat_x[14][5]                      ; Stuck at GND due to stuck port data_in      ;
; sprite_engine:u_sprite_engine|sat_x[15][8]                      ; Stuck at GND due to stuck port data_in      ;
; sprite_engine:u_sprite_engine|sat_x[15][6]                      ; Stuck at GND due to stuck port data_in      ;
; sprite_engine:u_sprite_engine|sat_x[15][5]                      ; Stuck at GND due to stuck port data_in      ;
; sprite_engine:u_sprite_engine|sat_x[16][8]                      ; Stuck at GND due to stuck port data_in      ;
; sprite_engine:u_sprite_engine|sat_x[16][6]                      ; Stuck at GND due to stuck port data_in      ;
; sprite_engine:u_sprite_engine|sat_x[16][5]                      ; Stuck at GND due to stuck port data_in      ;
; sprite_engine:u_sprite_engine|sat_x[17][8]                      ; Stuck at GND due to stuck port data_in      ;
; sprite_engine:u_sprite_engine|sat_x[17][6]                      ; Stuck at GND due to stuck port data_in      ;
; sprite_engine:u_sprite_engine|sat_x[17][5]                      ; Stuck at GND due to stuck port data_in      ;
; sprite_engine:u_sprite_engine|sat_x[18][8]                      ; Stuck at GND due to stuck port data_in      ;
; sprite_engine:u_sprite_engine|sat_x[18][6]                      ; Stuck at GND due to stuck port data_in      ;
; sprite_engine:u_sprite_engine|sat_x[18][5]                      ; Stuck at GND due to stuck port data_in      ;
; sprite_engine:u_sprite_engine|sat_x[19][8]                      ; Stuck at GND due to stuck port data_in      ;
; sprite_engine:u_sprite_engine|sat_x[19][6]                      ; Stuck at GND due to stuck port data_in      ;
; sprite_engine:u_sprite_engine|sat_x[19][5]                      ; Stuck at GND due to stuck port data_in      ;
; sprite_engine:u_sprite_engine|sat_x[20][8]                      ; Stuck at GND due to stuck port data_in      ;
; sprite_engine:u_sprite_engine|sat_x[20][6]                      ; Stuck at GND due to stuck port data_in      ;
; sprite_engine:u_sprite_engine|sat_x[20][5]                      ; Stuck at GND due to stuck port data_in      ;
; sprite_engine:u_sprite_engine|sat_x[21][8]                      ; Stuck at GND due to stuck port data_in      ;
; sprite_engine:u_sprite_engine|sat_x[21][6]                      ; Stuck at GND due to stuck port data_in      ;
; sprite_engine:u_sprite_engine|sat_x[21][5]                      ; Stuck at GND due to stuck port data_in      ;
; sprite_engine:u_sprite_engine|sat_x[22][8]                      ; Stuck at GND due to stuck port data_in      ;
; sprite_engine:u_sprite_engine|sat_x[22][6]                      ; Stuck at GND due to stuck port data_in      ;
; sprite_engine:u_sprite_engine|sat_x[22][5]                      ; Stuck at GND due to stuck port data_in      ;
; sprite_engine:u_sprite_engine|sat_x[23][8]                      ; Stuck at GND due to stuck port data_in      ;
; sprite_engine:u_sprite_engine|sat_x[23][6]                      ; Stuck at GND due to stuck port data_in      ;
; sprite_engine:u_sprite_engine|sat_x[23][5]                      ; Stuck at GND due to stuck port data_in      ;
; sprite_engine:u_sprite_engine|sat_x[24][8]                      ; Stuck at GND due to stuck port data_in      ;
; sprite_engine:u_sprite_engine|sat_x[24][6]                      ; Stuck at GND due to stuck port data_in      ;
; sprite_engine:u_sprite_engine|sat_x[24][5]                      ; Stuck at GND due to stuck port data_in      ;
; sprite_engine:u_sprite_engine|sat_x[25][8]                      ; Stuck at GND due to stuck port data_in      ;
; sprite_engine:u_sprite_engine|sat_x[25][6]                      ; Stuck at GND due to stuck port data_in      ;
; sprite_engine:u_sprite_engine|sat_x[25][5]                      ; Stuck at GND due to stuck port data_in      ;
; sprite_engine:u_sprite_engine|sat_x[26][8]                      ; Stuck at GND due to stuck port data_in      ;
; sprite_engine:u_sprite_engine|sat_x[26][6]                      ; Stuck at GND due to stuck port data_in      ;
; sprite_engine:u_sprite_engine|sat_x[26][5]                      ; Stuck at GND due to stuck port data_in      ;
; sprite_engine:u_sprite_engine|sat_x[27][8]                      ; Stuck at GND due to stuck port data_in      ;
; sprite_engine:u_sprite_engine|sat_x[27][6]                      ; Stuck at GND due to stuck port data_in      ;
; sprite_engine:u_sprite_engine|sat_x[27][5]                      ; Stuck at GND due to stuck port data_in      ;
; sprite_engine:u_sprite_engine|sat_x[28][8]                      ; Stuck at GND due to stuck port data_in      ;
; sprite_engine:u_sprite_engine|sat_x[28][6]                      ; Stuck at GND due to stuck port data_in      ;
; sprite_engine:u_sprite_engine|sat_x[28][5]                      ; Stuck at GND due to stuck port data_in      ;
; sprite_engine:u_sprite_engine|sat_x[29][8]                      ; Stuck at GND due to stuck port data_in      ;
; sprite_engine:u_sprite_engine|sat_x[29][6]                      ; Stuck at GND due to stuck port data_in      ;
; sprite_engine:u_sprite_engine|sat_x[29][5]                      ; Stuck at GND due to stuck port data_in      ;
; sprite_engine:u_sprite_engine|sat_x[30][8]                      ; Stuck at GND due to stuck port data_in      ;
; sprite_engine:u_sprite_engine|sat_x[30][6]                      ; Stuck at GND due to stuck port data_in      ;
; sprite_engine:u_sprite_engine|sat_x[30][5]                      ; Stuck at GND due to stuck port data_in      ;
; sprite_engine:u_sprite_engine|sat_x[31][8]                      ; Stuck at GND due to stuck port data_in      ;
; sprite_engine:u_sprite_engine|sat_x[31][6]                      ; Stuck at GND due to stuck port data_in      ;
; sprite_engine:u_sprite_engine|sat_x[31][5]                      ; Stuck at GND due to stuck port data_in      ;
; sprite_engine:u_sprite_engine|sat_tile[0][7]                    ; Stuck at GND due to stuck port data_in      ;
; sprite_engine:u_sprite_engine|sat_tile[0][5]                    ; Stuck at GND due to stuck port data_in      ;
; sprite_engine:u_sprite_engine|sat_tile[0][4]                    ; Stuck at GND due to stuck port data_in      ;
; sprite_engine:u_sprite_engine|sat_tile[1][7]                    ; Stuck at GND due to stuck port data_in      ;
; sprite_engine:u_sprite_engine|sat_tile[1][5]                    ; Stuck at GND due to stuck port data_in      ;
; sprite_engine:u_sprite_engine|sat_tile[1][4]                    ; Stuck at GND due to stuck port data_in      ;
; sprite_engine:u_sprite_engine|sat_tile[2][7]                    ; Stuck at GND due to stuck port data_in      ;
; sprite_engine:u_sprite_engine|sat_tile[2][5]                    ; Stuck at GND due to stuck port data_in      ;
; sprite_engine:u_sprite_engine|sat_tile[2][4]                    ; Stuck at GND due to stuck port data_in      ;
; sprite_engine:u_sprite_engine|sat_tile[3][7]                    ; Stuck at GND due to stuck port data_in      ;
; sprite_engine:u_sprite_engine|sat_tile[3][5]                    ; Stuck at GND due to stuck port data_in      ;
; sprite_engine:u_sprite_engine|sat_tile[3][4]                    ; Stuck at GND due to stuck port data_in      ;
; sprite_engine:u_sprite_engine|sat_tile[4][7]                    ; Stuck at GND due to stuck port data_in      ;
; sprite_engine:u_sprite_engine|sat_tile[4][5]                    ; Stuck at GND due to stuck port data_in      ;
; sprite_engine:u_sprite_engine|sat_tile[4][4]                    ; Stuck at GND due to stuck port data_in      ;
; sprite_engine:u_sprite_engine|sat_tile[5][7]                    ; Stuck at GND due to stuck port data_in      ;
; sprite_engine:u_sprite_engine|sat_tile[5][5]                    ; Stuck at GND due to stuck port data_in      ;
; sprite_engine:u_sprite_engine|sat_tile[5][4]                    ; Stuck at GND due to stuck port data_in      ;
; sprite_engine:u_sprite_engine|sat_tile[6][7]                    ; Stuck at GND due to stuck port data_in      ;
; sprite_engine:u_sprite_engine|sat_tile[6][5]                    ; Stuck at GND due to stuck port data_in      ;
; sprite_engine:u_sprite_engine|sat_tile[6][4]                    ; Stuck at GND due to stuck port data_in      ;
; sprite_engine:u_sprite_engine|sat_tile[7][7]                    ; Stuck at GND due to stuck port data_in      ;
; sprite_engine:u_sprite_engine|sat_tile[7][5]                    ; Stuck at GND due to stuck port data_in      ;
; sprite_engine:u_sprite_engine|sat_tile[7][4]                    ; Stuck at GND due to stuck port data_in      ;
; sprite_engine:u_sprite_engine|sat_tile[8][7]                    ; Stuck at GND due to stuck port data_in      ;
; sprite_engine:u_sprite_engine|sat_tile[8][5]                    ; Stuck at GND due to stuck port data_in      ;
; sprite_engine:u_sprite_engine|sat_tile[8][4]                    ; Stuck at GND due to stuck port data_in      ;
; sprite_engine:u_sprite_engine|sat_tile[9][7]                    ; Stuck at GND due to stuck port data_in      ;
; sprite_engine:u_sprite_engine|sat_tile[9][5]                    ; Stuck at GND due to stuck port data_in      ;
; sprite_engine:u_sprite_engine|sat_tile[9][4]                    ; Stuck at GND due to stuck port data_in      ;
; sprite_engine:u_sprite_engine|sat_tile[10][7]                   ; Stuck at GND due to stuck port data_in      ;
; sprite_engine:u_sprite_engine|sat_tile[10][5]                   ; Stuck at GND due to stuck port data_in      ;
; sprite_engine:u_sprite_engine|sat_tile[10][4]                   ; Stuck at GND due to stuck port data_in      ;
; sprite_engine:u_sprite_engine|sat_tile[11][7]                   ; Stuck at GND due to stuck port data_in      ;
; sprite_engine:u_sprite_engine|sat_tile[11][5]                   ; Stuck at GND due to stuck port data_in      ;
; sprite_engine:u_sprite_engine|sat_tile[11][4]                   ; Stuck at GND due to stuck port data_in      ;
; sprite_engine:u_sprite_engine|sat_tile[12][7]                   ; Stuck at GND due to stuck port data_in      ;
; sprite_engine:u_sprite_engine|sat_tile[12][5]                   ; Stuck at GND due to stuck port data_in      ;
; sprite_engine:u_sprite_engine|sat_tile[12][4]                   ; Stuck at GND due to stuck port data_in      ;
; sprite_engine:u_sprite_engine|sat_tile[13][7]                   ; Stuck at GND due to stuck port data_in      ;
; sprite_engine:u_sprite_engine|sat_tile[13][5]                   ; Stuck at GND due to stuck port data_in      ;
; sprite_engine:u_sprite_engine|sat_tile[13][4]                   ; Stuck at GND due to stuck port data_in      ;
; sprite_engine:u_sprite_engine|sat_tile[14][7]                   ; Stuck at GND due to stuck port data_in      ;
; sprite_engine:u_sprite_engine|sat_tile[14][5]                   ; Stuck at GND due to stuck port data_in      ;
; sprite_engine:u_sprite_engine|sat_tile[14][4]                   ; Stuck at GND due to stuck port data_in      ;
; sprite_engine:u_sprite_engine|sat_tile[15][7]                   ; Stuck at GND due to stuck port data_in      ;
; sprite_engine:u_sprite_engine|sat_tile[15][5]                   ; Stuck at GND due to stuck port data_in      ;
; sprite_engine:u_sprite_engine|sat_tile[15][4]                   ; Stuck at GND due to stuck port data_in      ;
; sprite_engine:u_sprite_engine|sat_tile[16][7]                   ; Stuck at GND due to stuck port data_in      ;
; sprite_engine:u_sprite_engine|sat_tile[16][5]                   ; Stuck at GND due to stuck port data_in      ;
; sprite_engine:u_sprite_engine|sat_tile[16][4]                   ; Stuck at GND due to stuck port data_in      ;
; sprite_engine:u_sprite_engine|sat_tile[17][7]                   ; Stuck at GND due to stuck port data_in      ;
; sprite_engine:u_sprite_engine|sat_tile[17][5]                   ; Stuck at GND due to stuck port data_in      ;
; sprite_engine:u_sprite_engine|sat_tile[17][4]                   ; Stuck at GND due to stuck port data_in      ;
; sprite_engine:u_sprite_engine|sat_tile[18][7]                   ; Stuck at GND due to stuck port data_in      ;
; sprite_engine:u_sprite_engine|sat_tile[18][5]                   ; Stuck at GND due to stuck port data_in      ;
; sprite_engine:u_sprite_engine|sat_tile[18][4]                   ; Stuck at GND due to stuck port data_in      ;
; sprite_engine:u_sprite_engine|sat_tile[19][7]                   ; Stuck at GND due to stuck port data_in      ;
; sprite_engine:u_sprite_engine|sat_tile[19][5]                   ; Stuck at GND due to stuck port data_in      ;
; sprite_engine:u_sprite_engine|sat_tile[19][4]                   ; Stuck at GND due to stuck port data_in      ;
; sprite_engine:u_sprite_engine|sat_tile[20][7]                   ; Stuck at GND due to stuck port data_in      ;
; sprite_engine:u_sprite_engine|sat_tile[20][5]                   ; Stuck at GND due to stuck port data_in      ;
; sprite_engine:u_sprite_engine|sat_tile[20][4]                   ; Stuck at GND due to stuck port data_in      ;
; sprite_engine:u_sprite_engine|sat_tile[21][7]                   ; Stuck at GND due to stuck port data_in      ;
; sprite_engine:u_sprite_engine|sat_tile[21][5]                   ; Stuck at GND due to stuck port data_in      ;
; sprite_engine:u_sprite_engine|sat_tile[21][4]                   ; Stuck at GND due to stuck port data_in      ;
; sprite_engine:u_sprite_engine|sat_tile[22][7]                   ; Stuck at GND due to stuck port data_in      ;
; sprite_engine:u_sprite_engine|sat_tile[22][5]                   ; Stuck at GND due to stuck port data_in      ;
; sprite_engine:u_sprite_engine|sat_tile[22][4]                   ; Stuck at GND due to stuck port data_in      ;
; sprite_engine:u_sprite_engine|sat_tile[23][7]                   ; Stuck at GND due to stuck port data_in      ;
; sprite_engine:u_sprite_engine|sat_tile[23][5]                   ; Stuck at GND due to stuck port data_in      ;
; sprite_engine:u_sprite_engine|sat_tile[23][4]                   ; Stuck at GND due to stuck port data_in      ;
; sprite_engine:u_sprite_engine|sat_tile[24][7]                   ; Stuck at GND due to stuck port data_in      ;
; sprite_engine:u_sprite_engine|sat_tile[24][5]                   ; Stuck at GND due to stuck port data_in      ;
; sprite_engine:u_sprite_engine|sat_tile[24][4]                   ; Stuck at GND due to stuck port data_in      ;
; sprite_engine:u_sprite_engine|sat_tile[25][7]                   ; Stuck at GND due to stuck port data_in      ;
; sprite_engine:u_sprite_engine|sat_tile[25][5]                   ; Stuck at GND due to stuck port data_in      ;
; sprite_engine:u_sprite_engine|sat_tile[25][4]                   ; Stuck at GND due to stuck port data_in      ;
; sprite_engine:u_sprite_engine|sat_tile[26][7]                   ; Stuck at GND due to stuck port data_in      ;
; sprite_engine:u_sprite_engine|sat_tile[26][5]                   ; Stuck at GND due to stuck port data_in      ;
; sprite_engine:u_sprite_engine|sat_tile[26][4]                   ; Stuck at GND due to stuck port data_in      ;
; sprite_engine:u_sprite_engine|sat_tile[27][7]                   ; Stuck at GND due to stuck port data_in      ;
; sprite_engine:u_sprite_engine|sat_tile[27][5]                   ; Stuck at GND due to stuck port data_in      ;
; sprite_engine:u_sprite_engine|sat_tile[27][4]                   ; Stuck at GND due to stuck port data_in      ;
; sprite_engine:u_sprite_engine|sat_tile[28][7]                   ; Stuck at GND due to stuck port data_in      ;
; sprite_engine:u_sprite_engine|sat_tile[28][5]                   ; Stuck at GND due to stuck port data_in      ;
; sprite_engine:u_sprite_engine|sat_tile[28][4]                   ; Stuck at GND due to stuck port data_in      ;
; sprite_engine:u_sprite_engine|sat_tile[29][7]                   ; Stuck at GND due to stuck port data_in      ;
; sprite_engine:u_sprite_engine|sat_tile[29][5]                   ; Stuck at GND due to stuck port data_in      ;
; sprite_engine:u_sprite_engine|sat_tile[29][4]                   ; Stuck at GND due to stuck port data_in      ;
; sprite_engine:u_sprite_engine|sat_tile[30][7]                   ; Stuck at GND due to stuck port data_in      ;
; sprite_engine:u_sprite_engine|sat_tile[30][5]                   ; Stuck at GND due to stuck port data_in      ;
; sprite_engine:u_sprite_engine|sat_tile[30][4]                   ; Stuck at GND due to stuck port data_in      ;
; sprite_engine:u_sprite_engine|sat_tile[31][7]                   ; Stuck at GND due to stuck port data_in      ;
; sprite_engine:u_sprite_engine|sat_tile[31][5]                   ; Stuck at GND due to stuck port data_in      ;
; sprite_engine:u_sprite_engine|sat_tile[31][4]                   ; Stuck at GND due to stuck port data_in      ;
; cmd_decoder:u_cmd_decoder|rect_x1[0,1,3..8]                     ; Stuck at GND due to stuck port data_in      ;
; cmd_decoder:u_cmd_decoder|tri_x0[0,1,3..8]                      ; Stuck at GND due to stuck port data_in      ;
; cmd_decoder:u_cmd_decoder|tri_x1[0,1,3..8]                      ; Stuck at GND due to stuck port data_in      ;
; polygon_rasterizer:u_rasterizer|rx_min[0,1,3..8]                ; Stuck at GND due to stuck port data_in      ;
; polygon_rasterizer:u_rasterizer|rx_max[0,1,3..8]                ; Stuck at GND due to stuck port data_in      ;
; polygon_rasterizer:u_rasterizer|v0x[0,1,3..8]                   ; Stuck at GND due to stuck port data_in      ;
; polygon_rasterizer:u_rasterizer|v1x[0,1,3..8]                   ; Stuck at GND due to stuck port data_in      ;
; polygon_rasterizer:u_rasterizer|tx_min[0,1,3..8]                ; Stuck at GND due to stuck port data_in      ;
; polygon_rasterizer:u_rasterizer|tx_max[0,1,3..8]                ; Stuck at GND due to stuck port data_in      ;
; sprite_engine:u_sprite_engine|sat_en[1..31]                     ; Stuck at GND due to stuck port clock_enable ;
; sprite_engine:u_sprite_engine|sat_x[1][7]                       ; Stuck at GND due to stuck port clock_enable ;
; sprite_engine:u_sprite_engine|sat_x[1][4]                       ; Stuck at GND due to stuck port clock_enable ;
; sprite_engine:u_sprite_engine|sat_x[1][3]                       ; Stuck at GND due to stuck port clock_enable ;
; sprite_engine:u_sprite_engine|sat_x[1][2]                       ; Stuck at GND due to stuck port clock_enable ;
; sprite_engine:u_sprite_engine|sat_x[1][1]                       ; Stuck at GND due to stuck port clock_enable ;
; sprite_engine:u_sprite_engine|sat_x[1][0]                       ; Stuck at GND due to stuck port clock_enable ;
; sprite_engine:u_sprite_engine|sat_x[2][7]                       ; Stuck at GND due to stuck port clock_enable ;
; sprite_engine:u_sprite_engine|sat_x[2][4]                       ; Stuck at GND due to stuck port clock_enable ;
; sprite_engine:u_sprite_engine|sat_x[2][3]                       ; Stuck at GND due to stuck port clock_enable ;
; sprite_engine:u_sprite_engine|sat_x[2][2]                       ; Stuck at GND due to stuck port clock_enable ;
; sprite_engine:u_sprite_engine|sat_x[2][1]                       ; Stuck at GND due to stuck port clock_enable ;
; sprite_engine:u_sprite_engine|sat_x[2][0]                       ; Stuck at GND due to stuck port clock_enable ;
; sprite_engine:u_sprite_engine|sat_x[3][7]                       ; Stuck at GND due to stuck port clock_enable ;
; sprite_engine:u_sprite_engine|sat_x[3][4]                       ; Stuck at GND due to stuck port clock_enable ;
; sprite_engine:u_sprite_engine|sat_x[3][3]                       ; Stuck at GND due to stuck port clock_enable ;
; sprite_engine:u_sprite_engine|sat_x[3][2]                       ; Stuck at GND due to stuck port clock_enable ;
; sprite_engine:u_sprite_engine|sat_x[3][1]                       ; Stuck at GND due to stuck port clock_enable ;
; sprite_engine:u_sprite_engine|sat_x[3][0]                       ; Stuck at GND due to stuck port clock_enable ;
; sprite_engine:u_sprite_engine|sat_x[4][7]                       ; Stuck at GND due to stuck port clock_enable ;
; sprite_engine:u_sprite_engine|sat_x[4][4]                       ; Stuck at GND due to stuck port clock_enable ;
; sprite_engine:u_sprite_engine|sat_x[4][3]                       ; Stuck at GND due to stuck port clock_enable ;
; sprite_engine:u_sprite_engine|sat_x[4][2]                       ; Stuck at GND due to stuck port clock_enable ;
; sprite_engine:u_sprite_engine|sat_x[4][1]                       ; Stuck at GND due to stuck port clock_enable ;
; sprite_engine:u_sprite_engine|sat_x[4][0]                       ; Stuck at GND due to stuck port clock_enable ;
; sprite_engine:u_sprite_engine|sat_x[5][7]                       ; Stuck at GND due to stuck port clock_enable ;
; sprite_engine:u_sprite_engine|sat_x[5][4]                       ; Stuck at GND due to stuck port clock_enable ;
; sprite_engine:u_sprite_engine|sat_x[5][3]                       ; Stuck at GND due to stuck port clock_enable ;
; sprite_engine:u_sprite_engine|sat_x[5][2]                       ; Stuck at GND due to stuck port clock_enable ;
; sprite_engine:u_sprite_engine|sat_x[5][1]                       ; Stuck at GND due to stuck port clock_enable ;
; sprite_engine:u_sprite_engine|sat_x[5][0]                       ; Stuck at GND due to stuck port clock_enable ;
; sprite_engine:u_sprite_engine|sat_x[6][7]                       ; Stuck at GND due to stuck port clock_enable ;
; sprite_engine:u_sprite_engine|sat_x[6][4]                       ; Stuck at GND due to stuck port clock_enable ;
; sprite_engine:u_sprite_engine|sat_x[6][3]                       ; Stuck at GND due to stuck port clock_enable ;
; sprite_engine:u_sprite_engine|sat_x[6][2]                       ; Stuck at GND due to stuck port clock_enable ;
; sprite_engine:u_sprite_engine|sat_x[6][1]                       ; Stuck at GND due to stuck port clock_enable ;
; sprite_engine:u_sprite_engine|sat_x[6][0]                       ; Stuck at GND due to stuck port clock_enable ;
; sprite_engine:u_sprite_engine|sat_x[7][7]                       ; Stuck at GND due to stuck port clock_enable ;
; sprite_engine:u_sprite_engine|sat_x[7][4]                       ; Stuck at GND due to stuck port clock_enable ;
; sprite_engine:u_sprite_engine|sat_x[7][3]                       ; Stuck at GND due to stuck port clock_enable ;
; sprite_engine:u_sprite_engine|sat_x[7][2]                       ; Stuck at GND due to stuck port clock_enable ;
; sprite_engine:u_sprite_engine|sat_x[7][1]                       ; Stuck at GND due to stuck port clock_enable ;
; sprite_engine:u_sprite_engine|sat_x[7][0]                       ; Stuck at GND due to stuck port clock_enable ;
; sprite_engine:u_sprite_engine|sat_x[8][7]                       ; Stuck at GND due to stuck port clock_enable ;
; sprite_engine:u_sprite_engine|sat_x[8][4]                       ; Stuck at GND due to stuck port clock_enable ;
; sprite_engine:u_sprite_engine|sat_x[8][3]                       ; Stuck at GND due to stuck port clock_enable ;
; sprite_engine:u_sprite_engine|sat_x[8][2]                       ; Stuck at GND due to stuck port clock_enable ;
; sprite_engine:u_sprite_engine|sat_x[8][1]                       ; Stuck at GND due to stuck port clock_enable ;
; sprite_engine:u_sprite_engine|sat_x[8][0]                       ; Stuck at GND due to stuck port clock_enable ;
; sprite_engine:u_sprite_engine|sat_x[9][7]                       ; Stuck at GND due to stuck port clock_enable ;
; sprite_engine:u_sprite_engine|sat_x[9][4]                       ; Stuck at GND due to stuck port clock_enable ;
; sprite_engine:u_sprite_engine|sat_x[9][3]                       ; Stuck at GND due to stuck port clock_enable ;
; sprite_engine:u_sprite_engine|sat_x[9][2]                       ; Stuck at GND due to stuck port clock_enable ;
; sprite_engine:u_sprite_engine|sat_x[9][1]                       ; Stuck at GND due to stuck port clock_enable ;
; sprite_engine:u_sprite_engine|sat_x[9][0]                       ; Stuck at GND due to stuck port clock_enable ;
; sprite_engine:u_sprite_engine|sat_x[10][7]                      ; Stuck at GND due to stuck port clock_enable ;
; sprite_engine:u_sprite_engine|sat_x[10][4]                      ; Stuck at GND due to stuck port clock_enable ;
; sprite_engine:u_sprite_engine|sat_x[10][3]                      ; Stuck at GND due to stuck port clock_enable ;
; sprite_engine:u_sprite_engine|sat_x[10][2]                      ; Stuck at GND due to stuck port clock_enable ;
; sprite_engine:u_sprite_engine|sat_x[10][1]                      ; Stuck at GND due to stuck port clock_enable ;
; sprite_engine:u_sprite_engine|sat_x[10][0]                      ; Stuck at GND due to stuck port clock_enable ;
; sprite_engine:u_sprite_engine|sat_x[11][7]                      ; Stuck at GND due to stuck port clock_enable ;
; sprite_engine:u_sprite_engine|sat_x[11][4]                      ; Stuck at GND due to stuck port clock_enable ;
; sprite_engine:u_sprite_engine|sat_x[11][3]                      ; Stuck at GND due to stuck port clock_enable ;
; sprite_engine:u_sprite_engine|sat_x[11][2]                      ; Stuck at GND due to stuck port clock_enable ;
; sprite_engine:u_sprite_engine|sat_x[11][1]                      ; Stuck at GND due to stuck port clock_enable ;
; sprite_engine:u_sprite_engine|sat_x[11][0]                      ; Stuck at GND due to stuck port clock_enable ;
; sprite_engine:u_sprite_engine|sat_x[12][7]                      ; Stuck at GND due to stuck port clock_enable ;
; sprite_engine:u_sprite_engine|sat_x[12][4]                      ; Stuck at GND due to stuck port clock_enable ;
; sprite_engine:u_sprite_engine|sat_x[12][3]                      ; Stuck at GND due to stuck port clock_enable ;
; sprite_engine:u_sprite_engine|sat_x[12][2]                      ; Stuck at GND due to stuck port clock_enable ;
; sprite_engine:u_sprite_engine|sat_x[12][1]                      ; Stuck at GND due to stuck port clock_enable ;
; sprite_engine:u_sprite_engine|sat_x[12][0]                      ; Stuck at GND due to stuck port clock_enable ;
; sprite_engine:u_sprite_engine|sat_x[13][7]                      ; Stuck at GND due to stuck port clock_enable ;
; sprite_engine:u_sprite_engine|sat_x[13][4]                      ; Stuck at GND due to stuck port clock_enable ;
; sprite_engine:u_sprite_engine|sat_x[13][3]                      ; Stuck at GND due to stuck port clock_enable ;
; sprite_engine:u_sprite_engine|sat_x[13][2]                      ; Stuck at GND due to stuck port clock_enable ;
; sprite_engine:u_sprite_engine|sat_x[13][1]                      ; Stuck at GND due to stuck port clock_enable ;
; sprite_engine:u_sprite_engine|sat_x[13][0]                      ; Stuck at GND due to stuck port clock_enable ;
; sprite_engine:u_sprite_engine|sat_x[14][7]                      ; Stuck at GND due to stuck port clock_enable ;
; sprite_engine:u_sprite_engine|sat_x[14][4]                      ; Stuck at GND due to stuck port clock_enable ;
; sprite_engine:u_sprite_engine|sat_x[14][3]                      ; Stuck at GND due to stuck port clock_enable ;
; sprite_engine:u_sprite_engine|sat_x[14][2]                      ; Stuck at GND due to stuck port clock_enable ;
; sprite_engine:u_sprite_engine|sat_x[14][1]                      ; Stuck at GND due to stuck port clock_enable ;
; sprite_engine:u_sprite_engine|sat_x[14][0]                      ; Stuck at GND due to stuck port clock_enable ;
; sprite_engine:u_sprite_engine|sat_x[15][7]                      ; Stuck at GND due to stuck port clock_enable ;
; sprite_engine:u_sprite_engine|sat_x[15][4]                      ; Stuck at GND due to stuck port clock_enable ;
; sprite_engine:u_sprite_engine|sat_x[15][3]                      ; Stuck at GND due to stuck port clock_enable ;
; sprite_engine:u_sprite_engine|sat_x[15][2]                      ; Stuck at GND due to stuck port clock_enable ;
; sprite_engine:u_sprite_engine|sat_x[15][1]                      ; Stuck at GND due to stuck port clock_enable ;
; sprite_engine:u_sprite_engine|sat_x[15][0]                      ; Stuck at GND due to stuck port clock_enable ;
; sprite_engine:u_sprite_engine|sat_x[16][7]                      ; Stuck at GND due to stuck port clock_enable ;
; sprite_engine:u_sprite_engine|sat_x[16][4]                      ; Stuck at GND due to stuck port clock_enable ;
; sprite_engine:u_sprite_engine|sat_x[16][3]                      ; Stuck at GND due to stuck port clock_enable ;
; sprite_engine:u_sprite_engine|sat_x[16][2]                      ; Stuck at GND due to stuck port clock_enable ;
; sprite_engine:u_sprite_engine|sat_x[16][1]                      ; Stuck at GND due to stuck port clock_enable ;
; sprite_engine:u_sprite_engine|sat_x[16][0]                      ; Stuck at GND due to stuck port clock_enable ;
; sprite_engine:u_sprite_engine|sat_x[17][7]                      ; Stuck at GND due to stuck port clock_enable ;
; sprite_engine:u_sprite_engine|sat_x[17][4]                      ; Stuck at GND due to stuck port clock_enable ;
; sprite_engine:u_sprite_engine|sat_x[17][3]                      ; Stuck at GND due to stuck port clock_enable ;
; sprite_engine:u_sprite_engine|sat_x[17][2]                      ; Stuck at GND due to stuck port clock_enable ;
; sprite_engine:u_sprite_engine|sat_x[17][1]                      ; Stuck at GND due to stuck port clock_enable ;
; sprite_engine:u_sprite_engine|sat_x[17][0]                      ; Stuck at GND due to stuck port clock_enable ;
; sprite_engine:u_sprite_engine|sat_x[18][7]                      ; Stuck at GND due to stuck port clock_enable ;
; sprite_engine:u_sprite_engine|sat_x[18][4]                      ; Stuck at GND due to stuck port clock_enable ;
; sprite_engine:u_sprite_engine|sat_x[18][3]                      ; Stuck at GND due to stuck port clock_enable ;
; sprite_engine:u_sprite_engine|sat_x[18][2]                      ; Stuck at GND due to stuck port clock_enable ;
; sprite_engine:u_sprite_engine|sat_x[18][1]                      ; Stuck at GND due to stuck port clock_enable ;
; sprite_engine:u_sprite_engine|sat_x[18][0]                      ; Stuck at GND due to stuck port clock_enable ;
; sprite_engine:u_sprite_engine|sat_x[19][7]                      ; Stuck at GND due to stuck port clock_enable ;
; sprite_engine:u_sprite_engine|sat_x[19][4]                      ; Stuck at GND due to stuck port clock_enable ;
; sprite_engine:u_sprite_engine|sat_x[19][3]                      ; Stuck at GND due to stuck port clock_enable ;
; sprite_engine:u_sprite_engine|sat_x[19][2]                      ; Stuck at GND due to stuck port clock_enable ;
; sprite_engine:u_sprite_engine|sat_x[19][1]                      ; Stuck at GND due to stuck port clock_enable ;
; sprite_engine:u_sprite_engine|sat_x[19][0]                      ; Stuck at GND due to stuck port clock_enable ;
; sprite_engine:u_sprite_engine|sat_x[20][7]                      ; Stuck at GND due to stuck port clock_enable ;
; sprite_engine:u_sprite_engine|sat_x[20][4]                      ; Stuck at GND due to stuck port clock_enable ;
; sprite_engine:u_sprite_engine|sat_x[20][3]                      ; Stuck at GND due to stuck port clock_enable ;
; sprite_engine:u_sprite_engine|sat_x[20][2]                      ; Stuck at GND due to stuck port clock_enable ;
; sprite_engine:u_sprite_engine|sat_x[20][1]                      ; Stuck at GND due to stuck port clock_enable ;
; sprite_engine:u_sprite_engine|sat_x[20][0]                      ; Stuck at GND due to stuck port clock_enable ;
; sprite_engine:u_sprite_engine|sat_x[21][7]                      ; Stuck at GND due to stuck port clock_enable ;
; sprite_engine:u_sprite_engine|sat_x[21][4]                      ; Stuck at GND due to stuck port clock_enable ;
; sprite_engine:u_sprite_engine|sat_x[21][3]                      ; Stuck at GND due to stuck port clock_enable ;
; sprite_engine:u_sprite_engine|sat_x[21][2]                      ; Stuck at GND due to stuck port clock_enable ;
; sprite_engine:u_sprite_engine|sat_x[21][1]                      ; Stuck at GND due to stuck port clock_enable ;
; sprite_engine:u_sprite_engine|sat_x[21][0]                      ; Stuck at GND due to stuck port clock_enable ;
; sprite_engine:u_sprite_engine|sat_x[22][7]                      ; Stuck at GND due to stuck port clock_enable ;
; sprite_engine:u_sprite_engine|sat_x[22][4]                      ; Stuck at GND due to stuck port clock_enable ;
; sprite_engine:u_sprite_engine|sat_x[22][3]                      ; Stuck at GND due to stuck port clock_enable ;
; sprite_engine:u_sprite_engine|sat_x[22][2]                      ; Stuck at GND due to stuck port clock_enable ;
; sprite_engine:u_sprite_engine|sat_x[22][1]                      ; Stuck at GND due to stuck port clock_enable ;
; sprite_engine:u_sprite_engine|sat_x[22][0]                      ; Stuck at GND due to stuck port clock_enable ;
; sprite_engine:u_sprite_engine|sat_x[23][7]                      ; Stuck at GND due to stuck port clock_enable ;
; sprite_engine:u_sprite_engine|sat_x[23][4]                      ; Stuck at GND due to stuck port clock_enable ;
; sprite_engine:u_sprite_engine|sat_x[23][3]                      ; Stuck at GND due to stuck port clock_enable ;
; sprite_engine:u_sprite_engine|sat_x[23][2]                      ; Stuck at GND due to stuck port clock_enable ;
; sprite_engine:u_sprite_engine|sat_x[23][1]                      ; Stuck at GND due to stuck port clock_enable ;
; sprite_engine:u_sprite_engine|sat_x[23][0]                      ; Stuck at GND due to stuck port clock_enable ;
; sprite_engine:u_sprite_engine|sat_x[24][7]                      ; Stuck at GND due to stuck port clock_enable ;
; sprite_engine:u_sprite_engine|sat_x[24][4]                      ; Stuck at GND due to stuck port clock_enable ;
; sprite_engine:u_sprite_engine|sat_x[24][3]                      ; Stuck at GND due to stuck port clock_enable ;
; sprite_engine:u_sprite_engine|sat_x[24][2]                      ; Stuck at GND due to stuck port clock_enable ;
; sprite_engine:u_sprite_engine|sat_x[24][1]                      ; Stuck at GND due to stuck port clock_enable ;
; sprite_engine:u_sprite_engine|sat_x[24][0]                      ; Stuck at GND due to stuck port clock_enable ;
; sprite_engine:u_sprite_engine|sat_x[25][7]                      ; Stuck at GND due to stuck port clock_enable ;
; sprite_engine:u_sprite_engine|sat_x[25][4]                      ; Stuck at GND due to stuck port clock_enable ;
; sprite_engine:u_sprite_engine|sat_x[25][3]                      ; Stuck at GND due to stuck port clock_enable ;
; sprite_engine:u_sprite_engine|sat_x[25][2]                      ; Stuck at GND due to stuck port clock_enable ;
; sprite_engine:u_sprite_engine|sat_x[25][1]                      ; Stuck at GND due to stuck port clock_enable ;
; sprite_engine:u_sprite_engine|sat_x[25][0]                      ; Stuck at GND due to stuck port clock_enable ;
; sprite_engine:u_sprite_engine|sat_x[26][7]                      ; Stuck at GND due to stuck port clock_enable ;
; sprite_engine:u_sprite_engine|sat_x[26][4]                      ; Stuck at GND due to stuck port clock_enable ;
; sprite_engine:u_sprite_engine|sat_x[26][3]                      ; Stuck at GND due to stuck port clock_enable ;
; sprite_engine:u_sprite_engine|sat_x[26][2]                      ; Stuck at GND due to stuck port clock_enable ;
; sprite_engine:u_sprite_engine|sat_x[26][1]                      ; Stuck at GND due to stuck port clock_enable ;
; sprite_engine:u_sprite_engine|sat_x[26][0]                      ; Stuck at GND due to stuck port clock_enable ;
; sprite_engine:u_sprite_engine|sat_x[27][7]                      ; Stuck at GND due to stuck port clock_enable ;
; sprite_engine:u_sprite_engine|sat_x[27][4]                      ; Stuck at GND due to stuck port clock_enable ;
; sprite_engine:u_sprite_engine|sat_x[27][3]                      ; Stuck at GND due to stuck port clock_enable ;
; sprite_engine:u_sprite_engine|sat_x[27][2]                      ; Stuck at GND due to stuck port clock_enable ;
; sprite_engine:u_sprite_engine|sat_x[27][1]                      ; Stuck at GND due to stuck port clock_enable ;
; sprite_engine:u_sprite_engine|sat_x[27][0]                      ; Stuck at GND due to stuck port clock_enable ;
; sprite_engine:u_sprite_engine|sat_x[28][7]                      ; Stuck at GND due to stuck port clock_enable ;
; sprite_engine:u_sprite_engine|sat_x[28][4]                      ; Stuck at GND due to stuck port clock_enable ;
; sprite_engine:u_sprite_engine|sat_x[28][3]                      ; Stuck at GND due to stuck port clock_enable ;
; sprite_engine:u_sprite_engine|sat_x[28][2]                      ; Stuck at GND due to stuck port clock_enable ;
; sprite_engine:u_sprite_engine|sat_x[28][1]                      ; Stuck at GND due to stuck port clock_enable ;
; sprite_engine:u_sprite_engine|sat_x[28][0]                      ; Stuck at GND due to stuck port clock_enable ;
; sprite_engine:u_sprite_engine|sat_x[29][7]                      ; Stuck at GND due to stuck port clock_enable ;
; sprite_engine:u_sprite_engine|sat_x[29][4]                      ; Stuck at GND due to stuck port clock_enable ;
; sprite_engine:u_sprite_engine|sat_x[29][3]                      ; Stuck at GND due to stuck port clock_enable ;
; sprite_engine:u_sprite_engine|sat_x[29][2]                      ; Stuck at GND due to stuck port clock_enable ;
; sprite_engine:u_sprite_engine|sat_x[29][1]                      ; Stuck at GND due to stuck port clock_enable ;
; sprite_engine:u_sprite_engine|sat_x[29][0]                      ; Stuck at GND due to stuck port clock_enable ;
; sprite_engine:u_sprite_engine|sat_x[30][7]                      ; Stuck at GND due to stuck port clock_enable ;
; sprite_engine:u_sprite_engine|sat_x[30][4]                      ; Stuck at GND due to stuck port clock_enable ;
; sprite_engine:u_sprite_engine|sat_x[30][3]                      ; Stuck at GND due to stuck port clock_enable ;
; sprite_engine:u_sprite_engine|sat_x[30][2]                      ; Stuck at GND due to stuck port clock_enable ;
; sprite_engine:u_sprite_engine|sat_x[30][1]                      ; Stuck at GND due to stuck port clock_enable ;
; sprite_engine:u_sprite_engine|sat_x[30][0]                      ; Stuck at GND due to stuck port clock_enable ;
; sprite_engine:u_sprite_engine|sat_x[31][7]                      ; Stuck at GND due to stuck port clock_enable ;
; sprite_engine:u_sprite_engine|sat_x[31][4]                      ; Stuck at GND due to stuck port clock_enable ;
; sprite_engine:u_sprite_engine|sat_x[31][3]                      ; Stuck at GND due to stuck port clock_enable ;
; sprite_engine:u_sprite_engine|sat_x[31][2]                      ; Stuck at GND due to stuck port clock_enable ;
; sprite_engine:u_sprite_engine|sat_x[31][1]                      ; Stuck at GND due to stuck port clock_enable ;
; sprite_engine:u_sprite_engine|sat_x[31][0]                      ; Stuck at GND due to stuck port clock_enable ;
; sprite_engine:u_sprite_engine|sat_y[1][7]                       ; Stuck at GND due to stuck port clock_enable ;
; sprite_engine:u_sprite_engine|sat_y[1][6]                       ; Stuck at GND due to stuck port clock_enable ;
; sprite_engine:u_sprite_engine|sat_y[1][5]                       ; Stuck at GND due to stuck port clock_enable ;
; sprite_engine:u_sprite_engine|sat_y[1][4]                       ; Stuck at GND due to stuck port clock_enable ;
; sprite_engine:u_sprite_engine|sat_y[1][3]                       ; Stuck at GND due to stuck port clock_enable ;
; sprite_engine:u_sprite_engine|sat_y[1][2]                       ; Stuck at GND due to stuck port clock_enable ;
; sprite_engine:u_sprite_engine|sat_y[1][1]                       ; Stuck at GND due to stuck port clock_enable ;
; sprite_engine:u_sprite_engine|sat_y[1][0]                       ; Stuck at GND due to stuck port clock_enable ;
; sprite_engine:u_sprite_engine|sat_y[2][7]                       ; Stuck at GND due to stuck port clock_enable ;
; sprite_engine:u_sprite_engine|sat_y[2][6]                       ; Stuck at GND due to stuck port clock_enable ;
; sprite_engine:u_sprite_engine|sat_y[2][5]                       ; Stuck at GND due to stuck port clock_enable ;
; sprite_engine:u_sprite_engine|sat_y[2][4]                       ; Stuck at GND due to stuck port clock_enable ;
; sprite_engine:u_sprite_engine|sat_y[2][3]                       ; Stuck at GND due to stuck port clock_enable ;
; sprite_engine:u_sprite_engine|sat_y[2][2]                       ; Stuck at GND due to stuck port clock_enable ;
; sprite_engine:u_sprite_engine|sat_y[2][1]                       ; Stuck at GND due to stuck port clock_enable ;
; sprite_engine:u_sprite_engine|sat_y[2][0]                       ; Stuck at GND due to stuck port clock_enable ;
; sprite_engine:u_sprite_engine|sat_y[3][7]                       ; Stuck at GND due to stuck port clock_enable ;
; sprite_engine:u_sprite_engine|sat_y[3][6]                       ; Stuck at GND due to stuck port clock_enable ;
; sprite_engine:u_sprite_engine|sat_y[3][5]                       ; Stuck at GND due to stuck port clock_enable ;
; sprite_engine:u_sprite_engine|sat_y[3][4]                       ; Stuck at GND due to stuck port clock_enable ;
; sprite_engine:u_sprite_engine|sat_y[3][3]                       ; Stuck at GND due to stuck port clock_enable ;
; sprite_engine:u_sprite_engine|sat_y[3][2]                       ; Stuck at GND due to stuck port clock_enable ;
; sprite_engine:u_sprite_engine|sat_y[3][1]                       ; Stuck at GND due to stuck port clock_enable ;
; sprite_engine:u_sprite_engine|sat_y[3][0]                       ; Stuck at GND due to stuck port clock_enable ;
; sprite_engine:u_sprite_engine|sat_y[4][7]                       ; Stuck at GND due to stuck port clock_enable ;
; sprite_engine:u_sprite_engine|sat_y[4][6]                       ; Stuck at GND due to stuck port clock_enable ;
; sprite_engine:u_sprite_engine|sat_y[4][5]                       ; Stuck at GND due to stuck port clock_enable ;
; sprite_engine:u_sprite_engine|sat_y[4][4]                       ; Stuck at GND due to stuck port clock_enable ;
; sprite_engine:u_sprite_engine|sat_y[4][3]                       ; Stuck at GND due to stuck port clock_enable ;
; sprite_engine:u_sprite_engine|sat_y[4][2]                       ; Stuck at GND due to stuck port clock_enable ;
; sprite_engine:u_sprite_engine|sat_y[4][1]                       ; Stuck at GND due to stuck port clock_enable ;
; sprite_engine:u_sprite_engine|sat_y[4][0]                       ; Stuck at GND due to stuck port clock_enable ;
; sprite_engine:u_sprite_engine|sat_y[5][7]                       ; Stuck at GND due to stuck port clock_enable ;
; sprite_engine:u_sprite_engine|sat_y[5][6]                       ; Stuck at GND due to stuck port clock_enable ;
; sprite_engine:u_sprite_engine|sat_y[5][5]                       ; Stuck at GND due to stuck port clock_enable ;
; sprite_engine:u_sprite_engine|sat_y[5][4]                       ; Stuck at GND due to stuck port clock_enable ;
; sprite_engine:u_sprite_engine|sat_y[5][3]                       ; Stuck at GND due to stuck port clock_enable ;
; sprite_engine:u_sprite_engine|sat_y[5][2]                       ; Stuck at GND due to stuck port clock_enable ;
; sprite_engine:u_sprite_engine|sat_y[5][1]                       ; Stuck at GND due to stuck port clock_enable ;
; sprite_engine:u_sprite_engine|sat_y[5][0]                       ; Stuck at GND due to stuck port clock_enable ;
; sprite_engine:u_sprite_engine|sat_y[6][7]                       ; Stuck at GND due to stuck port clock_enable ;
; sprite_engine:u_sprite_engine|sat_y[6][6]                       ; Stuck at GND due to stuck port clock_enable ;
; sprite_engine:u_sprite_engine|sat_y[6][5]                       ; Stuck at GND due to stuck port clock_enable ;
; sprite_engine:u_sprite_engine|sat_y[6][4]                       ; Stuck at GND due to stuck port clock_enable ;
; sprite_engine:u_sprite_engine|sat_y[6][3]                       ; Stuck at GND due to stuck port clock_enable ;
; sprite_engine:u_sprite_engine|sat_y[6][2]                       ; Stuck at GND due to stuck port clock_enable ;
; sprite_engine:u_sprite_engine|sat_y[6][1]                       ; Stuck at GND due to stuck port clock_enable ;
; sprite_engine:u_sprite_engine|sat_y[6][0]                       ; Stuck at GND due to stuck port clock_enable ;
; sprite_engine:u_sprite_engine|sat_y[7][7]                       ; Stuck at GND due to stuck port clock_enable ;
; sprite_engine:u_sprite_engine|sat_y[7][6]                       ; Stuck at GND due to stuck port clock_enable ;
; sprite_engine:u_sprite_engine|sat_y[7][5]                       ; Stuck at GND due to stuck port clock_enable ;
; sprite_engine:u_sprite_engine|sat_y[7][4]                       ; Stuck at GND due to stuck port clock_enable ;
; sprite_engine:u_sprite_engine|sat_y[7][3]                       ; Stuck at GND due to stuck port clock_enable ;
; sprite_engine:u_sprite_engine|sat_y[7][2]                       ; Stuck at GND due to stuck port clock_enable ;
; sprite_engine:u_sprite_engine|sat_y[7][1]                       ; Stuck at GND due to stuck port clock_enable ;
; sprite_engine:u_sprite_engine|sat_y[7][0]                       ; Stuck at GND due to stuck port clock_enable ;
; sprite_engine:u_sprite_engine|sat_y[8][7]                       ; Stuck at GND due to stuck port clock_enable ;
; sprite_engine:u_sprite_engine|sat_y[8][6]                       ; Stuck at GND due to stuck port clock_enable ;
; sprite_engine:u_sprite_engine|sat_y[8][5]                       ; Stuck at GND due to stuck port clock_enable ;
; sprite_engine:u_sprite_engine|sat_y[8][4]                       ; Stuck at GND due to stuck port clock_enable ;
; sprite_engine:u_sprite_engine|sat_y[8][3]                       ; Stuck at GND due to stuck port clock_enable ;
; sprite_engine:u_sprite_engine|sat_y[8][2]                       ; Stuck at GND due to stuck port clock_enable ;
; sprite_engine:u_sprite_engine|sat_y[8][1]                       ; Stuck at GND due to stuck port clock_enable ;
; sprite_engine:u_sprite_engine|sat_y[8][0]                       ; Stuck at GND due to stuck port clock_enable ;
; sprite_engine:u_sprite_engine|sat_y[9][7]                       ; Stuck at GND due to stuck port clock_enable ;
; sprite_engine:u_sprite_engine|sat_y[9][6]                       ; Stuck at GND due to stuck port clock_enable ;
; sprite_engine:u_sprite_engine|sat_y[9][5]                       ; Stuck at GND due to stuck port clock_enable ;
; sprite_engine:u_sprite_engine|sat_y[9][4]                       ; Stuck at GND due to stuck port clock_enable ;
; sprite_engine:u_sprite_engine|sat_y[9][3]                       ; Stuck at GND due to stuck port clock_enable ;
; sprite_engine:u_sprite_engine|sat_y[9][2]                       ; Stuck at GND due to stuck port clock_enable ;
; sprite_engine:u_sprite_engine|sat_y[9][1]                       ; Stuck at GND due to stuck port clock_enable ;
; sprite_engine:u_sprite_engine|sat_y[9][0]                       ; Stuck at GND due to stuck port clock_enable ;
; sprite_engine:u_sprite_engine|sat_y[10][7]                      ; Stuck at GND due to stuck port clock_enable ;
; sprite_engine:u_sprite_engine|sat_y[10][6]                      ; Stuck at GND due to stuck port clock_enable ;
; sprite_engine:u_sprite_engine|sat_y[10][5]                      ; Stuck at GND due to stuck port clock_enable ;
; sprite_engine:u_sprite_engine|sat_y[10][4]                      ; Stuck at GND due to stuck port clock_enable ;
; sprite_engine:u_sprite_engine|sat_y[10][3]                      ; Stuck at GND due to stuck port clock_enable ;
; sprite_engine:u_sprite_engine|sat_y[10][2]                      ; Stuck at GND due to stuck port clock_enable ;
; sprite_engine:u_sprite_engine|sat_y[10][1]                      ; Stuck at GND due to stuck port clock_enable ;
; sprite_engine:u_sprite_engine|sat_y[10][0]                      ; Stuck at GND due to stuck port clock_enable ;
; sprite_engine:u_sprite_engine|sat_y[11][7]                      ; Stuck at GND due to stuck port clock_enable ;
; sprite_engine:u_sprite_engine|sat_y[11][6]                      ; Stuck at GND due to stuck port clock_enable ;
; sprite_engine:u_sprite_engine|sat_y[11][5]                      ; Stuck at GND due to stuck port clock_enable ;
; sprite_engine:u_sprite_engine|sat_y[11][4]                      ; Stuck at GND due to stuck port clock_enable ;
; sprite_engine:u_sprite_engine|sat_y[11][3]                      ; Stuck at GND due to stuck port clock_enable ;
; sprite_engine:u_sprite_engine|sat_y[11][2]                      ; Stuck at GND due to stuck port clock_enable ;
; sprite_engine:u_sprite_engine|sat_y[11][1]                      ; Stuck at GND due to stuck port clock_enable ;
; sprite_engine:u_sprite_engine|sat_y[11][0]                      ; Stuck at GND due to stuck port clock_enable ;
; sprite_engine:u_sprite_engine|sat_y[12][7]                      ; Stuck at GND due to stuck port clock_enable ;
; sprite_engine:u_sprite_engine|sat_y[12][6]                      ; Stuck at GND due to stuck port clock_enable ;
; sprite_engine:u_sprite_engine|sat_y[12][5]                      ; Stuck at GND due to stuck port clock_enable ;
; sprite_engine:u_sprite_engine|sat_y[12][4]                      ; Stuck at GND due to stuck port clock_enable ;
; sprite_engine:u_sprite_engine|sat_y[12][3]                      ; Stuck at GND due to stuck port clock_enable ;
; sprite_engine:u_sprite_engine|sat_y[12][2]                      ; Stuck at GND due to stuck port clock_enable ;
; sprite_engine:u_sprite_engine|sat_y[12][1]                      ; Stuck at GND due to stuck port clock_enable ;
; sprite_engine:u_sprite_engine|sat_y[12][0]                      ; Stuck at GND due to stuck port clock_enable ;
; sprite_engine:u_sprite_engine|sat_y[13][7]                      ; Stuck at GND due to stuck port clock_enable ;
; sprite_engine:u_sprite_engine|sat_y[13][6]                      ; Stuck at GND due to stuck port clock_enable ;
; sprite_engine:u_sprite_engine|sat_y[13][5]                      ; Stuck at GND due to stuck port clock_enable ;
; sprite_engine:u_sprite_engine|sat_y[13][4]                      ; Stuck at GND due to stuck port clock_enable ;
; sprite_engine:u_sprite_engine|sat_y[13][3]                      ; Stuck at GND due to stuck port clock_enable ;
; sprite_engine:u_sprite_engine|sat_y[13][2]                      ; Stuck at GND due to stuck port clock_enable ;
; sprite_engine:u_sprite_engine|sat_y[13][1]                      ; Stuck at GND due to stuck port clock_enable ;
; sprite_engine:u_sprite_engine|sat_y[13][0]                      ; Stuck at GND due to stuck port clock_enable ;
; sprite_engine:u_sprite_engine|sat_y[14][7]                      ; Stuck at GND due to stuck port clock_enable ;
; sprite_engine:u_sprite_engine|sat_y[14][6]                      ; Stuck at GND due to stuck port clock_enable ;
; sprite_engine:u_sprite_engine|sat_y[14][5]                      ; Stuck at GND due to stuck port clock_enable ;
; sprite_engine:u_sprite_engine|sat_y[14][4]                      ; Stuck at GND due to stuck port clock_enable ;
; sprite_engine:u_sprite_engine|sat_y[14][3]                      ; Stuck at GND due to stuck port clock_enable ;
; sprite_engine:u_sprite_engine|sat_y[14][2]                      ; Stuck at GND due to stuck port clock_enable ;
; sprite_engine:u_sprite_engine|sat_y[14][1]                      ; Stuck at GND due to stuck port clock_enable ;
; sprite_engine:u_sprite_engine|sat_y[14][0]                      ; Stuck at GND due to stuck port clock_enable ;
; sprite_engine:u_sprite_engine|sat_y[15][7]                      ; Stuck at GND due to stuck port clock_enable ;
; sprite_engine:u_sprite_engine|sat_y[15][6]                      ; Stuck at GND due to stuck port clock_enable ;
; sprite_engine:u_sprite_engine|sat_y[15][5]                      ; Stuck at GND due to stuck port clock_enable ;
; sprite_engine:u_sprite_engine|sat_y[15][4]                      ; Stuck at GND due to stuck port clock_enable ;
; sprite_engine:u_sprite_engine|sat_y[15][3]                      ; Stuck at GND due to stuck port clock_enable ;
; sprite_engine:u_sprite_engine|sat_y[15][2]                      ; Stuck at GND due to stuck port clock_enable ;
; sprite_engine:u_sprite_engine|sat_y[15][1]                      ; Stuck at GND due to stuck port clock_enable ;
; sprite_engine:u_sprite_engine|sat_y[15][0]                      ; Stuck at GND due to stuck port clock_enable ;
; sprite_engine:u_sprite_engine|sat_y[16][7]                      ; Stuck at GND due to stuck port clock_enable ;
; sprite_engine:u_sprite_engine|sat_y[16][6]                      ; Stuck at GND due to stuck port clock_enable ;
; sprite_engine:u_sprite_engine|sat_y[16][5]                      ; Stuck at GND due to stuck port clock_enable ;
; sprite_engine:u_sprite_engine|sat_y[16][4]                      ; Stuck at GND due to stuck port clock_enable ;
; sprite_engine:u_sprite_engine|sat_y[16][3]                      ; Stuck at GND due to stuck port clock_enable ;
; sprite_engine:u_sprite_engine|sat_y[16][2]                      ; Stuck at GND due to stuck port clock_enable ;
; sprite_engine:u_sprite_engine|sat_y[16][1]                      ; Stuck at GND due to stuck port clock_enable ;
; sprite_engine:u_sprite_engine|sat_y[16][0]                      ; Stuck at GND due to stuck port clock_enable ;
; sprite_engine:u_sprite_engine|sat_y[17][7]                      ; Stuck at GND due to stuck port clock_enable ;
; sprite_engine:u_sprite_engine|sat_y[17][6]                      ; Stuck at GND due to stuck port clock_enable ;
; sprite_engine:u_sprite_engine|sat_y[17][5]                      ; Stuck at GND due to stuck port clock_enable ;
; sprite_engine:u_sprite_engine|sat_y[17][4]                      ; Stuck at GND due to stuck port clock_enable ;
; sprite_engine:u_sprite_engine|sat_y[17][3]                      ; Stuck at GND due to stuck port clock_enable ;
; sprite_engine:u_sprite_engine|sat_y[17][2]                      ; Stuck at GND due to stuck port clock_enable ;
; sprite_engine:u_sprite_engine|sat_y[17][1]                      ; Stuck at GND due to stuck port clock_enable ;
; sprite_engine:u_sprite_engine|sat_y[17][0]                      ; Stuck at GND due to stuck port clock_enable ;
; sprite_engine:u_sprite_engine|sat_y[18][7]                      ; Stuck at GND due to stuck port clock_enable ;
; sprite_engine:u_sprite_engine|sat_y[18][6]                      ; Stuck at GND due to stuck port clock_enable ;
; sprite_engine:u_sprite_engine|sat_y[18][5]                      ; Stuck at GND due to stuck port clock_enable ;
; sprite_engine:u_sprite_engine|sat_y[18][4]                      ; Stuck at GND due to stuck port clock_enable ;
; sprite_engine:u_sprite_engine|sat_y[18][3]                      ; Stuck at GND due to stuck port clock_enable ;
; sprite_engine:u_sprite_engine|sat_y[18][2]                      ; Stuck at GND due to stuck port clock_enable ;
; sprite_engine:u_sprite_engine|sat_y[18][1]                      ; Stuck at GND due to stuck port clock_enable ;
; sprite_engine:u_sprite_engine|sat_y[18][0]                      ; Stuck at GND due to stuck port clock_enable ;
; sprite_engine:u_sprite_engine|sat_y[19][7]                      ; Stuck at GND due to stuck port clock_enable ;
; sprite_engine:u_sprite_engine|sat_y[19][6]                      ; Stuck at GND due to stuck port clock_enable ;
; sprite_engine:u_sprite_engine|sat_y[19][5]                      ; Stuck at GND due to stuck port clock_enable ;
; sprite_engine:u_sprite_engine|sat_y[19][4]                      ; Stuck at GND due to stuck port clock_enable ;
; sprite_engine:u_sprite_engine|sat_y[19][3]                      ; Stuck at GND due to stuck port clock_enable ;
; sprite_engine:u_sprite_engine|sat_y[19][2]                      ; Stuck at GND due to stuck port clock_enable ;
; sprite_engine:u_sprite_engine|sat_y[19][1]                      ; Stuck at GND due to stuck port clock_enable ;
; sprite_engine:u_sprite_engine|sat_y[19][0]                      ; Stuck at GND due to stuck port clock_enable ;
; sprite_engine:u_sprite_engine|sat_y[20][7]                      ; Stuck at GND due to stuck port clock_enable ;
; sprite_engine:u_sprite_engine|sat_y[20][6]                      ; Stuck at GND due to stuck port clock_enable ;
; sprite_engine:u_sprite_engine|sat_y[20][5]                      ; Stuck at GND due to stuck port clock_enable ;
; sprite_engine:u_sprite_engine|sat_y[20][4]                      ; Stuck at GND due to stuck port clock_enable ;
; sprite_engine:u_sprite_engine|sat_y[20][3]                      ; Stuck at GND due to stuck port clock_enable ;
; sprite_engine:u_sprite_engine|sat_y[20][2]                      ; Stuck at GND due to stuck port clock_enable ;
; sprite_engine:u_sprite_engine|sat_y[20][1]                      ; Stuck at GND due to stuck port clock_enable ;
; sprite_engine:u_sprite_engine|sat_y[20][0]                      ; Stuck at GND due to stuck port clock_enable ;
; sprite_engine:u_sprite_engine|sat_y[21][7]                      ; Stuck at GND due to stuck port clock_enable ;
; sprite_engine:u_sprite_engine|sat_y[21][6]                      ; Stuck at GND due to stuck port clock_enable ;
; sprite_engine:u_sprite_engine|sat_y[21][5]                      ; Stuck at GND due to stuck port clock_enable ;
; sprite_engine:u_sprite_engine|sat_y[21][4]                      ; Stuck at GND due to stuck port clock_enable ;
; sprite_engine:u_sprite_engine|sat_y[21][3]                      ; Stuck at GND due to stuck port clock_enable ;
; sprite_engine:u_sprite_engine|sat_y[21][2]                      ; Stuck at GND due to stuck port clock_enable ;
; sprite_engine:u_sprite_engine|sat_y[21][1]                      ; Stuck at GND due to stuck port clock_enable ;
; sprite_engine:u_sprite_engine|sat_y[21][0]                      ; Stuck at GND due to stuck port clock_enable ;
; sprite_engine:u_sprite_engine|sat_y[22][7]                      ; Stuck at GND due to stuck port clock_enable ;
; sprite_engine:u_sprite_engine|sat_y[22][6]                      ; Stuck at GND due to stuck port clock_enable ;
; sprite_engine:u_sprite_engine|sat_y[22][5]                      ; Stuck at GND due to stuck port clock_enable ;
; sprite_engine:u_sprite_engine|sat_y[22][4]                      ; Stuck at GND due to stuck port clock_enable ;
; sprite_engine:u_sprite_engine|sat_y[22][3]                      ; Stuck at GND due to stuck port clock_enable ;
; sprite_engine:u_sprite_engine|sat_y[22][2]                      ; Stuck at GND due to stuck port clock_enable ;
; sprite_engine:u_sprite_engine|sat_y[22][1]                      ; Stuck at GND due to stuck port clock_enable ;
; sprite_engine:u_sprite_engine|sat_y[22][0]                      ; Stuck at GND due to stuck port clock_enable ;
; sprite_engine:u_sprite_engine|sat_y[23][7]                      ; Stuck at GND due to stuck port clock_enable ;
; sprite_engine:u_sprite_engine|sat_y[23][6]                      ; Stuck at GND due to stuck port clock_enable ;
; sprite_engine:u_sprite_engine|sat_y[23][5]                      ; Stuck at GND due to stuck port clock_enable ;
; sprite_engine:u_sprite_engine|sat_y[23][4]                      ; Stuck at GND due to stuck port clock_enable ;
; sprite_engine:u_sprite_engine|sat_y[23][3]                      ; Stuck at GND due to stuck port clock_enable ;
; sprite_engine:u_sprite_engine|sat_y[23][2]                      ; Stuck at GND due to stuck port clock_enable ;
; sprite_engine:u_sprite_engine|sat_y[23][1]                      ; Stuck at GND due to stuck port clock_enable ;
; sprite_engine:u_sprite_engine|sat_y[23][0]                      ; Stuck at GND due to stuck port clock_enable ;
; sprite_engine:u_sprite_engine|sat_y[24][7]                      ; Stuck at GND due to stuck port clock_enable ;
; sprite_engine:u_sprite_engine|sat_y[24][6]                      ; Stuck at GND due to stuck port clock_enable ;
; sprite_engine:u_sprite_engine|sat_y[24][5]                      ; Stuck at GND due to stuck port clock_enable ;
; sprite_engine:u_sprite_engine|sat_y[24][4]                      ; Stuck at GND due to stuck port clock_enable ;
; sprite_engine:u_sprite_engine|sat_y[24][3]                      ; Stuck at GND due to stuck port clock_enable ;
; sprite_engine:u_sprite_engine|sat_y[24][2]                      ; Stuck at GND due to stuck port clock_enable ;
; sprite_engine:u_sprite_engine|sat_y[24][1]                      ; Stuck at GND due to stuck port clock_enable ;
; sprite_engine:u_sprite_engine|sat_y[24][0]                      ; Stuck at GND due to stuck port clock_enable ;
; sprite_engine:u_sprite_engine|sat_y[25][7]                      ; Stuck at GND due to stuck port clock_enable ;
; sprite_engine:u_sprite_engine|sat_y[25][6]                      ; Stuck at GND due to stuck port clock_enable ;
; sprite_engine:u_sprite_engine|sat_y[25][5]                      ; Stuck at GND due to stuck port clock_enable ;
; sprite_engine:u_sprite_engine|sat_y[25][4]                      ; Stuck at GND due to stuck port clock_enable ;
; sprite_engine:u_sprite_engine|sat_y[25][3]                      ; Stuck at GND due to stuck port clock_enable ;
; sprite_engine:u_sprite_engine|sat_y[25][2]                      ; Stuck at GND due to stuck port clock_enable ;
; sprite_engine:u_sprite_engine|sat_y[25][1]                      ; Stuck at GND due to stuck port clock_enable ;
; sprite_engine:u_sprite_engine|sat_y[25][0]                      ; Stuck at GND due to stuck port clock_enable ;
; sprite_engine:u_sprite_engine|sat_y[26][7]                      ; Stuck at GND due to stuck port clock_enable ;
; sprite_engine:u_sprite_engine|sat_y[26][6]                      ; Stuck at GND due to stuck port clock_enable ;
; sprite_engine:u_sprite_engine|sat_y[26][5]                      ; Stuck at GND due to stuck port clock_enable ;
; sprite_engine:u_sprite_engine|sat_y[26][4]                      ; Stuck at GND due to stuck port clock_enable ;
; sprite_engine:u_sprite_engine|sat_y[26][3]                      ; Stuck at GND due to stuck port clock_enable ;
; sprite_engine:u_sprite_engine|sat_y[26][2]                      ; Stuck at GND due to stuck port clock_enable ;
; sprite_engine:u_sprite_engine|sat_y[26][1]                      ; Stuck at GND due to stuck port clock_enable ;
; sprite_engine:u_sprite_engine|sat_y[26][0]                      ; Stuck at GND due to stuck port clock_enable ;
; sprite_engine:u_sprite_engine|sat_y[27][7]                      ; Stuck at GND due to stuck port clock_enable ;
; sprite_engine:u_sprite_engine|sat_y[27][6]                      ; Stuck at GND due to stuck port clock_enable ;
; sprite_engine:u_sprite_engine|sat_y[27][5]                      ; Stuck at GND due to stuck port clock_enable ;
; sprite_engine:u_sprite_engine|sat_y[27][4]                      ; Stuck at GND due to stuck port clock_enable ;
; sprite_engine:u_sprite_engine|sat_y[27][3]                      ; Stuck at GND due to stuck port clock_enable ;
; sprite_engine:u_sprite_engine|sat_y[27][2]                      ; Stuck at GND due to stuck port clock_enable ;
; sprite_engine:u_sprite_engine|sat_y[27][1]                      ; Stuck at GND due to stuck port clock_enable ;
; sprite_engine:u_sprite_engine|sat_y[27][0]                      ; Stuck at GND due to stuck port clock_enable ;
; sprite_engine:u_sprite_engine|sat_y[28][7]                      ; Stuck at GND due to stuck port clock_enable ;
; sprite_engine:u_sprite_engine|sat_y[28][6]                      ; Stuck at GND due to stuck port clock_enable ;
; sprite_engine:u_sprite_engine|sat_y[28][5]                      ; Stuck at GND due to stuck port clock_enable ;
; sprite_engine:u_sprite_engine|sat_y[28][4]                      ; Stuck at GND due to stuck port clock_enable ;
; sprite_engine:u_sprite_engine|sat_y[28][3]                      ; Stuck at GND due to stuck port clock_enable ;
; sprite_engine:u_sprite_engine|sat_y[28][2]                      ; Stuck at GND due to stuck port clock_enable ;
; sprite_engine:u_sprite_engine|sat_y[28][1]                      ; Stuck at GND due to stuck port clock_enable ;
; sprite_engine:u_sprite_engine|sat_y[28][0]                      ; Stuck at GND due to stuck port clock_enable ;
; sprite_engine:u_sprite_engine|sat_y[29][7]                      ; Stuck at GND due to stuck port clock_enable ;
; sprite_engine:u_sprite_engine|sat_y[29][6]                      ; Stuck at GND due to stuck port clock_enable ;
; sprite_engine:u_sprite_engine|sat_y[29][5]                      ; Stuck at GND due to stuck port clock_enable ;
; sprite_engine:u_sprite_engine|sat_y[29][4]                      ; Stuck at GND due to stuck port clock_enable ;
; sprite_engine:u_sprite_engine|sat_y[29][3]                      ; Stuck at GND due to stuck port clock_enable ;
; sprite_engine:u_sprite_engine|sat_y[29][2]                      ; Stuck at GND due to stuck port clock_enable ;
; sprite_engine:u_sprite_engine|sat_y[29][1]                      ; Stuck at GND due to stuck port clock_enable ;
; sprite_engine:u_sprite_engine|sat_y[29][0]                      ; Stuck at GND due to stuck port clock_enable ;
; sprite_engine:u_sprite_engine|sat_y[30][7]                      ; Stuck at GND due to stuck port clock_enable ;
; sprite_engine:u_sprite_engine|sat_y[30][6]                      ; Stuck at GND due to stuck port clock_enable ;
; sprite_engine:u_sprite_engine|sat_y[30][5]                      ; Stuck at GND due to stuck port clock_enable ;
; sprite_engine:u_sprite_engine|sat_y[30][4]                      ; Stuck at GND due to stuck port clock_enable ;
; sprite_engine:u_sprite_engine|sat_y[30][3]                      ; Stuck at GND due to stuck port clock_enable ;
; sprite_engine:u_sprite_engine|sat_y[30][2]                      ; Stuck at GND due to stuck port clock_enable ;
; sprite_engine:u_sprite_engine|sat_y[30][1]                      ; Stuck at GND due to stuck port clock_enable ;
; sprite_engine:u_sprite_engine|sat_y[30][0]                      ; Stuck at GND due to stuck port clock_enable ;
; sprite_engine:u_sprite_engine|sat_y[31][7]                      ; Stuck at GND due to stuck port clock_enable ;
; sprite_engine:u_sprite_engine|sat_y[31][6]                      ; Stuck at GND due to stuck port clock_enable ;
; sprite_engine:u_sprite_engine|sat_y[31][5]                      ; Stuck at GND due to stuck port clock_enable ;
; sprite_engine:u_sprite_engine|sat_y[31][4]                      ; Stuck at GND due to stuck port clock_enable ;
; sprite_engine:u_sprite_engine|sat_y[31][3]                      ; Stuck at GND due to stuck port clock_enable ;
; sprite_engine:u_sprite_engine|sat_y[31][2]                      ; Stuck at GND due to stuck port clock_enable ;
; sprite_engine:u_sprite_engine|sat_y[31][1]                      ; Stuck at GND due to stuck port clock_enable ;
; sprite_engine:u_sprite_engine|sat_y[31][0]                      ; Stuck at GND due to stuck port clock_enable ;
; sprite_engine:u_sprite_engine|sat_tile[1][6]                    ; Stuck at GND due to stuck port clock_enable ;
; sprite_engine:u_sprite_engine|sat_tile[1][3]                    ; Stuck at GND due to stuck port clock_enable ;
; sprite_engine:u_sprite_engine|sat_tile[1][2]                    ; Stuck at GND due to stuck port clock_enable ;
; sprite_engine:u_sprite_engine|sat_tile[1][1]                    ; Stuck at GND due to stuck port clock_enable ;
; sprite_engine:u_sprite_engine|sat_tile[1][0]                    ; Stuck at GND due to stuck port clock_enable ;
; sprite_engine:u_sprite_engine|sat_tile[2][6]                    ; Stuck at GND due to stuck port clock_enable ;
; sprite_engine:u_sprite_engine|sat_tile[2][3]                    ; Stuck at GND due to stuck port clock_enable ;
; sprite_engine:u_sprite_engine|sat_tile[2][2]                    ; Stuck at GND due to stuck port clock_enable ;
; sprite_engine:u_sprite_engine|sat_tile[2][1]                    ; Stuck at GND due to stuck port clock_enable ;
; sprite_engine:u_sprite_engine|sat_tile[2][0]                    ; Stuck at GND due to stuck port clock_enable ;
; sprite_engine:u_sprite_engine|sat_tile[3][6]                    ; Stuck at GND due to stuck port clock_enable ;
; sprite_engine:u_sprite_engine|sat_tile[3][3]                    ; Stuck at GND due to stuck port clock_enable ;
; sprite_engine:u_sprite_engine|sat_tile[3][2]                    ; Stuck at GND due to stuck port clock_enable ;
; sprite_engine:u_sprite_engine|sat_tile[3][1]                    ; Stuck at GND due to stuck port clock_enable ;
; sprite_engine:u_sprite_engine|sat_tile[3][0]                    ; Stuck at GND due to stuck port clock_enable ;
; sprite_engine:u_sprite_engine|sat_tile[4][6]                    ; Stuck at GND due to stuck port clock_enable ;
; sprite_engine:u_sprite_engine|sat_tile[4][3]                    ; Stuck at GND due to stuck port clock_enable ;
; sprite_engine:u_sprite_engine|sat_tile[4][2]                    ; Stuck at GND due to stuck port clock_enable ;
; sprite_engine:u_sprite_engine|sat_tile[4][1]                    ; Stuck at GND due to stuck port clock_enable ;
; sprite_engine:u_sprite_engine|sat_tile[4][0]                    ; Stuck at GND due to stuck port clock_enable ;
; sprite_engine:u_sprite_engine|sat_tile[5][6]                    ; Stuck at GND due to stuck port clock_enable ;
; sprite_engine:u_sprite_engine|sat_tile[5][3]                    ; Stuck at GND due to stuck port clock_enable ;
; sprite_engine:u_sprite_engine|sat_tile[5][2]                    ; Stuck at GND due to stuck port clock_enable ;
; sprite_engine:u_sprite_engine|sat_tile[5][1]                    ; Stuck at GND due to stuck port clock_enable ;
; sprite_engine:u_sprite_engine|sat_tile[5][0]                    ; Stuck at GND due to stuck port clock_enable ;
; sprite_engine:u_sprite_engine|sat_tile[6][6]                    ; Stuck at GND due to stuck port clock_enable ;
; sprite_engine:u_sprite_engine|sat_tile[6][3]                    ; Stuck at GND due to stuck port clock_enable ;
; sprite_engine:u_sprite_engine|sat_tile[6][2]                    ; Stuck at GND due to stuck port clock_enable ;
; sprite_engine:u_sprite_engine|sat_tile[6][1]                    ; Stuck at GND due to stuck port clock_enable ;
; sprite_engine:u_sprite_engine|sat_tile[6][0]                    ; Stuck at GND due to stuck port clock_enable ;
; sprite_engine:u_sprite_engine|sat_tile[7][6]                    ; Stuck at GND due to stuck port clock_enable ;
; sprite_engine:u_sprite_engine|sat_tile[7][3]                    ; Stuck at GND due to stuck port clock_enable ;
; sprite_engine:u_sprite_engine|sat_tile[7][2]                    ; Stuck at GND due to stuck port clock_enable ;
; sprite_engine:u_sprite_engine|sat_tile[7][1]                    ; Stuck at GND due to stuck port clock_enable ;
; sprite_engine:u_sprite_engine|sat_tile[7][0]                    ; Stuck at GND due to stuck port clock_enable ;
; sprite_engine:u_sprite_engine|sat_tile[8][6]                    ; Stuck at GND due to stuck port clock_enable ;
; sprite_engine:u_sprite_engine|sat_tile[8][3]                    ; Stuck at GND due to stuck port clock_enable ;
; sprite_engine:u_sprite_engine|sat_tile[8][2]                    ; Stuck at GND due to stuck port clock_enable ;
; sprite_engine:u_sprite_engine|sat_tile[8][1]                    ; Stuck at GND due to stuck port clock_enable ;
; sprite_engine:u_sprite_engine|sat_tile[8][0]                    ; Stuck at GND due to stuck port clock_enable ;
; sprite_engine:u_sprite_engine|sat_tile[9][6]                    ; Stuck at GND due to stuck port clock_enable ;
; sprite_engine:u_sprite_engine|sat_tile[9][3]                    ; Stuck at GND due to stuck port clock_enable ;
; sprite_engine:u_sprite_engine|sat_tile[9][2]                    ; Stuck at GND due to stuck port clock_enable ;
; sprite_engine:u_sprite_engine|sat_tile[9][1]                    ; Stuck at GND due to stuck port clock_enable ;
; sprite_engine:u_sprite_engine|sat_tile[9][0]                    ; Stuck at GND due to stuck port clock_enable ;
; sprite_engine:u_sprite_engine|sat_tile[10][6]                   ; Stuck at GND due to stuck port clock_enable ;
; sprite_engine:u_sprite_engine|sat_tile[10][3]                   ; Stuck at GND due to stuck port clock_enable ;
; sprite_engine:u_sprite_engine|sat_tile[10][2]                   ; Stuck at GND due to stuck port clock_enable ;
; sprite_engine:u_sprite_engine|sat_tile[10][1]                   ; Stuck at GND due to stuck port clock_enable ;
; sprite_engine:u_sprite_engine|sat_tile[10][0]                   ; Stuck at GND due to stuck port clock_enable ;
; sprite_engine:u_sprite_engine|sat_tile[11][6]                   ; Stuck at GND due to stuck port clock_enable ;
; sprite_engine:u_sprite_engine|sat_tile[11][3]                   ; Stuck at GND due to stuck port clock_enable ;
; sprite_engine:u_sprite_engine|sat_tile[11][2]                   ; Stuck at GND due to stuck port clock_enable ;
; sprite_engine:u_sprite_engine|sat_tile[11][1]                   ; Stuck at GND due to stuck port clock_enable ;
; sprite_engine:u_sprite_engine|sat_tile[11][0]                   ; Stuck at GND due to stuck port clock_enable ;
; sprite_engine:u_sprite_engine|sat_tile[12][6]                   ; Stuck at GND due to stuck port clock_enable ;
; sprite_engine:u_sprite_engine|sat_tile[12][3]                   ; Stuck at GND due to stuck port clock_enable ;
; sprite_engine:u_sprite_engine|sat_tile[12][2]                   ; Stuck at GND due to stuck port clock_enable ;
; sprite_engine:u_sprite_engine|sat_tile[12][1]                   ; Stuck at GND due to stuck port clock_enable ;
; sprite_engine:u_sprite_engine|sat_tile[12][0]                   ; Stuck at GND due to stuck port clock_enable ;
; sprite_engine:u_sprite_engine|sat_tile[13][6]                   ; Stuck at GND due to stuck port clock_enable ;
; sprite_engine:u_sprite_engine|sat_tile[13][3]                   ; Stuck at GND due to stuck port clock_enable ;
; sprite_engine:u_sprite_engine|sat_tile[13][2]                   ; Stuck at GND due to stuck port clock_enable ;
; sprite_engine:u_sprite_engine|sat_tile[13][1]                   ; Stuck at GND due to stuck port clock_enable ;
; sprite_engine:u_sprite_engine|sat_tile[13][0]                   ; Stuck at GND due to stuck port clock_enable ;
; sprite_engine:u_sprite_engine|sat_tile[14][6]                   ; Stuck at GND due to stuck port clock_enable ;
; sprite_engine:u_sprite_engine|sat_tile[14][3]                   ; Stuck at GND due to stuck port clock_enable ;
; sprite_engine:u_sprite_engine|sat_tile[14][2]                   ; Stuck at GND due to stuck port clock_enable ;
; sprite_engine:u_sprite_engine|sat_tile[14][1]                   ; Stuck at GND due to stuck port clock_enable ;
; sprite_engine:u_sprite_engine|sat_tile[14][0]                   ; Stuck at GND due to stuck port clock_enable ;
; sprite_engine:u_sprite_engine|sat_tile[15][6]                   ; Stuck at GND due to stuck port clock_enable ;
; sprite_engine:u_sprite_engine|sat_tile[15][3]                   ; Stuck at GND due to stuck port clock_enable ;
; sprite_engine:u_sprite_engine|sat_tile[15][2]                   ; Stuck at GND due to stuck port clock_enable ;
; sprite_engine:u_sprite_engine|sat_tile[15][1]                   ; Stuck at GND due to stuck port clock_enable ;
; sprite_engine:u_sprite_engine|sat_tile[15][0]                   ; Stuck at GND due to stuck port clock_enable ;
; sprite_engine:u_sprite_engine|sat_tile[16][6]                   ; Stuck at GND due to stuck port clock_enable ;
; sprite_engine:u_sprite_engine|sat_tile[16][3]                   ; Stuck at GND due to stuck port clock_enable ;
; sprite_engine:u_sprite_engine|sat_tile[16][2]                   ; Stuck at GND due to stuck port clock_enable ;
; sprite_engine:u_sprite_engine|sat_tile[16][1]                   ; Stuck at GND due to stuck port clock_enable ;
; sprite_engine:u_sprite_engine|sat_tile[16][0]                   ; Stuck at GND due to stuck port clock_enable ;
; sprite_engine:u_sprite_engine|sat_tile[17][6]                   ; Stuck at GND due to stuck port clock_enable ;
; sprite_engine:u_sprite_engine|sat_tile[17][3]                   ; Stuck at GND due to stuck port clock_enable ;
; sprite_engine:u_sprite_engine|sat_tile[17][2]                   ; Stuck at GND due to stuck port clock_enable ;
; sprite_engine:u_sprite_engine|sat_tile[17][1]                   ; Stuck at GND due to stuck port clock_enable ;
; sprite_engine:u_sprite_engine|sat_tile[17][0]                   ; Stuck at GND due to stuck port clock_enable ;
; sprite_engine:u_sprite_engine|sat_tile[18][6]                   ; Stuck at GND due to stuck port clock_enable ;
; sprite_engine:u_sprite_engine|sat_tile[18][3]                   ; Stuck at GND due to stuck port clock_enable ;
; sprite_engine:u_sprite_engine|sat_tile[18][2]                   ; Stuck at GND due to stuck port clock_enable ;
; sprite_engine:u_sprite_engine|sat_tile[18][1]                   ; Stuck at GND due to stuck port clock_enable ;
; sprite_engine:u_sprite_engine|sat_tile[18][0]                   ; Stuck at GND due to stuck port clock_enable ;
; sprite_engine:u_sprite_engine|sat_tile[19][6]                   ; Stuck at GND due to stuck port clock_enable ;
; sprite_engine:u_sprite_engine|sat_tile[19][3]                   ; Stuck at GND due to stuck port clock_enable ;
; sprite_engine:u_sprite_engine|sat_tile[19][2]                   ; Stuck at GND due to stuck port clock_enable ;
; sprite_engine:u_sprite_engine|sat_tile[19][1]                   ; Stuck at GND due to stuck port clock_enable ;
; sprite_engine:u_sprite_engine|sat_tile[19][0]                   ; Stuck at GND due to stuck port clock_enable ;
; sprite_engine:u_sprite_engine|sat_tile[20][6]                   ; Stuck at GND due to stuck port clock_enable ;
; sprite_engine:u_sprite_engine|sat_tile[20][3]                   ; Stuck at GND due to stuck port clock_enable ;
; sprite_engine:u_sprite_engine|sat_tile[20][2]                   ; Stuck at GND due to stuck port clock_enable ;
; sprite_engine:u_sprite_engine|sat_tile[20][1]                   ; Stuck at GND due to stuck port clock_enable ;
; sprite_engine:u_sprite_engine|sat_tile[20][0]                   ; Stuck at GND due to stuck port clock_enable ;
; sprite_engine:u_sprite_engine|sat_tile[21][6]                   ; Stuck at GND due to stuck port clock_enable ;
; sprite_engine:u_sprite_engine|sat_tile[21][3]                   ; Stuck at GND due to stuck port clock_enable ;
; sprite_engine:u_sprite_engine|sat_tile[21][2]                   ; Stuck at GND due to stuck port clock_enable ;
; sprite_engine:u_sprite_engine|sat_tile[21][1]                   ; Stuck at GND due to stuck port clock_enable ;
; sprite_engine:u_sprite_engine|sat_tile[21][0]                   ; Stuck at GND due to stuck port clock_enable ;
; sprite_engine:u_sprite_engine|sat_tile[22][6]                   ; Stuck at GND due to stuck port clock_enable ;
; sprite_engine:u_sprite_engine|sat_tile[22][3]                   ; Stuck at GND due to stuck port clock_enable ;
; sprite_engine:u_sprite_engine|sat_tile[22][2]                   ; Stuck at GND due to stuck port clock_enable ;
; sprite_engine:u_sprite_engine|sat_tile[22][1]                   ; Stuck at GND due to stuck port clock_enable ;
; sprite_engine:u_sprite_engine|sat_tile[22][0]                   ; Stuck at GND due to stuck port clock_enable ;
; sprite_engine:u_sprite_engine|sat_tile[23][6]                   ; Stuck at GND due to stuck port clock_enable ;
; sprite_engine:u_sprite_engine|sat_tile[23][3]                   ; Stuck at GND due to stuck port clock_enable ;
; sprite_engine:u_sprite_engine|sat_tile[23][2]                   ; Stuck at GND due to stuck port clock_enable ;
; sprite_engine:u_sprite_engine|sat_tile[23][1]                   ; Stuck at GND due to stuck port clock_enable ;
; sprite_engine:u_sprite_engine|sat_tile[23][0]                   ; Stuck at GND due to stuck port clock_enable ;
; sprite_engine:u_sprite_engine|sat_tile[24][6]                   ; Stuck at GND due to stuck port clock_enable ;
; sprite_engine:u_sprite_engine|sat_tile[24][3]                   ; Stuck at GND due to stuck port clock_enable ;
; sprite_engine:u_sprite_engine|sat_tile[24][2]                   ; Stuck at GND due to stuck port clock_enable ;
; sprite_engine:u_sprite_engine|sat_tile[24][1]                   ; Stuck at GND due to stuck port clock_enable ;
; sprite_engine:u_sprite_engine|sat_tile[24][0]                   ; Stuck at GND due to stuck port clock_enable ;
; sprite_engine:u_sprite_engine|sat_tile[25][6]                   ; Stuck at GND due to stuck port clock_enable ;
; sprite_engine:u_sprite_engine|sat_tile[25][3]                   ; Stuck at GND due to stuck port clock_enable ;
; sprite_engine:u_sprite_engine|sat_tile[25][2]                   ; Stuck at GND due to stuck port clock_enable ;
; sprite_engine:u_sprite_engine|sat_tile[25][1]                   ; Stuck at GND due to stuck port clock_enable ;
; sprite_engine:u_sprite_engine|sat_tile[25][0]                   ; Stuck at GND due to stuck port clock_enable ;
; sprite_engine:u_sprite_engine|sat_tile[26][6]                   ; Stuck at GND due to stuck port clock_enable ;
; sprite_engine:u_sprite_engine|sat_tile[26][3]                   ; Stuck at GND due to stuck port clock_enable ;
; sprite_engine:u_sprite_engine|sat_tile[26][2]                   ; Stuck at GND due to stuck port clock_enable ;
; sprite_engine:u_sprite_engine|sat_tile[26][1]                   ; Stuck at GND due to stuck port clock_enable ;
; sprite_engine:u_sprite_engine|sat_tile[26][0]                   ; Stuck at GND due to stuck port clock_enable ;
; sprite_engine:u_sprite_engine|sat_tile[27][6]                   ; Stuck at GND due to stuck port clock_enable ;
; sprite_engine:u_sprite_engine|sat_tile[27][3]                   ; Stuck at GND due to stuck port clock_enable ;
; sprite_engine:u_sprite_engine|sat_tile[27][2]                   ; Stuck at GND due to stuck port clock_enable ;
; sprite_engine:u_sprite_engine|sat_tile[27][1]                   ; Stuck at GND due to stuck port clock_enable ;
; sprite_engine:u_sprite_engine|sat_tile[27][0]                   ; Stuck at GND due to stuck port clock_enable ;
; sprite_engine:u_sprite_engine|sat_tile[28][6]                   ; Stuck at GND due to stuck port clock_enable ;
; sprite_engine:u_sprite_engine|sat_tile[28][3]                   ; Stuck at GND due to stuck port clock_enable ;
; sprite_engine:u_sprite_engine|sat_tile[28][2]                   ; Stuck at GND due to stuck port clock_enable ;
; sprite_engine:u_sprite_engine|sat_tile[28][1]                   ; Stuck at GND due to stuck port clock_enable ;
; sprite_engine:u_sprite_engine|sat_tile[28][0]                   ; Stuck at GND due to stuck port clock_enable ;
; sprite_engine:u_sprite_engine|sat_tile[29][6]                   ; Stuck at GND due to stuck port clock_enable ;
; sprite_engine:u_sprite_engine|sat_tile[29][3]                   ; Stuck at GND due to stuck port clock_enable ;
; sprite_engine:u_sprite_engine|sat_tile[29][2]                   ; Stuck at GND due to stuck port clock_enable ;
; sprite_engine:u_sprite_engine|sat_tile[29][1]                   ; Stuck at GND due to stuck port clock_enable ;
; sprite_engine:u_sprite_engine|sat_tile[29][0]                   ; Stuck at GND due to stuck port clock_enable ;
; sprite_engine:u_sprite_engine|sat_tile[30][6]                   ; Stuck at GND due to stuck port clock_enable ;
; sprite_engine:u_sprite_engine|sat_tile[30][3]                   ; Stuck at GND due to stuck port clock_enable ;
; sprite_engine:u_sprite_engine|sat_tile[30][2]                   ; Stuck at GND due to stuck port clock_enable ;
; sprite_engine:u_sprite_engine|sat_tile[30][1]                   ; Stuck at GND due to stuck port clock_enable ;
; sprite_engine:u_sprite_engine|sat_tile[30][0]                   ; Stuck at GND due to stuck port clock_enable ;
; sprite_engine:u_sprite_engine|sat_tile[31][6]                   ; Stuck at GND due to stuck port clock_enable ;
; sprite_engine:u_sprite_engine|sat_tile[31][3]                   ; Stuck at GND due to stuck port clock_enable ;
; sprite_engine:u_sprite_engine|sat_tile[31][2]                   ; Stuck at GND due to stuck port clock_enable ;
; sprite_engine:u_sprite_engine|sat_tile[31][1]                   ; Stuck at GND due to stuck port clock_enable ;
; sprite_engine:u_sprite_engine|sat_tile[31][0]                   ; Stuck at GND due to stuck port clock_enable ;
; sprite_engine:u_sprite_engine|sat_fh[1..31]                     ; Stuck at GND due to stuck port clock_enable ;
; sprite_engine:u_sprite_engine|sat_fv[1..31]                     ; Stuck at GND due to stuck port clock_enable ;
; sprite_engine:u_sprite_engine|sat_prio[1..31]                   ; Stuck at GND due to stuck port clock_enable ;
; sprite_engine:u_sprite_engine|sat_pal[1][1]                     ; Stuck at GND due to stuck port clock_enable ;
; sprite_engine:u_sprite_engine|sat_pal[1][0]                     ; Stuck at GND due to stuck port clock_enable ;
; sprite_engine:u_sprite_engine|sat_pal[2][1]                     ; Stuck at GND due to stuck port clock_enable ;
; sprite_engine:u_sprite_engine|sat_pal[2][0]                     ; Stuck at GND due to stuck port clock_enable ;
; sprite_engine:u_sprite_engine|sat_pal[3][1]                     ; Stuck at GND due to stuck port clock_enable ;
; sprite_engine:u_sprite_engine|sat_pal[3][0]                     ; Stuck at GND due to stuck port clock_enable ;
; sprite_engine:u_sprite_engine|sat_pal[4][1]                     ; Stuck at GND due to stuck port clock_enable ;
; sprite_engine:u_sprite_engine|sat_pal[4][0]                     ; Stuck at GND due to stuck port clock_enable ;
; sprite_engine:u_sprite_engine|sat_pal[5][1]                     ; Stuck at GND due to stuck port clock_enable ;
; sprite_engine:u_sprite_engine|sat_pal[5][0]                     ; Stuck at GND due to stuck port clock_enable ;
; sprite_engine:u_sprite_engine|sat_pal[6][1]                     ; Stuck at GND due to stuck port clock_enable ;
; sprite_engine:u_sprite_engine|sat_pal[6][0]                     ; Stuck at GND due to stuck port clock_enable ;
; sprite_engine:u_sprite_engine|sat_pal[7][1]                     ; Stuck at GND due to stuck port clock_enable ;
; sprite_engine:u_sprite_engine|sat_pal[7][0]                     ; Stuck at GND due to stuck port clock_enable ;
; sprite_engine:u_sprite_engine|sat_pal[8][1]                     ; Stuck at GND due to stuck port clock_enable ;
; sprite_engine:u_sprite_engine|sat_pal[8][0]                     ; Stuck at GND due to stuck port clock_enable ;
; sprite_engine:u_sprite_engine|sat_pal[9][1]                     ; Stuck at GND due to stuck port clock_enable ;
; sprite_engine:u_sprite_engine|sat_pal[9][0]                     ; Stuck at GND due to stuck port clock_enable ;
; sprite_engine:u_sprite_engine|sat_pal[10][1]                    ; Stuck at GND due to stuck port clock_enable ;
; sprite_engine:u_sprite_engine|sat_pal[10][0]                    ; Stuck at GND due to stuck port clock_enable ;
; sprite_engine:u_sprite_engine|sat_pal[11][1]                    ; Stuck at GND due to stuck port clock_enable ;
; sprite_engine:u_sprite_engine|sat_pal[11][0]                    ; Stuck at GND due to stuck port clock_enable ;
; sprite_engine:u_sprite_engine|sat_pal[12][1]                    ; Stuck at GND due to stuck port clock_enable ;
; sprite_engine:u_sprite_engine|sat_pal[12][0]                    ; Stuck at GND due to stuck port clock_enable ;
; sprite_engine:u_sprite_engine|sat_pal[13][1]                    ; Stuck at GND due to stuck port clock_enable ;
; sprite_engine:u_sprite_engine|sat_pal[13][0]                    ; Stuck at GND due to stuck port clock_enable ;
; sprite_engine:u_sprite_engine|sat_pal[14][1]                    ; Stuck at GND due to stuck port clock_enable ;
; sprite_engine:u_sprite_engine|sat_pal[14][0]                    ; Stuck at GND due to stuck port clock_enable ;
; sprite_engine:u_sprite_engine|sat_pal[15][1]                    ; Stuck at GND due to stuck port clock_enable ;
; sprite_engine:u_sprite_engine|sat_pal[15][0]                    ; Stuck at GND due to stuck port clock_enable ;
; sprite_engine:u_sprite_engine|sat_pal[16][1]                    ; Stuck at GND due to stuck port clock_enable ;
; sprite_engine:u_sprite_engine|sat_pal[16][0]                    ; Stuck at GND due to stuck port clock_enable ;
; sprite_engine:u_sprite_engine|sat_pal[17][1]                    ; Stuck at GND due to stuck port clock_enable ;
; sprite_engine:u_sprite_engine|sat_pal[17][0]                    ; Stuck at GND due to stuck port clock_enable ;
; sprite_engine:u_sprite_engine|sat_pal[18][1]                    ; Stuck at GND due to stuck port clock_enable ;
; sprite_engine:u_sprite_engine|sat_pal[18][0]                    ; Stuck at GND due to stuck port clock_enable ;
; sprite_engine:u_sprite_engine|sat_pal[19][1]                    ; Stuck at GND due to stuck port clock_enable ;
; sprite_engine:u_sprite_engine|sat_pal[19][0]                    ; Stuck at GND due to stuck port clock_enable ;
; sprite_engine:u_sprite_engine|sat_pal[20][1]                    ; Stuck at GND due to stuck port clock_enable ;
; sprite_engine:u_sprite_engine|sat_pal[20][0]                    ; Stuck at GND due to stuck port clock_enable ;
; sprite_engine:u_sprite_engine|sat_pal[21][1]                    ; Stuck at GND due to stuck port clock_enable ;
; sprite_engine:u_sprite_engine|sat_pal[21][0]                    ; Stuck at GND due to stuck port clock_enable ;
; sprite_engine:u_sprite_engine|sat_pal[22][1]                    ; Stuck at GND due to stuck port clock_enable ;
; sprite_engine:u_sprite_engine|sat_pal[22][0]                    ; Stuck at GND due to stuck port clock_enable ;
; sprite_engine:u_sprite_engine|sat_pal[23][1]                    ; Stuck at GND due to stuck port clock_enable ;
; sprite_engine:u_sprite_engine|sat_pal[23][0]                    ; Stuck at GND due to stuck port clock_enable ;
; sprite_engine:u_sprite_engine|sat_pal[24][1]                    ; Stuck at GND due to stuck port clock_enable ;
; sprite_engine:u_sprite_engine|sat_pal[24][0]                    ; Stuck at GND due to stuck port clock_enable ;
; sprite_engine:u_sprite_engine|sat_pal[25][1]                    ; Stuck at GND due to stuck port clock_enable ;
; sprite_engine:u_sprite_engine|sat_pal[25][0]                    ; Stuck at GND due to stuck port clock_enable ;
; sprite_engine:u_sprite_engine|sat_pal[26][1]                    ; Stuck at GND due to stuck port clock_enable ;
; sprite_engine:u_sprite_engine|sat_pal[26][0]                    ; Stuck at GND due to stuck port clock_enable ;
; sprite_engine:u_sprite_engine|sat_pal[27][1]                    ; Stuck at GND due to stuck port clock_enable ;
; sprite_engine:u_sprite_engine|sat_pal[27][0]                    ; Stuck at GND due to stuck port clock_enable ;
; sprite_engine:u_sprite_engine|sat_pal[28][1]                    ; Stuck at GND due to stuck port clock_enable ;
; sprite_engine:u_sprite_engine|sat_pal[28][0]                    ; Stuck at GND due to stuck port clock_enable ;
; sprite_engine:u_sprite_engine|sat_pal[29][1]                    ; Stuck at GND due to stuck port clock_enable ;
; sprite_engine:u_sprite_engine|sat_pal[29][0]                    ; Stuck at GND due to stuck port clock_enable ;
; sprite_engine:u_sprite_engine|sat_pal[30][1]                    ; Stuck at GND due to stuck port clock_enable ;
; sprite_engine:u_sprite_engine|sat_pal[30][0]                    ; Stuck at GND due to stuck port clock_enable ;
; sprite_engine:u_sprite_engine|sat_pal[31][1]                    ; Stuck at GND due to stuck port clock_enable ;
; sprite_engine:u_sprite_engine|sat_pal[31][0]                    ; Lost fanout                                 ;
; polygon_rasterizer:u_rasterizer|fb_color[0..2]                  ; Stuck at GND due to stuck port data_in      ;
; board_input_controller:u_input_ctrl|state~8                     ; Lost fanout                                 ;
; board_input_controller:u_input_ctrl|state~9                     ; Lost fanout                                 ;
; bg_engine:u_bg_engine|tilemap_ram:u_map_buffer|map_ram~8        ; Stuck at GND due to stuck port data_in      ;
; bg_engine:u_bg_engine|tilemap_ram:u_map_buffer|map_ram~16       ; Stuck at GND due to stuck port data_in      ;
; bg_engine:u_bg_engine|tilemap_ram:u_map_buffer|map_ram~24       ; Stuck at GND due to stuck port data_in      ;
; bg_engine:u_bg_engine|tilemap_ram:u_map_buffer|map_ram~32       ; Stuck at GND due to stuck port data_in      ;
; bg_engine:u_bg_engine|tilemap_ram:u_map_buffer|map_ram~40       ; Stuck at GND due to stuck port data_in      ;
; bg_engine:u_bg_engine|tilemap_ram:u_map_buffer|map_ram~48       ; Stuck at GND due to stuck port data_in      ;
; bg_engine:u_bg_engine|tilemap_ram:u_map_buffer|map_ram~56       ; Stuck at GND due to stuck port data_in      ;
; bg_engine:u_bg_engine|tilemap_ram:u_map_buffer|map_ram~64       ; Stuck at GND due to stuck port data_in      ;
; bg_engine:u_bg_engine|tilemap_ram:u_map_buffer|map_ram~72       ; Stuck at GND due to stuck port data_in      ;
; bg_engine:u_bg_engine|tilemap_ram:u_map_buffer|map_ram~80       ; Stuck at GND due to stuck port data_in      ;
; bg_engine:u_bg_engine|tilemap_ram:u_map_buffer|map_ram~88       ; Stuck at GND due to stuck port data_in      ;
; bg_engine:u_bg_engine|tilemap_ram:u_map_buffer|map_ram~96       ; Stuck at GND due to stuck port data_in      ;
; bg_engine:u_bg_engine|tilemap_ram:u_map_buffer|map_ram~104      ; Stuck at GND due to stuck port data_in      ;
; bg_engine:u_bg_engine|tilemap_ram:u_map_buffer|map_ram~112      ; Stuck at GND due to stuck port data_in      ;
; bg_engine:u_bg_engine|tilemap_ram:u_map_buffer|map_ram~120      ; Stuck at GND due to stuck port data_in      ;
; bg_engine:u_bg_engine|tilemap_ram:u_map_buffer|map_ram~128      ; Stuck at GND due to stuck port data_in      ;
; bg_engine:u_bg_engine|tilemap_ram:u_map_buffer|map_ram~136      ; Stuck at GND due to stuck port data_in      ;
; bg_engine:u_bg_engine|tilemap_ram:u_map_buffer|map_ram~144      ; Stuck at GND due to stuck port data_in      ;
; bg_engine:u_bg_engine|tilemap_ram:u_map_buffer|map_ram~152      ; Stuck at GND due to stuck port data_in      ;
; bg_engine:u_bg_engine|tilemap_ram:u_map_buffer|map_ram~160      ; Stuck at GND due to stuck port data_in      ;
; bg_engine:u_bg_engine|tilemap_ram:u_map_buffer|map_ram~168      ; Stuck at GND due to stuck port data_in      ;
; bg_engine:u_bg_engine|tilemap_ram:u_map_buffer|map_ram~176      ; Stuck at GND due to stuck port data_in      ;
; bg_engine:u_bg_engine|tilemap_ram:u_map_buffer|map_ram~184      ; Stuck at GND due to stuck port data_in      ;
; bg_engine:u_bg_engine|tilemap_ram:u_map_buffer|map_ram~192      ; Stuck at GND due to stuck port data_in      ;
; bg_engine:u_bg_engine|tilemap_ram:u_map_buffer|map_ram~200      ; Stuck at GND due to stuck port data_in      ;
; bg_engine:u_bg_engine|tilemap_ram:u_map_buffer|map_ram~208      ; Stuck at GND due to stuck port data_in      ;
; bg_engine:u_bg_engine|tilemap_ram:u_map_buffer|map_ram~216      ; Stuck at GND due to stuck port data_in      ;
; bg_engine:u_bg_engine|tilemap_ram:u_map_buffer|map_ram~224      ; Stuck at GND due to stuck port data_in      ;
; bg_engine:u_bg_engine|tilemap_ram:u_map_buffer|map_ram~232      ; Stuck at GND due to stuck port data_in      ;
; bg_engine:u_bg_engine|tilemap_ram:u_map_buffer|map_ram~240      ; Stuck at GND due to stuck port data_in      ;
; bg_engine:u_bg_engine|tilemap_ram:u_map_buffer|map_ram~248      ; Stuck at GND due to stuck port data_in      ;
; bg_engine:u_bg_engine|tilemap_ram:u_map_buffer|map_ram~256      ; Stuck at GND due to stuck port data_in      ;
; bg_engine:u_bg_engine|tilemap_ram:u_map_buffer|map_ram~264      ; Stuck at GND due to stuck port data_in      ;
; bg_engine:u_bg_engine|tilemap_ram:u_map_buffer|map_ram~272      ; Stuck at GND due to stuck port data_in      ;
; bg_engine:u_bg_engine|tilemap_ram:u_map_buffer|map_ram~280      ; Stuck at GND due to stuck port data_in      ;
; bg_engine:u_bg_engine|tilemap_ram:u_map_buffer|map_ram~288      ; Stuck at GND due to stuck port data_in      ;
; bg_engine:u_bg_engine|tilemap_ram:u_map_buffer|map_ram~296      ; Stuck at GND due to stuck port data_in      ;
; bg_engine:u_bg_engine|tilemap_ram:u_map_buffer|map_ram~304      ; Stuck at GND due to stuck port data_in      ;
; bg_engine:u_bg_engine|tilemap_ram:u_map_buffer|map_ram~312      ; Stuck at GND due to stuck port data_in      ;
; bg_engine:u_bg_engine|tilemap_ram:u_map_buffer|map_ram~328      ; Stuck at GND due to stuck port data_in      ;
; bg_engine:u_bg_engine|tilemap_ram:u_map_buffer|map_ram~336      ; Stuck at GND due to stuck port data_in      ;
; bg_engine:u_bg_engine|tilemap_ram:u_map_buffer|map_ram~344      ; Stuck at GND due to stuck port data_in      ;
; bg_engine:u_bg_engine|tilemap_ram:u_map_buffer|map_ram~352      ; Stuck at GND due to stuck port data_in      ;
; bg_engine:u_bg_engine|tilemap_ram:u_map_buffer|map_ram~360      ; Stuck at GND due to stuck port data_in      ;
; bg_engine:u_bg_engine|tilemap_ram:u_map_buffer|map_ram~368      ; Stuck at GND due to stuck port data_in      ;
; bg_engine:u_bg_engine|tilemap_ram:u_map_buffer|map_ram~376      ; Stuck at GND due to stuck port data_in      ;
; bg_engine:u_bg_engine|tilemap_ram:u_map_buffer|map_ram~384      ; Stuck at GND due to stuck port data_in      ;
; bg_engine:u_bg_engine|tilemap_ram:u_map_buffer|map_ram~392      ; Stuck at GND due to stuck port data_in      ;
; bg_engine:u_bg_engine|tilemap_ram:u_map_buffer|map_ram~400      ; Stuck at GND due to stuck port data_in      ;
; bg_engine:u_bg_engine|tilemap_ram:u_map_buffer|map_ram~408      ; Stuck at GND due to stuck port data_in      ;
; bg_engine:u_bg_engine|tilemap_ram:u_map_buffer|map_ram~416      ; Stuck at GND due to stuck port data_in      ;
; bg_engine:u_bg_engine|tilemap_ram:u_map_buffer|map_ram~424      ; Stuck at GND due to stuck port data_in      ;
; bg_engine:u_bg_engine|tilemap_ram:u_map_buffer|map_ram~432      ; Stuck at GND due to stuck port data_in      ;
; bg_engine:u_bg_engine|tilemap_ram:u_map_buffer|map_ram~440      ; Stuck at GND due to stuck port data_in      ;
; bg_engine:u_bg_engine|tilemap_ram:u_map_buffer|map_ram~448      ; Stuck at GND due to stuck port data_in      ;
; bg_engine:u_bg_engine|tilemap_ram:u_map_buffer|map_ram~456      ; Stuck at GND due to stuck port data_in      ;
; bg_engine:u_bg_engine|tilemap_ram:u_map_buffer|map_ram~464      ; Stuck at GND due to stuck port data_in      ;
; bg_engine:u_bg_engine|tilemap_ram:u_map_buffer|map_ram~472      ; Stuck at GND due to stuck port data_in      ;
; bg_engine:u_bg_engine|tilemap_ram:u_map_buffer|map_ram~480      ; Stuck at GND due to stuck port data_in      ;
; bg_engine:u_bg_engine|tilemap_ram:u_map_buffer|map_ram~488      ; Stuck at GND due to stuck port data_in      ;
; bg_engine:u_bg_engine|tilemap_ram:u_map_buffer|map_ram~496      ; Stuck at GND due to stuck port data_in      ;
; bg_engine:u_bg_engine|tilemap_ram:u_map_buffer|map_ram~504      ; Stuck at GND due to stuck port data_in      ;
; bg_engine:u_bg_engine|tilemap_ram:u_map_buffer|map_ram~512      ; Stuck at GND due to stuck port data_in      ;
; bg_engine:u_bg_engine|tilemap_ram:u_map_buffer|map_ram~520      ; Stuck at GND due to stuck port data_in      ;
; bg_engine:u_bg_engine|tilemap_ram:u_map_buffer|map_ram~528      ; Stuck at GND due to stuck port data_in      ;
; bg_engine:u_bg_engine|tilemap_ram:u_map_buffer|map_ram~536      ; Stuck at GND due to stuck port data_in      ;
; bg_engine:u_bg_engine|tilemap_ram:u_map_buffer|map_ram~544      ; Stuck at GND due to stuck port data_in      ;
; bg_engine:u_bg_engine|tilemap_ram:u_map_buffer|map_ram~552      ; Stuck at GND due to stuck port data_in      ;
; bg_engine:u_bg_engine|tilemap_ram:u_map_buffer|map_ram~560      ; Stuck at GND due to stuck port data_in      ;
; bg_engine:u_bg_engine|tilemap_ram:u_map_buffer|map_ram~568      ; Stuck at GND due to stuck port data_in      ;
; bg_engine:u_bg_engine|tilemap_ram:u_map_buffer|map_ram~576      ; Stuck at GND due to stuck port data_in      ;
; bg_engine:u_bg_engine|tilemap_ram:u_map_buffer|map_ram~584      ; Stuck at GND due to stuck port data_in      ;
; bg_engine:u_bg_engine|tilemap_ram:u_map_buffer|map_ram~592      ; Stuck at GND due to stuck port data_in      ;
; bg_engine:u_bg_engine|tilemap_ram:u_map_buffer|map_ram~600      ; Stuck at GND due to stuck port data_in      ;
; bg_engine:u_bg_engine|tilemap_ram:u_map_buffer|map_ram~608      ; Stuck at GND due to stuck port data_in      ;
; bg_engine:u_bg_engine|tilemap_ram:u_map_buffer|map_ram~616      ; Stuck at GND due to stuck port data_in      ;
; bg_engine:u_bg_engine|tilemap_ram:u_map_buffer|map_ram~624      ; Stuck at GND due to stuck port data_in      ;
; bg_engine:u_bg_engine|tilemap_ram:u_map_buffer|map_ram~632      ; Stuck at GND due to stuck port data_in      ;
; bg_engine:u_bg_engine|tilemap_ram:u_map_buffer|map_ram~648      ; Stuck at GND due to stuck port data_in      ;
; bg_engine:u_bg_engine|tilemap_ram:u_map_buffer|map_ram~656      ; Stuck at GND due to stuck port data_in      ;
; bg_engine:u_bg_engine|tilemap_ram:u_map_buffer|map_ram~664      ; Stuck at GND due to stuck port data_in      ;
; bg_engine:u_bg_engine|tilemap_ram:u_map_buffer|map_ram~672      ; Stuck at GND due to stuck port data_in      ;
; bg_engine:u_bg_engine|tilemap_ram:u_map_buffer|map_ram~680      ; Stuck at GND due to stuck port data_in      ;
; bg_engine:u_bg_engine|tilemap_ram:u_map_buffer|map_ram~688      ; Stuck at GND due to stuck port data_in      ;
; bg_engine:u_bg_engine|tilemap_ram:u_map_buffer|map_ram~696      ; Stuck at GND due to stuck port data_in      ;
; bg_engine:u_bg_engine|tilemap_ram:u_map_buffer|map_ram~704      ; Stuck at GND due to stuck port data_in      ;
; bg_engine:u_bg_engine|tilemap_ram:u_map_buffer|map_ram~712      ; Stuck at GND due to stuck port data_in      ;
; bg_engine:u_bg_engine|tilemap_ram:u_map_buffer|map_ram~720      ; Stuck at GND due to stuck port data_in      ;
; bg_engine:u_bg_engine|tilemap_ram:u_map_buffer|map_ram~728      ; Stuck at GND due to stuck port data_in      ;
; bg_engine:u_bg_engine|tilemap_ram:u_map_buffer|map_ram~736      ; Stuck at GND due to stuck port data_in      ;
; bg_engine:u_bg_engine|tilemap_ram:u_map_buffer|map_ram~744      ; Stuck at GND due to stuck port data_in      ;
; bg_engine:u_bg_engine|tilemap_ram:u_map_buffer|map_ram~752      ; Stuck at GND due to stuck port data_in      ;
; bg_engine:u_bg_engine|tilemap_ram:u_map_buffer|map_ram~760      ; Stuck at GND due to stuck port data_in      ;
; bg_engine:u_bg_engine|tilemap_ram:u_map_buffer|map_ram~768      ; Stuck at GND due to stuck port data_in      ;
; bg_engine:u_bg_engine|tilemap_ram:u_map_buffer|map_ram~776      ; Stuck at GND due to stuck port data_in      ;
; bg_engine:u_bg_engine|tilemap_ram:u_map_buffer|map_ram~784      ; Stuck at GND due to stuck port data_in      ;
; bg_engine:u_bg_engine|tilemap_ram:u_map_buffer|map_ram~792      ; Stuck at GND due to stuck port data_in      ;
; bg_engine:u_bg_engine|tilemap_ram:u_map_buffer|map_ram~800      ; Stuck at GND due to stuck port data_in      ;
; bg_engine:u_bg_engine|tilemap_ram:u_map_buffer|map_ram~808      ; Stuck at GND due to stuck port data_in      ;
; bg_engine:u_bg_engine|tilemap_ram:u_map_buffer|map_ram~816      ; Stuck at GND due to stuck port data_in      ;
; bg_engine:u_bg_engine|tilemap_ram:u_map_buffer|map_ram~824      ; Stuck at GND due to stuck port data_in      ;
; bg_engine:u_bg_engine|tilemap_ram:u_map_buffer|map_ram~832      ; Stuck at GND due to stuck port data_in      ;
; bg_engine:u_bg_engine|tilemap_ram:u_map_buffer|map_ram~840      ; Stuck at GND due to stuck port data_in      ;
; bg_engine:u_bg_engine|tilemap_ram:u_map_buffer|map_ram~848      ; Stuck at GND due to stuck port data_in      ;
; bg_engine:u_bg_engine|tilemap_ram:u_map_buffer|map_ram~856      ; Stuck at GND due to stuck port data_in      ;
; bg_engine:u_bg_engine|tilemap_ram:u_map_buffer|map_ram~864      ; Stuck at GND due to stuck port data_in      ;
; bg_engine:u_bg_engine|tilemap_ram:u_map_buffer|map_ram~872      ; Stuck at GND due to stuck port data_in      ;
; bg_engine:u_bg_engine|tilemap_ram:u_map_buffer|map_ram~880      ; Stuck at GND due to stuck port data_in      ;
; bg_engine:u_bg_engine|tilemap_ram:u_map_buffer|map_ram~888      ; Stuck at GND due to stuck port data_in      ;
; bg_engine:u_bg_engine|tilemap_ram:u_map_buffer|map_ram~896      ; Stuck at GND due to stuck port data_in      ;
; bg_engine:u_bg_engine|tilemap_ram:u_map_buffer|map_ram~904      ; Stuck at GND due to stuck port data_in      ;
; bg_engine:u_bg_engine|tilemap_ram:u_map_buffer|map_ram~912      ; Stuck at GND due to stuck port data_in      ;
; bg_engine:u_bg_engine|tilemap_ram:u_map_buffer|map_ram~920      ; Stuck at GND due to stuck port data_in      ;
; bg_engine:u_bg_engine|tilemap_ram:u_map_buffer|map_ram~928      ; Stuck at GND due to stuck port data_in      ;
; bg_engine:u_bg_engine|tilemap_ram:u_map_buffer|map_ram~936      ; Stuck at GND due to stuck port data_in      ;
; bg_engine:u_bg_engine|tilemap_ram:u_map_buffer|map_ram~944      ; Stuck at GND due to stuck port data_in      ;
; bg_engine:u_bg_engine|tilemap_ram:u_map_buffer|map_ram~952      ; Stuck at GND due to stuck port data_in      ;
; bg_engine:u_bg_engine|tilemap_ram:u_map_buffer|map_ram~968      ; Stuck at GND due to stuck port data_in      ;
; bg_engine:u_bg_engine|tilemap_ram:u_map_buffer|map_ram~976      ; Stuck at GND due to stuck port data_in      ;
; bg_engine:u_bg_engine|tilemap_ram:u_map_buffer|map_ram~984      ; Stuck at GND due to stuck port data_in      ;
; bg_engine:u_bg_engine|tilemap_ram:u_map_buffer|map_ram~992      ; Stuck at GND due to stuck port data_in      ;
; bg_engine:u_bg_engine|tilemap_ram:u_map_buffer|map_ram~1000     ; Stuck at GND due to stuck port data_in      ;
; bg_engine:u_bg_engine|tilemap_ram:u_map_buffer|map_ram~1008     ; Stuck at GND due to stuck port data_in      ;
; bg_engine:u_bg_engine|tilemap_ram:u_map_buffer|map_ram~1016     ; Stuck at GND due to stuck port data_in      ;
; bg_engine:u_bg_engine|tilemap_ram:u_map_buffer|map_ram~1024     ; Stuck at GND due to stuck port data_in      ;
; bg_engine:u_bg_engine|tilemap_ram:u_map_buffer|map_ram~1032     ; Stuck at GND due to stuck port data_in      ;
; bg_engine:u_bg_engine|tilemap_ram:u_map_buffer|map_ram~1040     ; Stuck at GND due to stuck port data_in      ;
; bg_engine:u_bg_engine|tilemap_ram:u_map_buffer|map_ram~1048     ; Stuck at GND due to stuck port data_in      ;
; bg_engine:u_bg_engine|tilemap_ram:u_map_buffer|map_ram~1056     ; Stuck at GND due to stuck port data_in      ;
; bg_engine:u_bg_engine|tilemap_ram:u_map_buffer|map_ram~1064     ; Stuck at GND due to stuck port data_in      ;
; bg_engine:u_bg_engine|tilemap_ram:u_map_buffer|map_ram~1072     ; Stuck at GND due to stuck port data_in      ;
; bg_engine:u_bg_engine|tilemap_ram:u_map_buffer|map_ram~1080     ; Stuck at GND due to stuck port data_in      ;
; bg_engine:u_bg_engine|tilemap_ram:u_map_buffer|map_ram~1088     ; Stuck at GND due to stuck port data_in      ;
; bg_engine:u_bg_engine|tilemap_ram:u_map_buffer|map_ram~1096     ; Stuck at GND due to stuck port data_in      ;
; bg_engine:u_bg_engine|tilemap_ram:u_map_buffer|map_ram~1104     ; Stuck at GND due to stuck port data_in      ;
; bg_engine:u_bg_engine|tilemap_ram:u_map_buffer|map_ram~1112     ; Stuck at GND due to stuck port data_in      ;
; bg_engine:u_bg_engine|tilemap_ram:u_map_buffer|map_ram~1120     ; Stuck at GND due to stuck port data_in      ;
; bg_engine:u_bg_engine|tilemap_ram:u_map_buffer|map_ram~1128     ; Stuck at GND due to stuck port data_in      ;
; bg_engine:u_bg_engine|tilemap_ram:u_map_buffer|map_ram~1136     ; Stuck at GND due to stuck port data_in      ;
; bg_engine:u_bg_engine|tilemap_ram:u_map_buffer|map_ram~1144     ; Stuck at GND due to stuck port data_in      ;
; bg_engine:u_bg_engine|tilemap_ram:u_map_buffer|map_ram~1152     ; Stuck at GND due to stuck port data_in      ;
; bg_engine:u_bg_engine|tilemap_ram:u_map_buffer|map_ram~1160     ; Stuck at GND due to stuck port data_in      ;
; bg_engine:u_bg_engine|tilemap_ram:u_map_buffer|map_ram~1168     ; Stuck at GND due to stuck port data_in      ;
; bg_engine:u_bg_engine|tilemap_ram:u_map_buffer|map_ram~1176     ; Stuck at GND due to stuck port data_in      ;
; bg_engine:u_bg_engine|tilemap_ram:u_map_buffer|map_ram~1184     ; Stuck at GND due to stuck port data_in      ;
; bg_engine:u_bg_engine|tilemap_ram:u_map_buffer|map_ram~1192     ; Stuck at GND due to stuck port data_in      ;
; bg_engine:u_bg_engine|tilemap_ram:u_map_buffer|map_ram~1200     ; Stuck at GND due to stuck port data_in      ;
; bg_engine:u_bg_engine|tilemap_ram:u_map_buffer|map_ram~1208     ; Stuck at GND due to stuck port data_in      ;
; bg_engine:u_bg_engine|tilemap_ram:u_map_buffer|map_ram~1216     ; Stuck at GND due to stuck port data_in      ;
; bg_engine:u_bg_engine|tilemap_ram:u_map_buffer|map_ram~1224     ; Stuck at GND due to stuck port data_in      ;
; bg_engine:u_bg_engine|tilemap_ram:u_map_buffer|map_ram~1232     ; Stuck at GND due to stuck port data_in      ;
; bg_engine:u_bg_engine|tilemap_ram:u_map_buffer|map_ram~1240     ; Stuck at GND due to stuck port data_in      ;
; bg_engine:u_bg_engine|tilemap_ram:u_map_buffer|map_ram~1248     ; Stuck at GND due to stuck port data_in      ;
; bg_engine:u_bg_engine|tilemap_ram:u_map_buffer|map_ram~1256     ; Stuck at GND due to stuck port data_in      ;
; bg_engine:u_bg_engine|tilemap_ram:u_map_buffer|map_ram~1264     ; Stuck at GND due to stuck port data_in      ;
; bg_engine:u_bg_engine|tilemap_ram:u_map_buffer|map_ram~1272     ; Stuck at GND due to stuck port data_in      ;
; bg_engine:u_bg_engine|tilemap_ram:u_map_buffer|map_ram~1280     ; Stuck at GND due to stuck port data_in      ;
; bg_engine:u_bg_engine|tilemap_ram:u_map_buffer|map_ram~1288     ; Stuck at GND due to stuck port data_in      ;
; bg_engine:u_bg_engine|tilemap_ram:u_map_buffer|map_ram~1296     ; Stuck at GND due to stuck port data_in      ;
; bg_engine:u_bg_engine|tilemap_ram:u_map_buffer|map_ram~1304     ; Stuck at GND due to stuck port data_in      ;
; bg_engine:u_bg_engine|tilemap_ram:u_map_buffer|map_ram~1312     ; Stuck at GND due to stuck port data_in      ;
; bg_engine:u_bg_engine|tilemap_ram:u_map_buffer|map_ram~1320     ; Stuck at GND due to stuck port data_in      ;
; bg_engine:u_bg_engine|tilemap_ram:u_map_buffer|map_ram~1328     ; Stuck at GND due to stuck port data_in      ;
; bg_engine:u_bg_engine|tilemap_ram:u_map_buffer|map_ram~1336     ; Stuck at GND due to stuck port data_in      ;
; bg_engine:u_bg_engine|tilemap_ram:u_map_buffer|map_ram~1344     ; Stuck at GND due to stuck port data_in      ;
; bg_engine:u_bg_engine|tilemap_ram:u_map_buffer|map_ram~1352     ; Stuck at GND due to stuck port data_in      ;
; bg_engine:u_bg_engine|tilemap_ram:u_map_buffer|map_ram~1360     ; Stuck at GND due to stuck port data_in      ;
; bg_engine:u_bg_engine|tilemap_ram:u_map_buffer|map_ram~1368     ; Stuck at GND due to stuck port data_in      ;
; bg_engine:u_bg_engine|tilemap_ram:u_map_buffer|map_ram~1376     ; Stuck at GND due to stuck port data_in      ;
; bg_engine:u_bg_engine|tilemap_ram:u_map_buffer|map_ram~1384     ; Stuck at GND due to stuck port data_in      ;
; bg_engine:u_bg_engine|tilemap_ram:u_map_buffer|map_ram~1392     ; Stuck at GND due to stuck port data_in      ;
; bg_engine:u_bg_engine|tilemap_ram:u_map_buffer|map_ram~1400     ; Stuck at GND due to stuck port data_in      ;
; bg_engine:u_bg_engine|tilemap_ram:u_map_buffer|map_ram~1408     ; Stuck at GND due to stuck port data_in      ;
; bg_engine:u_bg_engine|tilemap_ram:u_map_buffer|map_ram~1416     ; Stuck at GND due to stuck port data_in      ;
; bg_engine:u_bg_engine|tilemap_ram:u_map_buffer|map_ram~1424     ; Stuck at GND due to stuck port data_in      ;
; bg_engine:u_bg_engine|tilemap_ram:u_map_buffer|map_ram~1432     ; Stuck at GND due to stuck port data_in      ;
; bg_engine:u_bg_engine|tilemap_ram:u_map_buffer|map_ram~1440     ; Stuck at GND due to stuck port data_in      ;
; bg_engine:u_bg_engine|tilemap_ram:u_map_buffer|map_ram~1448     ; Stuck at GND due to stuck port data_in      ;
; bg_engine:u_bg_engine|tilemap_ram:u_map_buffer|map_ram~1456     ; Stuck at GND due to stuck port data_in      ;
; bg_engine:u_bg_engine|tilemap_ram:u_map_buffer|map_ram~1464     ; Stuck at GND due to stuck port data_in      ;
; bg_engine:u_bg_engine|tilemap_ram:u_map_buffer|map_ram~1472     ; Stuck at GND due to stuck port data_in      ;
; bg_engine:u_bg_engine|tilemap_ram:u_map_buffer|map_ram~1480     ; Stuck at GND due to stuck port data_in      ;
; bg_engine:u_bg_engine|tilemap_ram:u_map_buffer|map_ram~1488     ; Stuck at GND due to stuck port data_in      ;
; bg_engine:u_bg_engine|tilemap_ram:u_map_buffer|map_ram~1496     ; Stuck at GND due to stuck port data_in      ;
; bg_engine:u_bg_engine|tilemap_ram:u_map_buffer|map_ram~1504     ; Stuck at GND due to stuck port data_in      ;
; bg_engine:u_bg_engine|tilemap_ram:u_map_buffer|map_ram~1512     ; Stuck at GND due to stuck port data_in      ;
; bg_engine:u_bg_engine|tilemap_ram:u_map_buffer|map_ram~1520     ; Stuck at GND due to stuck port data_in      ;
; bg_engine:u_bg_engine|tilemap_ram:u_map_buffer|map_ram~1528     ; Stuck at GND due to stuck port data_in      ;
; bg_engine:u_bg_engine|tilemap_ram:u_map_buffer|map_ram~1536     ; Stuck at GND due to stuck port data_in      ;
; bg_engine:u_bg_engine|tilemap_ram:u_map_buffer|map_ram~1544     ; Stuck at GND due to stuck port data_in      ;
; bg_engine:u_bg_engine|tilemap_ram:u_map_buffer|map_ram~1552     ; Stuck at GND due to stuck port data_in      ;
; bg_engine:u_bg_engine|tilemap_ram:u_map_buffer|map_ram~1560     ; Stuck at GND due to stuck port data_in      ;
; bg_engine:u_bg_engine|tilemap_ram:u_map_buffer|map_ram~1568     ; Stuck at GND due to stuck port data_in      ;
; bg_engine:u_bg_engine|tilemap_ram:u_map_buffer|map_ram~1576     ; Stuck at GND due to stuck port data_in      ;
; bg_engine:u_bg_engine|tilemap_ram:u_map_buffer|map_ram~1584     ; Stuck at GND due to stuck port data_in      ;
; bg_engine:u_bg_engine|tilemap_ram:u_map_buffer|map_ram~1592     ; Stuck at GND due to stuck port data_in      ;
; bg_engine:u_bg_engine|tilemap_ram:u_map_buffer|map_ram~1600     ; Stuck at GND due to stuck port data_in      ;
; bg_engine:u_bg_engine|tilemap_ram:u_map_buffer|map_ram~1608     ; Stuck at GND due to stuck port data_in      ;
; bg_engine:u_bg_engine|tilemap_ram:u_map_buffer|map_ram~1616     ; Stuck at GND due to stuck port data_in      ;
; bg_engine:u_bg_engine|tilemap_ram:u_map_buffer|map_ram~1624     ; Stuck at GND due to stuck port data_in      ;
; bg_engine:u_bg_engine|tilemap_ram:u_map_buffer|map_ram~1632     ; Stuck at GND due to stuck port data_in      ;
; bg_engine:u_bg_engine|tilemap_ram:u_map_buffer|map_ram~1640     ; Stuck at GND due to stuck port data_in      ;
; bg_engine:u_bg_engine|tilemap_ram:u_map_buffer|map_ram~1648     ; Stuck at GND due to stuck port data_in      ;
; bg_engine:u_bg_engine|tilemap_ram:u_map_buffer|map_ram~1656     ; Stuck at GND due to stuck port data_in      ;
; bg_engine:u_bg_engine|tilemap_ram:u_map_buffer|map_ram~1664     ; Stuck at GND due to stuck port data_in      ;
; bg_engine:u_bg_engine|tilemap_ram:u_map_buffer|map_ram~1672     ; Stuck at GND due to stuck port data_in      ;
; bg_engine:u_bg_engine|tilemap_ram:u_map_buffer|map_ram~1680     ; Stuck at GND due to stuck port data_in      ;
; bg_engine:u_bg_engine|tilemap_ram:u_map_buffer|map_ram~1688     ; Stuck at GND due to stuck port data_in      ;
; bg_engine:u_bg_engine|tilemap_ram:u_map_buffer|map_ram~1696     ; Stuck at GND due to stuck port data_in      ;
; bg_engine:u_bg_engine|tilemap_ram:u_map_buffer|map_ram~1704     ; Stuck at GND due to stuck port data_in      ;
; bg_engine:u_bg_engine|tilemap_ram:u_map_buffer|map_ram~1712     ; Stuck at GND due to stuck port data_in      ;
; bg_engine:u_bg_engine|tilemap_ram:u_map_buffer|map_ram~1720     ; Stuck at GND due to stuck port data_in      ;
; bg_engine:u_bg_engine|tilemap_ram:u_map_buffer|map_ram~1728     ; Stuck at GND due to stuck port data_in      ;
; bg_engine:u_bg_engine|tilemap_ram:u_map_buffer|map_ram~1736     ; Stuck at GND due to stuck port data_in      ;
; bg_engine:u_bg_engine|tilemap_ram:u_map_buffer|map_ram~1744     ; Stuck at GND due to stuck port data_in      ;
; bg_engine:u_bg_engine|tilemap_ram:u_map_buffer|map_ram~1752     ; Stuck at GND due to stuck port data_in      ;
; bg_engine:u_bg_engine|tilemap_ram:u_map_buffer|map_ram~1760     ; Stuck at GND due to stuck port data_in      ;
; bg_engine:u_bg_engine|tilemap_ram:u_map_buffer|map_ram~1768     ; Stuck at GND due to stuck port data_in      ;
; bg_engine:u_bg_engine|tilemap_ram:u_map_buffer|map_ram~1776     ; Stuck at GND due to stuck port data_in      ;
; bg_engine:u_bg_engine|tilemap_ram:u_map_buffer|map_ram~1784     ; Stuck at GND due to stuck port data_in      ;
; bg_engine:u_bg_engine|tilemap_ram:u_map_buffer|map_ram~1792     ; Stuck at GND due to stuck port data_in      ;
; bg_engine:u_bg_engine|tilemap_ram:u_map_buffer|map_ram~1800     ; Stuck at GND due to stuck port data_in      ;
; bg_engine:u_bg_engine|tilemap_ram:u_map_buffer|map_ram~1808     ; Stuck at GND due to stuck port data_in      ;
; bg_engine:u_bg_engine|tilemap_ram:u_map_buffer|map_ram~1816     ; Stuck at GND due to stuck port data_in      ;
; bg_engine:u_bg_engine|tilemap_ram:u_map_buffer|map_ram~1824     ; Stuck at GND due to stuck port data_in      ;
; bg_engine:u_bg_engine|tilemap_ram:u_map_buffer|map_ram~1832     ; Stuck at GND due to stuck port data_in      ;
; bg_engine:u_bg_engine|tilemap_ram:u_map_buffer|map_ram~1840     ; Stuck at GND due to stuck port data_in      ;
; bg_engine:u_bg_engine|tilemap_ram:u_map_buffer|map_ram~1848     ; Stuck at GND due to stuck port data_in      ;
; bg_engine:u_bg_engine|tilemap_ram:u_map_buffer|map_ram~1856     ; Stuck at GND due to stuck port data_in      ;
; bg_engine:u_bg_engine|tilemap_ram:u_map_buffer|map_ram~1864     ; Stuck at GND due to stuck port data_in      ;
; bg_engine:u_bg_engine|tilemap_ram:u_map_buffer|map_ram~1872     ; Stuck at GND due to stuck port data_in      ;
; bg_engine:u_bg_engine|tilemap_ram:u_map_buffer|map_ram~1880     ; Stuck at GND due to stuck port data_in      ;
; bg_engine:u_bg_engine|tilemap_ram:u_map_buffer|map_ram~1888     ; Stuck at GND due to stuck port data_in      ;
; bg_engine:u_bg_engine|tilemap_ram:u_map_buffer|map_ram~1896     ; Stuck at GND due to stuck port data_in      ;
; bg_engine:u_bg_engine|tilemap_ram:u_map_buffer|map_ram~1904     ; Stuck at GND due to stuck port data_in      ;
; bg_engine:u_bg_engine|tilemap_ram:u_map_buffer|map_ram~1912     ; Stuck at GND due to stuck port data_in      ;
; bg_engine:u_bg_engine|tilemap_ram:u_map_buffer|map_ram~1920     ; Stuck at GND due to stuck port data_in      ;
; bg_engine:u_bg_engine|tilemap_ram:u_map_buffer|map_ram~1928     ; Stuck at GND due to stuck port data_in      ;
; bg_engine:u_bg_engine|tilemap_ram:u_map_buffer|map_ram~1936     ; Stuck at GND due to stuck port data_in      ;
; bg_engine:u_bg_engine|tilemap_ram:u_map_buffer|map_ram~1944     ; Stuck at GND due to stuck port data_in      ;
; bg_engine:u_bg_engine|tilemap_ram:u_map_buffer|map_ram~1952     ; Stuck at GND due to stuck port data_in      ;
; bg_engine:u_bg_engine|tilemap_ram:u_map_buffer|map_ram~1960     ; Stuck at GND due to stuck port data_in      ;
; bg_engine:u_bg_engine|tilemap_ram:u_map_buffer|map_ram~1968     ; Stuck at GND due to stuck port data_in      ;
; bg_engine:u_bg_engine|tilemap_ram:u_map_buffer|map_ram~1976     ; Stuck at GND due to stuck port data_in      ;
; bg_engine:u_bg_engine|tilemap_ram:u_map_buffer|map_ram~1984     ; Stuck at GND due to stuck port data_in      ;
; bg_engine:u_bg_engine|tilemap_ram:u_map_buffer|map_ram~1992     ; Stuck at GND due to stuck port data_in      ;
; bg_engine:u_bg_engine|tilemap_ram:u_map_buffer|map_ram~2000     ; Stuck at GND due to stuck port data_in      ;
; bg_engine:u_bg_engine|tilemap_ram:u_map_buffer|map_ram~2008     ; Stuck at GND due to stuck port data_in      ;
; bg_engine:u_bg_engine|tilemap_ram:u_map_buffer|map_ram~2016     ; Stuck at GND due to stuck port data_in      ;
; bg_engine:u_bg_engine|tilemap_ram:u_map_buffer|map_ram~2024     ; Stuck at GND due to stuck port data_in      ;
; bg_engine:u_bg_engine|tilemap_ram:u_map_buffer|map_ram~2032     ; Stuck at GND due to stuck port data_in      ;
; bg_engine:u_bg_engine|tilemap_ram:u_map_buffer|map_ram~2040     ; Stuck at GND due to stuck port data_in      ;
; bg_engine:u_bg_engine|tilemap_ram:u_map_buffer|map_ram~2048     ; Stuck at GND due to stuck port data_in      ;
; bg_engine:u_bg_engine|tilemap_ram:u_map_buffer|map_ram~2056     ; Stuck at GND due to stuck port data_in      ;
; bg_engine:u_bg_engine|tilemap_ram:u_map_buffer|map_ram~2064     ; Stuck at GND due to stuck port data_in      ;
; bg_engine:u_bg_engine|tilemap_ram:u_map_buffer|map_ram~2072     ; Stuck at GND due to stuck port data_in      ;
; bg_engine:u_bg_engine|tilemap_ram:u_map_buffer|map_ram~2080     ; Stuck at GND due to stuck port data_in      ;
; bg_engine:u_bg_engine|tilemap_ram:u_map_buffer|map_ram~2088     ; Stuck at GND due to stuck port data_in      ;
; bg_engine:u_bg_engine|tilemap_ram:u_map_buffer|map_ram~2096     ; Stuck at GND due to stuck port data_in      ;
; bg_engine:u_bg_engine|tilemap_ram:u_map_buffer|map_ram~2104     ; Stuck at GND due to stuck port data_in      ;
; bg_engine:u_bg_engine|tilemap_ram:u_map_buffer|map_ram~2112     ; Stuck at GND due to stuck port data_in      ;
; bg_engine:u_bg_engine|tilemap_ram:u_map_buffer|map_ram~2120     ; Stuck at GND due to stuck port data_in      ;
; bg_engine:u_bg_engine|tilemap_ram:u_map_buffer|map_ram~2128     ; Stuck at GND due to stuck port data_in      ;
; bg_engine:u_bg_engine|tilemap_ram:u_map_buffer|map_ram~2136     ; Stuck at GND due to stuck port data_in      ;
; bg_engine:u_bg_engine|tilemap_ram:u_map_buffer|map_ram~2144     ; Stuck at GND due to stuck port data_in      ;
; bg_engine:u_bg_engine|tilemap_ram:u_map_buffer|map_ram~2152     ; Stuck at GND due to stuck port data_in      ;
; bg_engine:u_bg_engine|tilemap_ram:u_map_buffer|map_ram~2160     ; Stuck at GND due to stuck port data_in      ;
; bg_engine:u_bg_engine|tilemap_ram:u_map_buffer|map_ram~2168     ; Stuck at GND due to stuck port data_in      ;
; bg_engine:u_bg_engine|tilemap_ram:u_map_buffer|map_ram~2176     ; Stuck at GND due to stuck port data_in      ;
; bg_engine:u_bg_engine|tilemap_ram:u_map_buffer|map_ram~2184     ; Stuck at GND due to stuck port data_in      ;
; bg_engine:u_bg_engine|tilemap_ram:u_map_buffer|map_ram~2192     ; Stuck at GND due to stuck port data_in      ;
; bg_engine:u_bg_engine|tilemap_ram:u_map_buffer|map_ram~2200     ; Stuck at GND due to stuck port data_in      ;
; bg_engine:u_bg_engine|tilemap_ram:u_map_buffer|map_ram~2208     ; Stuck at GND due to stuck port data_in      ;
; bg_engine:u_bg_engine|tilemap_ram:u_map_buffer|map_ram~2216     ; Stuck at GND due to stuck port data_in      ;
; bg_engine:u_bg_engine|tilemap_ram:u_map_buffer|map_ram~2224     ; Stuck at GND due to stuck port data_in      ;
; bg_engine:u_bg_engine|tilemap_ram:u_map_buffer|map_ram~2232     ; Stuck at GND due to stuck port data_in      ;
; bg_engine:u_bg_engine|tilemap_ram:u_map_buffer|map_ram~2240     ; Stuck at GND due to stuck port data_in      ;
; bg_engine:u_bg_engine|tilemap_ram:u_map_buffer|map_ram~2248     ; Stuck at GND due to stuck port data_in      ;
; bg_engine:u_bg_engine|tilemap_ram:u_map_buffer|map_ram~2256     ; Stuck at GND due to stuck port data_in      ;
; bg_engine:u_bg_engine|tilemap_ram:u_map_buffer|map_ram~2264     ; Stuck at GND due to stuck port data_in      ;
; bg_engine:u_bg_engine|tilemap_ram:u_map_buffer|map_ram~2272     ; Stuck at GND due to stuck port data_in      ;
; bg_engine:u_bg_engine|tilemap_ram:u_map_buffer|map_ram~2280     ; Stuck at GND due to stuck port data_in      ;
; bg_engine:u_bg_engine|tilemap_ram:u_map_buffer|map_ram~2288     ; Stuck at GND due to stuck port data_in      ;
; bg_engine:u_bg_engine|tilemap_ram:u_map_buffer|map_ram~2296     ; Stuck at GND due to stuck port data_in      ;
; bg_engine:u_bg_engine|tilemap_ram:u_map_buffer|map_ram~2304     ; Stuck at GND due to stuck port data_in      ;
; bg_engine:u_bg_engine|tilemap_ram:u_map_buffer|map_ram~2312     ; Stuck at GND due to stuck port data_in      ;
; bg_engine:u_bg_engine|tilemap_ram:u_map_buffer|map_ram~2320     ; Stuck at GND due to stuck port data_in      ;
; bg_engine:u_bg_engine|tilemap_ram:u_map_buffer|map_ram~2328     ; Stuck at GND due to stuck port data_in      ;
; bg_engine:u_bg_engine|tilemap_ram:u_map_buffer|map_ram~2336     ; Stuck at GND due to stuck port data_in      ;
; bg_engine:u_bg_engine|tilemap_ram:u_map_buffer|map_ram~2344     ; Stuck at GND due to stuck port data_in      ;
; bg_engine:u_bg_engine|tilemap_ram:u_map_buffer|map_ram~2352     ; Stuck at GND due to stuck port data_in      ;
; bg_engine:u_bg_engine|tilemap_ram:u_map_buffer|map_ram~2360     ; Stuck at GND due to stuck port data_in      ;
; bg_engine:u_bg_engine|tilemap_ram:u_map_buffer|map_ram~2368     ; Stuck at GND due to stuck port data_in      ;
; bg_engine:u_bg_engine|tilemap_ram:u_map_buffer|map_ram~2376     ; Stuck at GND due to stuck port data_in      ;
; bg_engine:u_bg_engine|tilemap_ram:u_map_buffer|map_ram~2384     ; Stuck at GND due to stuck port data_in      ;
; bg_engine:u_bg_engine|tilemap_ram:u_map_buffer|map_ram~2392     ; Stuck at GND due to stuck port data_in      ;
; bg_engine:u_bg_engine|tilemap_ram:u_map_buffer|map_ram~2400     ; Stuck at GND due to stuck port data_in      ;
; bg_engine:u_bg_engine|tilemap_ram:u_map_buffer|map_ram~2408     ; Stuck at GND due to stuck port data_in      ;
; bg_engine:u_bg_engine|tilemap_ram:u_map_buffer|map_ram~2416     ; Stuck at GND due to stuck port data_in      ;
; bg_engine:u_bg_engine|tilemap_ram:u_map_buffer|map_ram~2424     ; Stuck at GND due to stuck port data_in      ;
; bg_engine:u_bg_engine|tilemap_ram:u_map_buffer|map_ram~2432     ; Stuck at GND due to stuck port data_in      ;
; bg_engine:u_bg_engine|tilemap_ram:u_map_buffer|map_ram~2440     ; Stuck at GND due to stuck port data_in      ;
; bg_engine:u_bg_engine|tilemap_ram:u_map_buffer|map_ram~2448     ; Stuck at GND due to stuck port data_in      ;
; bg_engine:u_bg_engine|tilemap_ram:u_map_buffer|map_ram~2456     ; Stuck at GND due to stuck port data_in      ;
; bg_engine:u_bg_engine|tilemap_ram:u_map_buffer|map_ram~2464     ; Stuck at GND due to stuck port data_in      ;
; bg_engine:u_bg_engine|tilemap_ram:u_map_buffer|map_ram~2472     ; Stuck at GND due to stuck port data_in      ;
; bg_engine:u_bg_engine|tilemap_ram:u_map_buffer|map_ram~2480     ; Stuck at GND due to stuck port data_in      ;
; bg_engine:u_bg_engine|tilemap_ram:u_map_buffer|map_ram~2488     ; Stuck at GND due to stuck port data_in      ;
; bg_engine:u_bg_engine|tilemap_ram:u_map_buffer|map_ram~2496     ; Stuck at GND due to stuck port data_in      ;
; bg_engine:u_bg_engine|tilemap_ram:u_map_buffer|map_ram~2504     ; Stuck at GND due to stuck port data_in      ;
; bg_engine:u_bg_engine|tilemap_ram:u_map_buffer|map_ram~2512     ; Stuck at GND due to stuck port data_in      ;
; bg_engine:u_bg_engine|tilemap_ram:u_map_buffer|map_ram~2520     ; Stuck at GND due to stuck port data_in      ;
; bg_engine:u_bg_engine|tilemap_ram:u_map_buffer|map_ram~2528     ; Stuck at GND due to stuck port data_in      ;
; bg_engine:u_bg_engine|tilemap_ram:u_map_buffer|map_ram~2536     ; Stuck at GND due to stuck port data_in      ;
; bg_engine:u_bg_engine|tilemap_ram:u_map_buffer|map_ram~2544     ; Stuck at GND due to stuck port data_in      ;
; bg_engine:u_bg_engine|tilemap_ram:u_map_buffer|map_ram~2552     ; Stuck at GND due to stuck port data_in      ;
; bg_engine:u_bg_engine|tilemap_ram:u_map_buffer|map_ram~2560     ; Stuck at GND due to stuck port data_in      ;
; bg_engine:u_bg_engine|tilemap_ram:u_map_buffer|map_ram~2568     ; Stuck at GND due to stuck port data_in      ;
; bg_engine:u_bg_engine|tilemap_ram:u_map_buffer|map_ram~2576     ; Stuck at GND due to stuck port data_in      ;
; bg_engine:u_bg_engine|tilemap_ram:u_map_buffer|map_ram~2584     ; Stuck at GND due to stuck port data_in      ;
; bg_engine:u_bg_engine|tilemap_ram:u_map_buffer|map_ram~2592     ; Stuck at GND due to stuck port data_in      ;
; bg_engine:u_bg_engine|tilemap_ram:u_map_buffer|map_ram~2600     ; Stuck at GND due to stuck port data_in      ;
; bg_engine:u_bg_engine|tilemap_ram:u_map_buffer|map_ram~2608     ; Stuck at GND due to stuck port data_in      ;
; bg_engine:u_bg_engine|tilemap_ram:u_map_buffer|map_ram~2616     ; Stuck at GND due to stuck port data_in      ;
; bg_engine:u_bg_engine|tilemap_ram:u_map_buffer|map_ram~2624     ; Stuck at GND due to stuck port data_in      ;
; bg_engine:u_bg_engine|tilemap_ram:u_map_buffer|map_ram~2632     ; Stuck at GND due to stuck port data_in      ;
; bg_engine:u_bg_engine|tilemap_ram:u_map_buffer|map_ram~2640     ; Stuck at GND due to stuck port data_in      ;
; bg_engine:u_bg_engine|tilemap_ram:u_map_buffer|map_ram~2648     ; Stuck at GND due to stuck port data_in      ;
; bg_engine:u_bg_engine|tilemap_ram:u_map_buffer|map_ram~2656     ; Stuck at GND due to stuck port data_in      ;
; bg_engine:u_bg_engine|tilemap_ram:u_map_buffer|map_ram~2664     ; Stuck at GND due to stuck port data_in      ;
; bg_engine:u_bg_engine|tilemap_ram:u_map_buffer|map_ram~2672     ; Stuck at GND due to stuck port data_in      ;
; bg_engine:u_bg_engine|tilemap_ram:u_map_buffer|map_ram~2680     ; Stuck at GND due to stuck port data_in      ;
; bg_engine:u_bg_engine|tilemap_ram:u_map_buffer|map_ram~2688     ; Stuck at GND due to stuck port data_in      ;
; bg_engine:u_bg_engine|tilemap_ram:u_map_buffer|map_ram~2696     ; Stuck at GND due to stuck port data_in      ;
; bg_engine:u_bg_engine|tilemap_ram:u_map_buffer|map_ram~2704     ; Stuck at GND due to stuck port data_in      ;
; bg_engine:u_bg_engine|tilemap_ram:u_map_buffer|map_ram~2712     ; Stuck at GND due to stuck port data_in      ;
; bg_engine:u_bg_engine|tilemap_ram:u_map_buffer|map_ram~2720     ; Stuck at GND due to stuck port data_in      ;
; bg_engine:u_bg_engine|tilemap_ram:u_map_buffer|map_ram~2728     ; Stuck at GND due to stuck port data_in      ;
; bg_engine:u_bg_engine|tilemap_ram:u_map_buffer|map_ram~2736     ; Stuck at GND due to stuck port data_in      ;
; bg_engine:u_bg_engine|tilemap_ram:u_map_buffer|map_ram~2744     ; Stuck at GND due to stuck port data_in      ;
; bg_engine:u_bg_engine|tilemap_ram:u_map_buffer|map_ram~2752     ; Stuck at GND due to stuck port data_in      ;
; bg_engine:u_bg_engine|tilemap_ram:u_map_buffer|map_ram~2760     ; Stuck at GND due to stuck port data_in      ;
; bg_engine:u_bg_engine|tilemap_ram:u_map_buffer|map_ram~2768     ; Stuck at GND due to stuck port data_in      ;
; bg_engine:u_bg_engine|tilemap_ram:u_map_buffer|map_ram~2776     ; Stuck at GND due to stuck port data_in      ;
; bg_engine:u_bg_engine|tilemap_ram:u_map_buffer|map_ram~2784     ; Stuck at GND due to stuck port data_in      ;
; bg_engine:u_bg_engine|tilemap_ram:u_map_buffer|map_ram~2792     ; Stuck at GND due to stuck port data_in      ;
; bg_engine:u_bg_engine|tilemap_ram:u_map_buffer|map_ram~2800     ; Stuck at GND due to stuck port data_in      ;
; bg_engine:u_bg_engine|tilemap_ram:u_map_buffer|map_ram~2808     ; Stuck at GND due to stuck port data_in      ;
; bg_engine:u_bg_engine|tilemap_ram:u_map_buffer|map_ram~2816     ; Stuck at GND due to stuck port data_in      ;
; bg_engine:u_bg_engine|tilemap_ram:u_map_buffer|map_ram~2824     ; Stuck at GND due to stuck port data_in      ;
; bg_engine:u_bg_engine|tilemap_ram:u_map_buffer|map_ram~2832     ; Stuck at GND due to stuck port data_in      ;
; bg_engine:u_bg_engine|tilemap_ram:u_map_buffer|map_ram~2840     ; Stuck at GND due to stuck port data_in      ;
; bg_engine:u_bg_engine|tilemap_ram:u_map_buffer|map_ram~2848     ; Stuck at GND due to stuck port data_in      ;
; bg_engine:u_bg_engine|tilemap_ram:u_map_buffer|map_ram~2856     ; Stuck at GND due to stuck port data_in      ;
; bg_engine:u_bg_engine|tilemap_ram:u_map_buffer|map_ram~2864     ; Stuck at GND due to stuck port data_in      ;
; bg_engine:u_bg_engine|tilemap_ram:u_map_buffer|map_ram~2872     ; Stuck at GND due to stuck port data_in      ;
; bg_engine:u_bg_engine|tilemap_ram:u_map_buffer|map_ram~2880     ; Stuck at GND due to stuck port data_in      ;
; bg_engine:u_bg_engine|tilemap_ram:u_map_buffer|map_ram~2888     ; Stuck at GND due to stuck port data_in      ;
; bg_engine:u_bg_engine|tilemap_ram:u_map_buffer|map_ram~2896     ; Stuck at GND due to stuck port data_in      ;
; bg_engine:u_bg_engine|tilemap_ram:u_map_buffer|map_ram~2904     ; Stuck at GND due to stuck port data_in      ;
; bg_engine:u_bg_engine|tilemap_ram:u_map_buffer|map_ram~2912     ; Stuck at GND due to stuck port data_in      ;
; bg_engine:u_bg_engine|tilemap_ram:u_map_buffer|map_ram~2920     ; Stuck at GND due to stuck port data_in      ;
; bg_engine:u_bg_engine|tilemap_ram:u_map_buffer|map_ram~2928     ; Stuck at GND due to stuck port data_in      ;
; bg_engine:u_bg_engine|tilemap_ram:u_map_buffer|map_ram~2936     ; Stuck at GND due to stuck port data_in      ;
; bg_engine:u_bg_engine|tilemap_ram:u_map_buffer|map_ram~2944     ; Stuck at GND due to stuck port data_in      ;
; bg_engine:u_bg_engine|tilemap_ram:u_map_buffer|map_ram~2952     ; Stuck at GND due to stuck port data_in      ;
; bg_engine:u_bg_engine|tilemap_ram:u_map_buffer|map_ram~2960     ; Stuck at GND due to stuck port data_in      ;
; bg_engine:u_bg_engine|tilemap_ram:u_map_buffer|map_ram~2968     ; Stuck at GND due to stuck port data_in      ;
; bg_engine:u_bg_engine|tilemap_ram:u_map_buffer|map_ram~2976     ; Stuck at GND due to stuck port data_in      ;
; bg_engine:u_bg_engine|tilemap_ram:u_map_buffer|map_ram~2984     ; Stuck at GND due to stuck port data_in      ;
; bg_engine:u_bg_engine|tilemap_ram:u_map_buffer|map_ram~2992     ; Stuck at GND due to stuck port data_in      ;
; bg_engine:u_bg_engine|tilemap_ram:u_map_buffer|map_ram~3000     ; Stuck at GND due to stuck port data_in      ;
; bg_engine:u_bg_engine|tilemap_ram:u_map_buffer|map_ram~3008     ; Stuck at GND due to stuck port data_in      ;
; bg_engine:u_bg_engine|tilemap_ram:u_map_buffer|map_ram~3016     ; Stuck at GND due to stuck port data_in      ;
; bg_engine:u_bg_engine|tilemap_ram:u_map_buffer|map_ram~3024     ; Stuck at GND due to stuck port data_in      ;
; bg_engine:u_bg_engine|tilemap_ram:u_map_buffer|map_ram~3032     ; Stuck at GND due to stuck port data_in      ;
; bg_engine:u_bg_engine|tilemap_ram:u_map_buffer|map_ram~3040     ; Stuck at GND due to stuck port data_in      ;
; bg_engine:u_bg_engine|tilemap_ram:u_map_buffer|map_ram~3048     ; Stuck at GND due to stuck port data_in      ;
; bg_engine:u_bg_engine|tilemap_ram:u_map_buffer|map_ram~3056     ; Stuck at GND due to stuck port data_in      ;
; bg_engine:u_bg_engine|tilemap_ram:u_map_buffer|map_ram~3064     ; Stuck at GND due to stuck port data_in      ;
; bg_engine:u_bg_engine|tilemap_ram:u_map_buffer|map_ram~3072     ; Stuck at GND due to stuck port data_in      ;
; bg_engine:u_bg_engine|tilemap_ram:u_map_buffer|map_ram~3080     ; Stuck at GND due to stuck port data_in      ;
; bg_engine:u_bg_engine|tilemap_ram:u_map_buffer|map_ram~3088     ; Stuck at GND due to stuck port data_in      ;
; bg_engine:u_bg_engine|tilemap_ram:u_map_buffer|map_ram~3096     ; Stuck at GND due to stuck port data_in      ;
; bg_engine:u_bg_engine|tilemap_ram:u_map_buffer|map_ram~3104     ; Stuck at GND due to stuck port data_in      ;
; bg_engine:u_bg_engine|tilemap_ram:u_map_buffer|map_ram~3112     ; Stuck at GND due to stuck port data_in      ;
; bg_engine:u_bg_engine|tilemap_ram:u_map_buffer|map_ram~3120     ; Stuck at GND due to stuck port data_in      ;
; bg_engine:u_bg_engine|tilemap_ram:u_map_buffer|map_ram~3128     ; Stuck at GND due to stuck port data_in      ;
; bg_engine:u_bg_engine|tilemap_ram:u_map_buffer|map_ram~3136     ; Stuck at GND due to stuck port data_in      ;
; bg_engine:u_bg_engine|tilemap_ram:u_map_buffer|map_ram~3144     ; Stuck at GND due to stuck port data_in      ;
; bg_engine:u_bg_engine|tilemap_ram:u_map_buffer|map_ram~3152     ; Stuck at GND due to stuck port data_in      ;
; bg_engine:u_bg_engine|tilemap_ram:u_map_buffer|map_ram~3160     ; Stuck at GND due to stuck port data_in      ;
; bg_engine:u_bg_engine|tilemap_ram:u_map_buffer|map_ram~3168     ; Stuck at GND due to stuck port data_in      ;
; bg_engine:u_bg_engine|tilemap_ram:u_map_buffer|map_ram~3176     ; Stuck at GND due to stuck port data_in      ;
; bg_engine:u_bg_engine|tilemap_ram:u_map_buffer|map_ram~3184     ; Stuck at GND due to stuck port data_in      ;
; bg_engine:u_bg_engine|tilemap_ram:u_map_buffer|map_ram~3192     ; Stuck at GND due to stuck port data_in      ;
; bg_engine:u_bg_engine|tilemap_ram:u_map_buffer|map_ram~3200     ; Stuck at GND due to stuck port data_in      ;
; bg_engine:u_bg_engine|tilemap_ram:u_map_buffer|map_ram~3208     ; Stuck at GND due to stuck port data_in      ;
; bg_engine:u_bg_engine|tilemap_ram:u_map_buffer|map_ram~3216     ; Stuck at GND due to stuck port data_in      ;
; bg_engine:u_bg_engine|tilemap_ram:u_map_buffer|map_ram~3224     ; Stuck at GND due to stuck port data_in      ;
; bg_engine:u_bg_engine|tilemap_ram:u_map_buffer|map_ram~3232     ; Stuck at GND due to stuck port data_in      ;
; bg_engine:u_bg_engine|tilemap_ram:u_map_buffer|map_ram~3240     ; Stuck at GND due to stuck port data_in      ;
; bg_engine:u_bg_engine|tilemap_ram:u_map_buffer|map_ram~3248     ; Stuck at GND due to stuck port data_in      ;
; bg_engine:u_bg_engine|tilemap_ram:u_map_buffer|map_ram~3256     ; Stuck at GND due to stuck port data_in      ;
; bg_engine:u_bg_engine|tilemap_ram:u_map_buffer|map_ram~3264     ; Stuck at GND due to stuck port data_in      ;
; bg_engine:u_bg_engine|tilemap_ram:u_map_buffer|map_ram~3272     ; Stuck at GND due to stuck port data_in      ;
; bg_engine:u_bg_engine|tilemap_ram:u_map_buffer|map_ram~3280     ; Stuck at GND due to stuck port data_in      ;
; bg_engine:u_bg_engine|tilemap_ram:u_map_buffer|map_ram~3288     ; Stuck at GND due to stuck port data_in      ;
; bg_engine:u_bg_engine|tilemap_ram:u_map_buffer|map_ram~3296     ; Stuck at GND due to stuck port data_in      ;
; bg_engine:u_bg_engine|tilemap_ram:u_map_buffer|map_ram~3304     ; Stuck at GND due to stuck port data_in      ;
; bg_engine:u_bg_engine|tilemap_ram:u_map_buffer|map_ram~3312     ; Stuck at GND due to stuck port data_in      ;
; bg_engine:u_bg_engine|tilemap_ram:u_map_buffer|map_ram~3320     ; Stuck at GND due to stuck port data_in      ;
; bg_engine:u_bg_engine|tilemap_ram:u_map_buffer|map_ram~3328     ; Stuck at GND due to stuck port data_in      ;
; bg_engine:u_bg_engine|tilemap_ram:u_map_buffer|map_ram~3336     ; Stuck at GND due to stuck port data_in      ;
; bg_engine:u_bg_engine|tilemap_ram:u_map_buffer|map_ram~3344     ; Stuck at GND due to stuck port data_in      ;
; bg_engine:u_bg_engine|tilemap_ram:u_map_buffer|map_ram~3352     ; Stuck at GND due to stuck port data_in      ;
; bg_engine:u_bg_engine|tilemap_ram:u_map_buffer|map_ram~3360     ; Stuck at GND due to stuck port data_in      ;
; bg_engine:u_bg_engine|tilemap_ram:u_map_buffer|map_ram~3368     ; Stuck at GND due to stuck port data_in      ;
; bg_engine:u_bg_engine|tilemap_ram:u_map_buffer|map_ram~3376     ; Stuck at GND due to stuck port data_in      ;
; bg_engine:u_bg_engine|tilemap_ram:u_map_buffer|map_ram~3384     ; Stuck at GND due to stuck port data_in      ;
; bg_engine:u_bg_engine|tilemap_ram:u_map_buffer|map_ram~3392     ; Stuck at GND due to stuck port data_in      ;
; bg_engine:u_bg_engine|tilemap_ram:u_map_buffer|map_ram~3400     ; Stuck at GND due to stuck port data_in      ;
; bg_engine:u_bg_engine|tilemap_ram:u_map_buffer|map_ram~3408     ; Stuck at GND due to stuck port data_in      ;
; bg_engine:u_bg_engine|tilemap_ram:u_map_buffer|map_ram~3416     ; Stuck at GND due to stuck port data_in      ;
; bg_engine:u_bg_engine|tilemap_ram:u_map_buffer|map_ram~3424     ; Stuck at GND due to stuck port data_in      ;
; bg_engine:u_bg_engine|tilemap_ram:u_map_buffer|map_ram~3432     ; Stuck at GND due to stuck port data_in      ;
; bg_engine:u_bg_engine|tilemap_ram:u_map_buffer|map_ram~3440     ; Stuck at GND due to stuck port data_in      ;
; bg_engine:u_bg_engine|tilemap_ram:u_map_buffer|map_ram~3448     ; Stuck at GND due to stuck port data_in      ;
; bg_engine:u_bg_engine|tilemap_ram:u_map_buffer|map_ram~3456     ; Stuck at GND due to stuck port data_in      ;
; bg_engine:u_bg_engine|tilemap_ram:u_map_buffer|map_ram~3464     ; Stuck at GND due to stuck port data_in      ;
; bg_engine:u_bg_engine|tilemap_ram:u_map_buffer|map_ram~3472     ; Stuck at GND due to stuck port data_in      ;
; bg_engine:u_bg_engine|tilemap_ram:u_map_buffer|map_ram~3480     ; Stuck at GND due to stuck port data_in      ;
; bg_engine:u_bg_engine|tilemap_ram:u_map_buffer|map_ram~3488     ; Stuck at GND due to stuck port data_in      ;
; bg_engine:u_bg_engine|tilemap_ram:u_map_buffer|map_ram~3496     ; Stuck at GND due to stuck port data_in      ;
; bg_engine:u_bg_engine|tilemap_ram:u_map_buffer|map_ram~3504     ; Stuck at GND due to stuck port data_in      ;
; bg_engine:u_bg_engine|tilemap_ram:u_map_buffer|map_ram~3512     ; Stuck at GND due to stuck port data_in      ;
; bg_engine:u_bg_engine|tilemap_ram:u_map_buffer|map_ram~3520     ; Stuck at GND due to stuck port data_in      ;
; bg_engine:u_bg_engine|tilemap_ram:u_map_buffer|map_ram~3528     ; Stuck at GND due to stuck port data_in      ;
; bg_engine:u_bg_engine|tilemap_ram:u_map_buffer|map_ram~3536     ; Stuck at GND due to stuck port data_in      ;
; bg_engine:u_bg_engine|tilemap_ram:u_map_buffer|map_ram~3544     ; Stuck at GND due to stuck port data_in      ;
; bg_engine:u_bg_engine|tilemap_ram:u_map_buffer|map_ram~3552     ; Stuck at GND due to stuck port data_in      ;
; bg_engine:u_bg_engine|tilemap_ram:u_map_buffer|map_ram~3560     ; Stuck at GND due to stuck port data_in      ;
; bg_engine:u_bg_engine|tilemap_ram:u_map_buffer|map_ram~3568     ; Stuck at GND due to stuck port data_in      ;
; bg_engine:u_bg_engine|tilemap_ram:u_map_buffer|map_ram~3576     ; Stuck at GND due to stuck port data_in      ;
; bg_engine:u_bg_engine|tilemap_ram:u_map_buffer|map_ram~3584     ; Stuck at GND due to stuck port data_in      ;
; bg_engine:u_bg_engine|tilemap_ram:u_map_buffer|map_ram~3592     ; Stuck at GND due to stuck port data_in      ;
; bg_engine:u_bg_engine|tilemap_ram:u_map_buffer|map_ram~3600     ; Stuck at GND due to stuck port data_in      ;
; bg_engine:u_bg_engine|tilemap_ram:u_map_buffer|map_ram~3608     ; Stuck at GND due to stuck port data_in      ;
; bg_engine:u_bg_engine|tilemap_ram:u_map_buffer|map_ram~3616     ; Stuck at GND due to stuck port data_in      ;
; bg_engine:u_bg_engine|tilemap_ram:u_map_buffer|map_ram~3624     ; Stuck at GND due to stuck port data_in      ;
; bg_engine:u_bg_engine|tilemap_ram:u_map_buffer|map_ram~3632     ; Stuck at GND due to stuck port data_in      ;
; bg_engine:u_bg_engine|tilemap_ram:u_map_buffer|map_ram~3640     ; Stuck at GND due to stuck port data_in      ;
; bg_engine:u_bg_engine|tilemap_ram:u_map_buffer|map_ram~3648     ; Stuck at GND due to stuck port data_in      ;
; bg_engine:u_bg_engine|tilemap_ram:u_map_buffer|map_ram~3656     ; Stuck at GND due to stuck port data_in      ;
; bg_engine:u_bg_engine|tilemap_ram:u_map_buffer|map_ram~3664     ; Stuck at GND due to stuck port data_in      ;
; bg_engine:u_bg_engine|tilemap_ram:u_map_buffer|map_ram~3672     ; Stuck at GND due to stuck port data_in      ;
; bg_engine:u_bg_engine|tilemap_ram:u_map_buffer|map_ram~3680     ; Stuck at GND due to stuck port data_in      ;
; bg_engine:u_bg_engine|tilemap_ram:u_map_buffer|map_ram~3688     ; Stuck at GND due to stuck port data_in      ;
; bg_engine:u_bg_engine|tilemap_ram:u_map_buffer|map_ram~3696     ; Stuck at GND due to stuck port data_in      ;
; bg_engine:u_bg_engine|tilemap_ram:u_map_buffer|map_ram~3704     ; Stuck at GND due to stuck port data_in      ;
; bg_engine:u_bg_engine|tilemap_ram:u_map_buffer|map_ram~3712     ; Stuck at GND due to stuck port data_in      ;
; bg_engine:u_bg_engine|tilemap_ram:u_map_buffer|map_ram~3720     ; Stuck at GND due to stuck port data_in      ;
; bg_engine:u_bg_engine|tilemap_ram:u_map_buffer|map_ram~3728     ; Stuck at GND due to stuck port data_in      ;
; bg_engine:u_bg_engine|tilemap_ram:u_map_buffer|map_ram~3736     ; Stuck at GND due to stuck port data_in      ;
; bg_engine:u_bg_engine|tilemap_ram:u_map_buffer|map_ram~3744     ; Stuck at GND due to stuck port data_in      ;
; bg_engine:u_bg_engine|tilemap_ram:u_map_buffer|map_ram~3752     ; Stuck at GND due to stuck port data_in      ;
; bg_engine:u_bg_engine|tilemap_ram:u_map_buffer|map_ram~3760     ; Stuck at GND due to stuck port data_in      ;
; bg_engine:u_bg_engine|tilemap_ram:u_map_buffer|map_ram~3768     ; Stuck at GND due to stuck port data_in      ;
; bg_engine:u_bg_engine|tilemap_ram:u_map_buffer|map_ram~3776     ; Stuck at GND due to stuck port data_in      ;
; bg_engine:u_bg_engine|tilemap_ram:u_map_buffer|map_ram~3784     ; Stuck at GND due to stuck port data_in      ;
; bg_engine:u_bg_engine|tilemap_ram:u_map_buffer|map_ram~3792     ; Stuck at GND due to stuck port data_in      ;
; bg_engine:u_bg_engine|tilemap_ram:u_map_buffer|map_ram~3800     ; Stuck at GND due to stuck port data_in      ;
; bg_engine:u_bg_engine|tilemap_ram:u_map_buffer|map_ram~3808     ; Stuck at GND due to stuck port data_in      ;
; bg_engine:u_bg_engine|tilemap_ram:u_map_buffer|map_ram~3816     ; Stuck at GND due to stuck port data_in      ;
; bg_engine:u_bg_engine|tilemap_ram:u_map_buffer|map_ram~3824     ; Stuck at GND due to stuck port data_in      ;
; bg_engine:u_bg_engine|tilemap_ram:u_map_buffer|map_ram~3832     ; Stuck at GND due to stuck port data_in      ;
; bg_engine:u_bg_engine|tilemap_ram:u_map_buffer|map_ram~3840     ; Stuck at GND due to stuck port data_in      ;
; bg_engine:u_bg_engine|tilemap_ram:u_map_buffer|map_ram~3848     ; Stuck at GND due to stuck port data_in      ;
; bg_engine:u_bg_engine|tilemap_ram:u_map_buffer|map_ram~3856     ; Stuck at GND due to stuck port data_in      ;
; bg_engine:u_bg_engine|tilemap_ram:u_map_buffer|map_ram~3864     ; Stuck at GND due to stuck port data_in      ;
; bg_engine:u_bg_engine|tilemap_ram:u_map_buffer|map_ram~3872     ; Stuck at GND due to stuck port data_in      ;
; bg_engine:u_bg_engine|tilemap_ram:u_map_buffer|map_ram~3880     ; Stuck at GND due to stuck port data_in      ;
; bg_engine:u_bg_engine|tilemap_ram:u_map_buffer|map_ram~3888     ; Stuck at GND due to stuck port data_in      ;
; bg_engine:u_bg_engine|tilemap_ram:u_map_buffer|map_ram~3896     ; Stuck at GND due to stuck port data_in      ;
; bg_engine:u_bg_engine|tilemap_ram:u_map_buffer|map_ram~3904     ; Stuck at GND due to stuck port data_in      ;
; bg_engine:u_bg_engine|tilemap_ram:u_map_buffer|map_ram~3912     ; Stuck at GND due to stuck port data_in      ;
; bg_engine:u_bg_engine|tilemap_ram:u_map_buffer|map_ram~3920     ; Stuck at GND due to stuck port data_in      ;
; bg_engine:u_bg_engine|tilemap_ram:u_map_buffer|map_ram~3928     ; Stuck at GND due to stuck port data_in      ;
; bg_engine:u_bg_engine|tilemap_ram:u_map_buffer|map_ram~3936     ; Stuck at GND due to stuck port data_in      ;
; bg_engine:u_bg_engine|tilemap_ram:u_map_buffer|map_ram~3944     ; Stuck at GND due to stuck port data_in      ;
; bg_engine:u_bg_engine|tilemap_ram:u_map_buffer|map_ram~3952     ; Stuck at GND due to stuck port data_in      ;
; bg_engine:u_bg_engine|tilemap_ram:u_map_buffer|map_ram~3960     ; Stuck at GND due to stuck port data_in      ;
; bg_engine:u_bg_engine|tilemap_ram:u_map_buffer|map_ram~3968     ; Stuck at GND due to stuck port data_in      ;
; bg_engine:u_bg_engine|tilemap_ram:u_map_buffer|map_ram~3976     ; Stuck at GND due to stuck port data_in      ;
; bg_engine:u_bg_engine|tilemap_ram:u_map_buffer|map_ram~3984     ; Stuck at GND due to stuck port data_in      ;
; bg_engine:u_bg_engine|tilemap_ram:u_map_buffer|map_ram~3992     ; Stuck at GND due to stuck port data_in      ;
; bg_engine:u_bg_engine|tilemap_ram:u_map_buffer|map_ram~4000     ; Stuck at GND due to stuck port data_in      ;
; bg_engine:u_bg_engine|tilemap_ram:u_map_buffer|map_ram~4008     ; Stuck at GND due to stuck port data_in      ;
; bg_engine:u_bg_engine|tilemap_ram:u_map_buffer|map_ram~4016     ; Stuck at GND due to stuck port data_in      ;
; bg_engine:u_bg_engine|tilemap_ram:u_map_buffer|map_ram~4024     ; Stuck at GND due to stuck port data_in      ;
; bg_engine:u_bg_engine|tilemap_ram:u_map_buffer|map_ram~4032     ; Stuck at GND due to stuck port data_in      ;
; bg_engine:u_bg_engine|tilemap_ram:u_map_buffer|map_ram~4040     ; Stuck at GND due to stuck port data_in      ;
; bg_engine:u_bg_engine|tilemap_ram:u_map_buffer|map_ram~4048     ; Stuck at GND due to stuck port data_in      ;
; bg_engine:u_bg_engine|tilemap_ram:u_map_buffer|map_ram~4056     ; Stuck at GND due to stuck port data_in      ;
; bg_engine:u_bg_engine|tilemap_ram:u_map_buffer|map_ram~4064     ; Stuck at GND due to stuck port data_in      ;
; bg_engine:u_bg_engine|tilemap_ram:u_map_buffer|map_ram~4072     ; Stuck at GND due to stuck port data_in      ;
; bg_engine:u_bg_engine|tilemap_ram:u_map_buffer|map_ram~4080     ; Stuck at GND due to stuck port data_in      ;
; bg_engine:u_bg_engine|tilemap_ram:u_map_buffer|map_ram~4088     ; Stuck at GND due to stuck port data_in      ;
; bg_engine:u_bg_engine|tilemap_ram:u_map_buffer|map_ram~4096     ; Stuck at GND due to stuck port data_in      ;
; bg_engine:u_bg_engine|tilemap_ram:u_map_buffer|map_ram~4104     ; Stuck at GND due to stuck port data_in      ;
; bg_engine:u_bg_engine|tilemap_ram:u_map_buffer|map_ram~4112     ; Stuck at GND due to stuck port data_in      ;
; bg_engine:u_bg_engine|tilemap_ram:u_map_buffer|map_ram~4120     ; Stuck at GND due to stuck port data_in      ;
; bg_engine:u_bg_engine|tilemap_ram:u_map_buffer|map_ram~4128     ; Stuck at GND due to stuck port data_in      ;
; bg_engine:u_bg_engine|tilemap_ram:u_map_buffer|map_ram~4136     ; Stuck at GND due to stuck port data_in      ;
; bg_engine:u_bg_engine|tilemap_ram:u_map_buffer|map_ram~4144     ; Stuck at GND due to stuck port data_in      ;
; bg_engine:u_bg_engine|tilemap_ram:u_map_buffer|map_ram~4152     ; Stuck at GND due to stuck port data_in      ;
; bg_engine:u_bg_engine|tilemap_ram:u_map_buffer|map_ram~4160     ; Stuck at GND due to stuck port data_in      ;
; bg_engine:u_bg_engine|tilemap_ram:u_map_buffer|map_ram~4168     ; Stuck at GND due to stuck port data_in      ;
; bg_engine:u_bg_engine|tilemap_ram:u_map_buffer|map_ram~4176     ; Stuck at GND due to stuck port data_in      ;
; bg_engine:u_bg_engine|tilemap_ram:u_map_buffer|map_ram~4184     ; Stuck at GND due to stuck port data_in      ;
; bg_engine:u_bg_engine|tilemap_ram:u_map_buffer|map_ram~4192     ; Stuck at GND due to stuck port data_in      ;
; bg_engine:u_bg_engine|tilemap_ram:u_map_buffer|map_ram~4200     ; Stuck at GND due to stuck port data_in      ;
; bg_engine:u_bg_engine|tilemap_ram:u_map_buffer|map_ram~4208     ; Stuck at GND due to stuck port data_in      ;
; bg_engine:u_bg_engine|tilemap_ram:u_map_buffer|map_ram~4216     ; Stuck at GND due to stuck port data_in      ;
; bg_engine:u_bg_engine|tilemap_ram:u_map_buffer|map_ram~4224     ; Stuck at GND due to stuck port data_in      ;
; bg_engine:u_bg_engine|tilemap_ram:u_map_buffer|map_ram~4232     ; Stuck at GND due to stuck port data_in      ;
; bg_engine:u_bg_engine|tilemap_ram:u_map_buffer|map_ram~4240     ; Stuck at GND due to stuck port data_in      ;
; bg_engine:u_bg_engine|tilemap_ram:u_map_buffer|map_ram~4248     ; Stuck at GND due to stuck port data_in      ;
; bg_engine:u_bg_engine|tilemap_ram:u_map_buffer|map_ram~4256     ; Stuck at GND due to stuck port data_in      ;
; bg_engine:u_bg_engine|tilemap_ram:u_map_buffer|map_ram~4264     ; Stuck at GND due to stuck port data_in      ;
; bg_engine:u_bg_engine|tilemap_ram:u_map_buffer|map_ram~4272     ; Stuck at GND due to stuck port data_in      ;
; bg_engine:u_bg_engine|tilemap_ram:u_map_buffer|map_ram~4280     ; Stuck at GND due to stuck port data_in      ;
; bg_engine:u_bg_engine|tilemap_ram:u_map_buffer|map_ram~4288     ; Stuck at GND due to stuck port data_in      ;
; bg_engine:u_bg_engine|tilemap_ram:u_map_buffer|map_ram~4296     ; Stuck at GND due to stuck port data_in      ;
; bg_engine:u_bg_engine|tilemap_ram:u_map_buffer|map_ram~4304     ; Stuck at GND due to stuck port data_in      ;
; bg_engine:u_bg_engine|tilemap_ram:u_map_buffer|map_ram~4312     ; Stuck at GND due to stuck port data_in      ;
; bg_engine:u_bg_engine|tilemap_ram:u_map_buffer|map_ram~4320     ; Stuck at GND due to stuck port data_in      ;
; bg_engine:u_bg_engine|tilemap_ram:u_map_buffer|map_ram~4328     ; Stuck at GND due to stuck port data_in      ;
; bg_engine:u_bg_engine|tilemap_ram:u_map_buffer|map_ram~4336     ; Stuck at GND due to stuck port data_in      ;
; bg_engine:u_bg_engine|tilemap_ram:u_map_buffer|map_ram~4344     ; Stuck at GND due to stuck port data_in      ;
; bg_engine:u_bg_engine|tilemap_ram:u_map_buffer|map_ram~4352     ; Stuck at GND due to stuck port data_in      ;
; bg_engine:u_bg_engine|tilemap_ram:u_map_buffer|map_ram~4360     ; Stuck at GND due to stuck port data_in      ;
; bg_engine:u_bg_engine|tilemap_ram:u_map_buffer|map_ram~4368     ; Stuck at GND due to stuck port data_in      ;
; bg_engine:u_bg_engine|tilemap_ram:u_map_buffer|map_ram~4376     ; Stuck at GND due to stuck port data_in      ;
; bg_engine:u_bg_engine|tilemap_ram:u_map_buffer|map_ram~4384     ; Stuck at GND due to stuck port data_in      ;
; bg_engine:u_bg_engine|tilemap_ram:u_map_buffer|map_ram~4392     ; Stuck at GND due to stuck port data_in      ;
; bg_engine:u_bg_engine|tilemap_ram:u_map_buffer|map_ram~4400     ; Stuck at GND due to stuck port data_in      ;
; bg_engine:u_bg_engine|tilemap_ram:u_map_buffer|map_ram~4408     ; Stuck at GND due to stuck port data_in      ;
; bg_engine:u_bg_engine|tilemap_ram:u_map_buffer|map_ram~4416     ; Stuck at GND due to stuck port data_in      ;
; bg_engine:u_bg_engine|tilemap_ram:u_map_buffer|map_ram~4424     ; Stuck at GND due to stuck port data_in      ;
; bg_engine:u_bg_engine|tilemap_ram:u_map_buffer|map_ram~4432     ; Stuck at GND due to stuck port data_in      ;
; bg_engine:u_bg_engine|tilemap_ram:u_map_buffer|map_ram~4440     ; Stuck at GND due to stuck port data_in      ;
; bg_engine:u_bg_engine|tilemap_ram:u_map_buffer|map_ram~4448     ; Stuck at GND due to stuck port data_in      ;
; bg_engine:u_bg_engine|tilemap_ram:u_map_buffer|map_ram~4456     ; Stuck at GND due to stuck port data_in      ;
; bg_engine:u_bg_engine|tilemap_ram:u_map_buffer|map_ram~4464     ; Stuck at GND due to stuck port data_in      ;
; bg_engine:u_bg_engine|tilemap_ram:u_map_buffer|map_ram~4472     ; Stuck at GND due to stuck port data_in      ;
; bg_engine:u_bg_engine|tilemap_ram:u_map_buffer|map_ram~4480     ; Stuck at GND due to stuck port data_in      ;
; bg_engine:u_bg_engine|tilemap_ram:u_map_buffer|map_ram~4488     ; Stuck at GND due to stuck port data_in      ;
; bg_engine:u_bg_engine|tilemap_ram:u_map_buffer|map_ram~4496     ; Stuck at GND due to stuck port data_in      ;
; bg_engine:u_bg_engine|tilemap_ram:u_map_buffer|map_ram~4504     ; Stuck at GND due to stuck port data_in      ;
; bg_engine:u_bg_engine|tilemap_ram:u_map_buffer|map_ram~4512     ; Stuck at GND due to stuck port data_in      ;
; bg_engine:u_bg_engine|tilemap_ram:u_map_buffer|map_ram~4520     ; Stuck at GND due to stuck port data_in      ;
; bg_engine:u_bg_engine|tilemap_ram:u_map_buffer|map_ram~4528     ; Stuck at GND due to stuck port data_in      ;
; bg_engine:u_bg_engine|tilemap_ram:u_map_buffer|map_ram~4536     ; Stuck at GND due to stuck port data_in      ;
; bg_engine:u_bg_engine|tilemap_ram:u_map_buffer|map_ram~4544     ; Stuck at GND due to stuck port data_in      ;
; bg_engine:u_bg_engine|tilemap_ram:u_map_buffer|map_ram~4552     ; Stuck at GND due to stuck port data_in      ;
; bg_engine:u_bg_engine|tilemap_ram:u_map_buffer|map_ram~4560     ; Stuck at GND due to stuck port data_in      ;
; bg_engine:u_bg_engine|tilemap_ram:u_map_buffer|map_ram~4568     ; Stuck at GND due to stuck port data_in      ;
; bg_engine:u_bg_engine|tilemap_ram:u_map_buffer|map_ram~4576     ; Stuck at GND due to stuck port data_in      ;
; bg_engine:u_bg_engine|tilemap_ram:u_map_buffer|map_ram~4584     ; Stuck at GND due to stuck port data_in      ;
; bg_engine:u_bg_engine|tilemap_ram:u_map_buffer|map_ram~4592     ; Stuck at GND due to stuck port data_in      ;
; bg_engine:u_bg_engine|tilemap_ram:u_map_buffer|map_ram~4600     ; Stuck at GND due to stuck port data_in      ;
; bg_engine:u_bg_engine|tilemap_ram:u_map_buffer|map_ram~4608     ; Stuck at GND due to stuck port data_in      ;
; bg_engine:u_bg_engine|tilemap_ram:u_map_buffer|map_ram~4616     ; Stuck at GND due to stuck port data_in      ;
; bg_engine:u_bg_engine|tilemap_ram:u_map_buffer|map_ram~4624     ; Stuck at GND due to stuck port data_in      ;
; bg_engine:u_bg_engine|tilemap_ram:u_map_buffer|map_ram~4632     ; Stuck at GND due to stuck port data_in      ;
; bg_engine:u_bg_engine|tilemap_ram:u_map_buffer|map_ram~4640     ; Stuck at GND due to stuck port data_in      ;
; bg_engine:u_bg_engine|tilemap_ram:u_map_buffer|map_ram~4648     ; Stuck at GND due to stuck port data_in      ;
; bg_engine:u_bg_engine|tilemap_ram:u_map_buffer|map_ram~4656     ; Stuck at GND due to stuck port data_in      ;
; bg_engine:u_bg_engine|tilemap_ram:u_map_buffer|map_ram~4664     ; Stuck at GND due to stuck port data_in      ;
; bg_engine:u_bg_engine|tilemap_ram:u_map_buffer|map_ram~4672     ; Stuck at GND due to stuck port data_in      ;
; bg_engine:u_bg_engine|tilemap_ram:u_map_buffer|map_ram~4680     ; Stuck at GND due to stuck port data_in      ;
; bg_engine:u_bg_engine|tilemap_ram:u_map_buffer|map_ram~4688     ; Stuck at GND due to stuck port data_in      ;
; bg_engine:u_bg_engine|tilemap_ram:u_map_buffer|map_ram~4696     ; Stuck at GND due to stuck port data_in      ;
; bg_engine:u_bg_engine|tilemap_ram:u_map_buffer|map_ram~4704     ; Stuck at GND due to stuck port data_in      ;
; bg_engine:u_bg_engine|tilemap_ram:u_map_buffer|map_ram~4712     ; Stuck at GND due to stuck port data_in      ;
; bg_engine:u_bg_engine|tilemap_ram:u_map_buffer|map_ram~4720     ; Stuck at GND due to stuck port data_in      ;
; bg_engine:u_bg_engine|tilemap_ram:u_map_buffer|map_ram~4728     ; Stuck at GND due to stuck port data_in      ;
; bg_engine:u_bg_engine|tilemap_ram:u_map_buffer|map_ram~4736     ; Stuck at GND due to stuck port data_in      ;
; bg_engine:u_bg_engine|tilemap_ram:u_map_buffer|map_ram~4744     ; Stuck at GND due to stuck port data_in      ;
; bg_engine:u_bg_engine|tilemap_ram:u_map_buffer|map_ram~4752     ; Stuck at GND due to stuck port data_in      ;
; bg_engine:u_bg_engine|tilemap_ram:u_map_buffer|map_ram~4760     ; Stuck at GND due to stuck port data_in      ;
; bg_engine:u_bg_engine|tilemap_ram:u_map_buffer|map_ram~4768     ; Stuck at GND due to stuck port data_in      ;
; bg_engine:u_bg_engine|tilemap_ram:u_map_buffer|map_ram~4776     ; Stuck at GND due to stuck port data_in      ;
; bg_engine:u_bg_engine|tilemap_ram:u_map_buffer|map_ram~4784     ; Stuck at GND due to stuck port data_in      ;
; bg_engine:u_bg_engine|tilemap_ram:u_map_buffer|map_ram~4792     ; Stuck at GND due to stuck port data_in      ;
; bg_engine:u_bg_engine|tilemap_ram:u_map_buffer|map_ram~4800     ; Stuck at GND due to stuck port data_in      ;
; bg_engine:u_bg_engine|tilemap_ram:u_map_buffer|map_ram~4808     ; Stuck at GND due to stuck port data_in      ;
; bg_engine:u_bg_engine|tilemap_ram:u_map_buffer|map_ram~4816     ; Stuck at GND due to stuck port data_in      ;
; bg_engine:u_bg_engine|tilemap_ram:u_map_buffer|map_ram~4824     ; Stuck at GND due to stuck port data_in      ;
; bg_engine:u_bg_engine|tilemap_ram:u_map_buffer|map_ram~4832     ; Stuck at GND due to stuck port data_in      ;
; bg_engine:u_bg_engine|tilemap_ram:u_map_buffer|map_ram~4840     ; Stuck at GND due to stuck port data_in      ;
; bg_engine:u_bg_engine|tilemap_ram:u_map_buffer|map_ram~4848     ; Stuck at GND due to stuck port data_in      ;
; bg_engine:u_bg_engine|tilemap_ram:u_map_buffer|map_ram~4856     ; Stuck at GND due to stuck port data_in      ;
; bg_engine:u_bg_engine|tilemap_ram:u_map_buffer|map_ram~4864     ; Stuck at GND due to stuck port data_in      ;
; bg_engine:u_bg_engine|tilemap_ram:u_map_buffer|map_ram~4872     ; Stuck at GND due to stuck port data_in      ;
; bg_engine:u_bg_engine|tilemap_ram:u_map_buffer|map_ram~4880     ; Stuck at GND due to stuck port data_in      ;
; bg_engine:u_bg_engine|tilemap_ram:u_map_buffer|map_ram~4888     ; Stuck at GND due to stuck port data_in      ;
; bg_engine:u_bg_engine|tilemap_ram:u_map_buffer|map_ram~4896     ; Stuck at GND due to stuck port data_in      ;
; bg_engine:u_bg_engine|tilemap_ram:u_map_buffer|map_ram~4904     ; Stuck at GND due to stuck port data_in      ;
; bg_engine:u_bg_engine|tilemap_ram:u_map_buffer|map_ram~4912     ; Stuck at GND due to stuck port data_in      ;
; bg_engine:u_bg_engine|tilemap_ram:u_map_buffer|map_ram~4920     ; Stuck at GND due to stuck port data_in      ;
; bg_engine:u_bg_engine|tilemap_ram:u_map_buffer|map_ram~4928     ; Stuck at GND due to stuck port data_in      ;
; bg_engine:u_bg_engine|tilemap_ram:u_map_buffer|map_ram~4936     ; Stuck at GND due to stuck port data_in      ;
; bg_engine:u_bg_engine|tilemap_ram:u_map_buffer|map_ram~4944     ; Stuck at GND due to stuck port data_in      ;
; bg_engine:u_bg_engine|tilemap_ram:u_map_buffer|map_ram~4952     ; Stuck at GND due to stuck port data_in      ;
; bg_engine:u_bg_engine|tilemap_ram:u_map_buffer|map_ram~4960     ; Stuck at GND due to stuck port data_in      ;
; bg_engine:u_bg_engine|tilemap_ram:u_map_buffer|map_ram~4968     ; Stuck at GND due to stuck port data_in      ;
; bg_engine:u_bg_engine|tilemap_ram:u_map_buffer|map_ram~4976     ; Stuck at GND due to stuck port data_in      ;
; bg_engine:u_bg_engine|tilemap_ram:u_map_buffer|map_ram~4984     ; Stuck at GND due to stuck port data_in      ;
; bg_engine:u_bg_engine|tilemap_ram:u_map_buffer|map_ram~4992     ; Stuck at GND due to stuck port data_in      ;
; bg_engine:u_bg_engine|tilemap_ram:u_map_buffer|map_ram~5000     ; Stuck at GND due to stuck port data_in      ;
; bg_engine:u_bg_engine|tilemap_ram:u_map_buffer|map_ram~5008     ; Stuck at GND due to stuck port data_in      ;
; bg_engine:u_bg_engine|tilemap_ram:u_map_buffer|map_ram~5016     ; Stuck at GND due to stuck port data_in      ;
; bg_engine:u_bg_engine|tilemap_ram:u_map_buffer|map_ram~5024     ; Stuck at GND due to stuck port data_in      ;
; bg_engine:u_bg_engine|tilemap_ram:u_map_buffer|map_ram~5032     ; Stuck at GND due to stuck port data_in      ;
; bg_engine:u_bg_engine|tilemap_ram:u_map_buffer|map_ram~5040     ; Stuck at GND due to stuck port data_in      ;
; bg_engine:u_bg_engine|tilemap_ram:u_map_buffer|map_ram~5048     ; Stuck at GND due to stuck port data_in      ;
; bg_engine:u_bg_engine|tilemap_ram:u_map_buffer|map_ram~5056     ; Stuck at GND due to stuck port data_in      ;
; bg_engine:u_bg_engine|tilemap_ram:u_map_buffer|map_ram~5064     ; Stuck at GND due to stuck port data_in      ;
; bg_engine:u_bg_engine|tilemap_ram:u_map_buffer|map_ram~5072     ; Stuck at GND due to stuck port data_in      ;
; bg_engine:u_bg_engine|tilemap_ram:u_map_buffer|map_ram~5080     ; Stuck at GND due to stuck port data_in      ;
; bg_engine:u_bg_engine|tilemap_ram:u_map_buffer|map_ram~5088     ; Stuck at GND due to stuck port data_in      ;
; bg_engine:u_bg_engine|tilemap_ram:u_map_buffer|map_ram~5096     ; Stuck at GND due to stuck port data_in      ;
; bg_engine:u_bg_engine|tilemap_ram:u_map_buffer|map_ram~5104     ; Stuck at GND due to stuck port data_in      ;
; bg_engine:u_bg_engine|tilemap_ram:u_map_buffer|map_ram~5112     ; Stuck at GND due to stuck port data_in      ;
; bg_engine:u_bg_engine|tilemap_ram:u_map_buffer|map_ram~5128     ; Stuck at GND due to stuck port data_in      ;
; bg_engine:u_bg_engine|tilemap_ram:u_map_buffer|map_ram~5136     ; Stuck at GND due to stuck port data_in      ;
; bg_engine:u_bg_engine|tilemap_ram:u_map_buffer|map_ram~5144     ; Stuck at GND due to stuck port data_in      ;
; bg_engine:u_bg_engine|tilemap_ram:u_map_buffer|map_ram~5152     ; Stuck at GND due to stuck port data_in      ;
; bg_engine:u_bg_engine|tilemap_ram:u_map_buffer|map_ram~5160     ; Stuck at GND due to stuck port data_in      ;
; bg_engine:u_bg_engine|tilemap_ram:u_map_buffer|map_ram~5168     ; Stuck at GND due to stuck port data_in      ;
; bg_engine:u_bg_engine|tilemap_ram:u_map_buffer|map_ram~5176     ; Stuck at GND due to stuck port data_in      ;
; bg_engine:u_bg_engine|tilemap_ram:u_map_buffer|map_ram~5184     ; Stuck at GND due to stuck port data_in      ;
; bg_engine:u_bg_engine|tilemap_ram:u_map_buffer|map_ram~5192     ; Stuck at GND due to stuck port data_in      ;
; bg_engine:u_bg_engine|tilemap_ram:u_map_buffer|map_ram~5200     ; Stuck at GND due to stuck port data_in      ;
; bg_engine:u_bg_engine|tilemap_ram:u_map_buffer|map_ram~5208     ; Stuck at GND due to stuck port data_in      ;
; bg_engine:u_bg_engine|tilemap_ram:u_map_buffer|map_ram~5216     ; Stuck at GND due to stuck port data_in      ;
; bg_engine:u_bg_engine|tilemap_ram:u_map_buffer|map_ram~5224     ; Stuck at GND due to stuck port data_in      ;
; bg_engine:u_bg_engine|tilemap_ram:u_map_buffer|map_ram~5232     ; Stuck at GND due to stuck port data_in      ;
; bg_engine:u_bg_engine|tilemap_ram:u_map_buffer|map_ram~5240     ; Stuck at GND due to stuck port data_in      ;
; bg_engine:u_bg_engine|tilemap_ram:u_map_buffer|map_ram~5248     ; Stuck at GND due to stuck port data_in      ;
; bg_engine:u_bg_engine|tilemap_ram:u_map_buffer|map_ram~5256     ; Stuck at GND due to stuck port data_in      ;
; bg_engine:u_bg_engine|tilemap_ram:u_map_buffer|map_ram~5264     ; Stuck at GND due to stuck port data_in      ;
; bg_engine:u_bg_engine|tilemap_ram:u_map_buffer|map_ram~5272     ; Stuck at GND due to stuck port data_in      ;
; bg_engine:u_bg_engine|tilemap_ram:u_map_buffer|map_ram~5280     ; Stuck at GND due to stuck port data_in      ;
; bg_engine:u_bg_engine|tilemap_ram:u_map_buffer|map_ram~5288     ; Stuck at GND due to stuck port data_in      ;
; bg_engine:u_bg_engine|tilemap_ram:u_map_buffer|map_ram~5296     ; Stuck at GND due to stuck port data_in      ;
; bg_engine:u_bg_engine|tilemap_ram:u_map_buffer|map_ram~5304     ; Stuck at GND due to stuck port data_in      ;
; bg_engine:u_bg_engine|tilemap_ram:u_map_buffer|map_ram~5312     ; Stuck at GND due to stuck port data_in      ;
; bg_engine:u_bg_engine|tilemap_ram:u_map_buffer|map_ram~5320     ; Stuck at GND due to stuck port data_in      ;
; bg_engine:u_bg_engine|tilemap_ram:u_map_buffer|map_ram~5328     ; Stuck at GND due to stuck port data_in      ;
; bg_engine:u_bg_engine|tilemap_ram:u_map_buffer|map_ram~5336     ; Stuck at GND due to stuck port data_in      ;
; bg_engine:u_bg_engine|tilemap_ram:u_map_buffer|map_ram~5344     ; Stuck at GND due to stuck port data_in      ;
; bg_engine:u_bg_engine|tilemap_ram:u_map_buffer|map_ram~5352     ; Stuck at GND due to stuck port data_in      ;
; bg_engine:u_bg_engine|tilemap_ram:u_map_buffer|map_ram~5360     ; Stuck at GND due to stuck port data_in      ;
; bg_engine:u_bg_engine|tilemap_ram:u_map_buffer|map_ram~5368     ; Stuck at GND due to stuck port data_in      ;
; bg_engine:u_bg_engine|tilemap_ram:u_map_buffer|map_ram~5376     ; Stuck at GND due to stuck port data_in      ;
; bg_engine:u_bg_engine|tilemap_ram:u_map_buffer|map_ram~5384     ; Stuck at GND due to stuck port data_in      ;
; bg_engine:u_bg_engine|tilemap_ram:u_map_buffer|map_ram~5392     ; Stuck at GND due to stuck port data_in      ;
; bg_engine:u_bg_engine|tilemap_ram:u_map_buffer|map_ram~5400     ; Stuck at GND due to stuck port data_in      ;
; bg_engine:u_bg_engine|tilemap_ram:u_map_buffer|map_ram~5408     ; Stuck at GND due to stuck port data_in      ;
; bg_engine:u_bg_engine|tilemap_ram:u_map_buffer|map_ram~5416     ; Stuck at GND due to stuck port data_in      ;
; bg_engine:u_bg_engine|tilemap_ram:u_map_buffer|map_ram~5424     ; Stuck at GND due to stuck port data_in      ;
; bg_engine:u_bg_engine|tilemap_ram:u_map_buffer|map_ram~5432     ; Stuck at GND due to stuck port data_in      ;
; bg_engine:u_bg_engine|tilemap_ram:u_map_buffer|map_ram~5448     ; Stuck at GND due to stuck port data_in      ;
; bg_engine:u_bg_engine|tilemap_ram:u_map_buffer|map_ram~5456     ; Stuck at GND due to stuck port data_in      ;
; bg_engine:u_bg_engine|tilemap_ram:u_map_buffer|map_ram~5464     ; Stuck at GND due to stuck port data_in      ;
; bg_engine:u_bg_engine|tilemap_ram:u_map_buffer|map_ram~5472     ; Stuck at GND due to stuck port data_in      ;
; bg_engine:u_bg_engine|tilemap_ram:u_map_buffer|map_ram~5480     ; Stuck at GND due to stuck port data_in      ;
; bg_engine:u_bg_engine|tilemap_ram:u_map_buffer|map_ram~5488     ; Stuck at GND due to stuck port data_in      ;
; bg_engine:u_bg_engine|tilemap_ram:u_map_buffer|map_ram~5496     ; Stuck at GND due to stuck port data_in      ;
; bg_engine:u_bg_engine|tilemap_ram:u_map_buffer|map_ram~5504     ; Stuck at GND due to stuck port data_in      ;
; bg_engine:u_bg_engine|tilemap_ram:u_map_buffer|map_ram~5512     ; Stuck at GND due to stuck port data_in      ;
; bg_engine:u_bg_engine|tilemap_ram:u_map_buffer|map_ram~5520     ; Stuck at GND due to stuck port data_in      ;
; bg_engine:u_bg_engine|tilemap_ram:u_map_buffer|map_ram~5528     ; Stuck at GND due to stuck port data_in      ;
; bg_engine:u_bg_engine|tilemap_ram:u_map_buffer|map_ram~5536     ; Stuck at GND due to stuck port data_in      ;
; bg_engine:u_bg_engine|tilemap_ram:u_map_buffer|map_ram~5544     ; Stuck at GND due to stuck port data_in      ;
; bg_engine:u_bg_engine|tilemap_ram:u_map_buffer|map_ram~5552     ; Stuck at GND due to stuck port data_in      ;
; bg_engine:u_bg_engine|tilemap_ram:u_map_buffer|map_ram~5560     ; Stuck at GND due to stuck port data_in      ;
; bg_engine:u_bg_engine|tilemap_ram:u_map_buffer|map_ram~5568     ; Stuck at GND due to stuck port data_in      ;
; bg_engine:u_bg_engine|tilemap_ram:u_map_buffer|map_ram~5576     ; Stuck at GND due to stuck port data_in      ;
; bg_engine:u_bg_engine|tilemap_ram:u_map_buffer|map_ram~5584     ; Stuck at GND due to stuck port data_in      ;
; bg_engine:u_bg_engine|tilemap_ram:u_map_buffer|map_ram~5592     ; Stuck at GND due to stuck port data_in      ;
; bg_engine:u_bg_engine|tilemap_ram:u_map_buffer|map_ram~5600     ; Stuck at GND due to stuck port data_in      ;
; bg_engine:u_bg_engine|tilemap_ram:u_map_buffer|map_ram~5608     ; Stuck at GND due to stuck port data_in      ;
; bg_engine:u_bg_engine|tilemap_ram:u_map_buffer|map_ram~5616     ; Stuck at GND due to stuck port data_in      ;
; bg_engine:u_bg_engine|tilemap_ram:u_map_buffer|map_ram~5624     ; Stuck at GND due to stuck port data_in      ;
; bg_engine:u_bg_engine|tilemap_ram:u_map_buffer|map_ram~5632     ; Stuck at GND due to stuck port data_in      ;
; bg_engine:u_bg_engine|tilemap_ram:u_map_buffer|map_ram~5640     ; Stuck at GND due to stuck port data_in      ;
; bg_engine:u_bg_engine|tilemap_ram:u_map_buffer|map_ram~5648     ; Stuck at GND due to stuck port data_in      ;
; bg_engine:u_bg_engine|tilemap_ram:u_map_buffer|map_ram~5656     ; Stuck at GND due to stuck port data_in      ;
; bg_engine:u_bg_engine|tilemap_ram:u_map_buffer|map_ram~5664     ; Stuck at GND due to stuck port data_in      ;
; bg_engine:u_bg_engine|tilemap_ram:u_map_buffer|map_ram~5672     ; Stuck at GND due to stuck port data_in      ;
; bg_engine:u_bg_engine|tilemap_ram:u_map_buffer|map_ram~5680     ; Stuck at GND due to stuck port data_in      ;
; bg_engine:u_bg_engine|tilemap_ram:u_map_buffer|map_ram~5688     ; Stuck at GND due to stuck port data_in      ;
; bg_engine:u_bg_engine|tilemap_ram:u_map_buffer|map_ram~5696     ; Stuck at GND due to stuck port data_in      ;
; bg_engine:u_bg_engine|tilemap_ram:u_map_buffer|map_ram~5704     ; Stuck at GND due to stuck port data_in      ;
; bg_engine:u_bg_engine|tilemap_ram:u_map_buffer|map_ram~5712     ; Stuck at GND due to stuck port data_in      ;
; bg_engine:u_bg_engine|tilemap_ram:u_map_buffer|map_ram~5720     ; Stuck at GND due to stuck port data_in      ;
; bg_engine:u_bg_engine|tilemap_ram:u_map_buffer|map_ram~5728     ; Stuck at GND due to stuck port data_in      ;
; bg_engine:u_bg_engine|tilemap_ram:u_map_buffer|map_ram~5736     ; Stuck at GND due to stuck port data_in      ;
; bg_engine:u_bg_engine|tilemap_ram:u_map_buffer|map_ram~5744     ; Stuck at GND due to stuck port data_in      ;
; bg_engine:u_bg_engine|tilemap_ram:u_map_buffer|map_ram~5752     ; Stuck at GND due to stuck port data_in      ;
; bg_engine:u_bg_engine|tilemap_ram:u_map_buffer|map_ram~5768     ; Stuck at GND due to stuck port data_in      ;
; bg_engine:u_bg_engine|tilemap_ram:u_map_buffer|map_ram~5776     ; Stuck at GND due to stuck port data_in      ;
; bg_engine:u_bg_engine|tilemap_ram:u_map_buffer|map_ram~5784     ; Stuck at GND due to stuck port data_in      ;
; bg_engine:u_bg_engine|tilemap_ram:u_map_buffer|map_ram~5792     ; Stuck at GND due to stuck port data_in      ;
; bg_engine:u_bg_engine|tilemap_ram:u_map_buffer|map_ram~5800     ; Stuck at GND due to stuck port data_in      ;
; bg_engine:u_bg_engine|tilemap_ram:u_map_buffer|map_ram~5808     ; Stuck at GND due to stuck port data_in      ;
; bg_engine:u_bg_engine|tilemap_ram:u_map_buffer|map_ram~5816     ; Stuck at GND due to stuck port data_in      ;
; bg_engine:u_bg_engine|tilemap_ram:u_map_buffer|map_ram~5824     ; Stuck at GND due to stuck port data_in      ;
; bg_engine:u_bg_engine|tilemap_ram:u_map_buffer|map_ram~5832     ; Stuck at GND due to stuck port data_in      ;
; bg_engine:u_bg_engine|tilemap_ram:u_map_buffer|map_ram~5840     ; Stuck at GND due to stuck port data_in      ;
; bg_engine:u_bg_engine|tilemap_ram:u_map_buffer|map_ram~5848     ; Stuck at GND due to stuck port data_in      ;
; bg_engine:u_bg_engine|tilemap_ram:u_map_buffer|map_ram~5856     ; Stuck at GND due to stuck port data_in      ;
; bg_engine:u_bg_engine|tilemap_ram:u_map_buffer|map_ram~5864     ; Stuck at GND due to stuck port data_in      ;
; bg_engine:u_bg_engine|tilemap_ram:u_map_buffer|map_ram~5872     ; Stuck at GND due to stuck port data_in      ;
; bg_engine:u_bg_engine|tilemap_ram:u_map_buffer|map_ram~5880     ; Stuck at GND due to stuck port data_in      ;
; bg_engine:u_bg_engine|tilemap_ram:u_map_buffer|map_ram~5888     ; Stuck at GND due to stuck port data_in      ;
; bg_engine:u_bg_engine|tilemap_ram:u_map_buffer|map_ram~5896     ; Stuck at GND due to stuck port data_in      ;
; bg_engine:u_bg_engine|tilemap_ram:u_map_buffer|map_ram~5904     ; Stuck at GND due to stuck port data_in      ;
; bg_engine:u_bg_engine|tilemap_ram:u_map_buffer|map_ram~5912     ; Stuck at GND due to stuck port data_in      ;
; bg_engine:u_bg_engine|tilemap_ram:u_map_buffer|map_ram~5920     ; Stuck at GND due to stuck port data_in      ;
; bg_engine:u_bg_engine|tilemap_ram:u_map_buffer|map_ram~5928     ; Stuck at GND due to stuck port data_in      ;
; bg_engine:u_bg_engine|tilemap_ram:u_map_buffer|map_ram~5936     ; Stuck at GND due to stuck port data_in      ;
; bg_engine:u_bg_engine|tilemap_ram:u_map_buffer|map_ram~5944     ; Stuck at GND due to stuck port data_in      ;
; bg_engine:u_bg_engine|tilemap_ram:u_map_buffer|map_ram~5952     ; Stuck at GND due to stuck port data_in      ;
; bg_engine:u_bg_engine|tilemap_ram:u_map_buffer|map_ram~5960     ; Stuck at GND due to stuck port data_in      ;
; bg_engine:u_bg_engine|tilemap_ram:u_map_buffer|map_ram~5968     ; Stuck at GND due to stuck port data_in      ;
; bg_engine:u_bg_engine|tilemap_ram:u_map_buffer|map_ram~5976     ; Stuck at GND due to stuck port data_in      ;
; bg_engine:u_bg_engine|tilemap_ram:u_map_buffer|map_ram~5984     ; Stuck at GND due to stuck port data_in      ;
; bg_engine:u_bg_engine|tilemap_ram:u_map_buffer|map_ram~5992     ; Stuck at GND due to stuck port data_in      ;
; bg_engine:u_bg_engine|tilemap_ram:u_map_buffer|map_ram~6000     ; Stuck at GND due to stuck port data_in      ;
; bg_engine:u_bg_engine|tilemap_ram:u_map_buffer|map_ram~6008     ; Stuck at GND due to stuck port data_in      ;
; bg_engine:u_bg_engine|tilemap_ram:u_map_buffer|map_ram~6016     ; Stuck at GND due to stuck port data_in      ;
; bg_engine:u_bg_engine|tilemap_ram:u_map_buffer|map_ram~6024     ; Stuck at GND due to stuck port data_in      ;
; bg_engine:u_bg_engine|tilemap_ram:u_map_buffer|map_ram~6032     ; Stuck at GND due to stuck port data_in      ;
; bg_engine:u_bg_engine|tilemap_ram:u_map_buffer|map_ram~6040     ; Stuck at GND due to stuck port data_in      ;
; bg_engine:u_bg_engine|tilemap_ram:u_map_buffer|map_ram~6048     ; Stuck at GND due to stuck port data_in      ;
; bg_engine:u_bg_engine|tilemap_ram:u_map_buffer|map_ram~6056     ; Stuck at GND due to stuck port data_in      ;
; bg_engine:u_bg_engine|tilemap_ram:u_map_buffer|map_ram~6064     ; Stuck at GND due to stuck port data_in      ;
; bg_engine:u_bg_engine|tilemap_ram:u_map_buffer|map_ram~6072     ; Stuck at GND due to stuck port data_in      ;
; bg_engine:u_bg_engine|tilemap_ram:u_map_buffer|map_ram~6088     ; Stuck at GND due to stuck port data_in      ;
; bg_engine:u_bg_engine|tilemap_ram:u_map_buffer|map_ram~6096     ; Stuck at GND due to stuck port data_in      ;
; bg_engine:u_bg_engine|tilemap_ram:u_map_buffer|map_ram~6104     ; Stuck at GND due to stuck port data_in      ;
; bg_engine:u_bg_engine|tilemap_ram:u_map_buffer|map_ram~6112     ; Stuck at GND due to stuck port data_in      ;
; bg_engine:u_bg_engine|tilemap_ram:u_map_buffer|map_ram~6120     ; Stuck at GND due to stuck port data_in      ;
; bg_engine:u_bg_engine|tilemap_ram:u_map_buffer|map_ram~6128     ; Stuck at GND due to stuck port data_in      ;
; bg_engine:u_bg_engine|tilemap_ram:u_map_buffer|map_ram~6136     ; Stuck at GND due to stuck port data_in      ;
; bg_engine:u_bg_engine|tilemap_ram:u_map_buffer|map_ram~6144     ; Stuck at GND due to stuck port data_in      ;
; bg_engine:u_bg_engine|tilemap_ram:u_map_buffer|map_ram~6152     ; Stuck at GND due to stuck port data_in      ;
; bg_engine:u_bg_engine|tilemap_ram:u_map_buffer|map_ram~6160     ; Stuck at GND due to stuck port data_in      ;
; bg_engine:u_bg_engine|tilemap_ram:u_map_buffer|map_ram~6168     ; Stuck at GND due to stuck port data_in      ;
; bg_engine:u_bg_engine|tilemap_ram:u_map_buffer|map_ram~6176     ; Stuck at GND due to stuck port data_in      ;
; bg_engine:u_bg_engine|tilemap_ram:u_map_buffer|map_ram~6184     ; Stuck at GND due to stuck port data_in      ;
; bg_engine:u_bg_engine|tilemap_ram:u_map_buffer|map_ram~6192     ; Stuck at GND due to stuck port data_in      ;
; bg_engine:u_bg_engine|tilemap_ram:u_map_buffer|map_ram~6200     ; Stuck at GND due to stuck port data_in      ;
; bg_engine:u_bg_engine|tilemap_ram:u_map_buffer|map_ram~6208     ; Stuck at GND due to stuck port data_in      ;
; bg_engine:u_bg_engine|tilemap_ram:u_map_buffer|map_ram~6216     ; Stuck at GND due to stuck port data_in      ;
; bg_engine:u_bg_engine|tilemap_ram:u_map_buffer|map_ram~6224     ; Stuck at GND due to stuck port data_in      ;
; bg_engine:u_bg_engine|tilemap_ram:u_map_buffer|map_ram~6232     ; Stuck at GND due to stuck port data_in      ;
; bg_engine:u_bg_engine|tilemap_ram:u_map_buffer|map_ram~6240     ; Stuck at GND due to stuck port data_in      ;
; bg_engine:u_bg_engine|tilemap_ram:u_map_buffer|map_ram~6248     ; Stuck at GND due to stuck port data_in      ;
; bg_engine:u_bg_engine|tilemap_ram:u_map_buffer|map_ram~6256     ; Stuck at GND due to stuck port data_in      ;
; bg_engine:u_bg_engine|tilemap_ram:u_map_buffer|map_ram~6264     ; Stuck at GND due to stuck port data_in      ;
; bg_engine:u_bg_engine|tilemap_ram:u_map_buffer|map_ram~6272     ; Stuck at GND due to stuck port data_in      ;
; bg_engine:u_bg_engine|tilemap_ram:u_map_buffer|map_ram~6280     ; Stuck at GND due to stuck port data_in      ;
; bg_engine:u_bg_engine|tilemap_ram:u_map_buffer|map_ram~6288     ; Stuck at GND due to stuck port data_in      ;
; bg_engine:u_bg_engine|tilemap_ram:u_map_buffer|map_ram~6296     ; Stuck at GND due to stuck port data_in      ;
; bg_engine:u_bg_engine|tilemap_ram:u_map_buffer|map_ram~6304     ; Stuck at GND due to stuck port data_in      ;
; bg_engine:u_bg_engine|tilemap_ram:u_map_buffer|map_ram~6312     ; Stuck at GND due to stuck port data_in      ;
; bg_engine:u_bg_engine|tilemap_ram:u_map_buffer|map_ram~6320     ; Stuck at GND due to stuck port data_in      ;
; bg_engine:u_bg_engine|tilemap_ram:u_map_buffer|map_ram~6328     ; Stuck at GND due to stuck port data_in      ;
; bg_engine:u_bg_engine|tilemap_ram:u_map_buffer|map_ram~6336     ; Stuck at GND due to stuck port data_in      ;
; bg_engine:u_bg_engine|tilemap_ram:u_map_buffer|map_ram~6344     ; Stuck at GND due to stuck port data_in      ;
; bg_engine:u_bg_engine|tilemap_ram:u_map_buffer|map_ram~6352     ; Stuck at GND due to stuck port data_in      ;
; bg_engine:u_bg_engine|tilemap_ram:u_map_buffer|map_ram~6360     ; Stuck at GND due to stuck port data_in      ;
; bg_engine:u_bg_engine|tilemap_ram:u_map_buffer|map_ram~6368     ; Stuck at GND due to stuck port data_in      ;
; bg_engine:u_bg_engine|tilemap_ram:u_map_buffer|map_ram~6376     ; Stuck at GND due to stuck port data_in      ;
; bg_engine:u_bg_engine|tilemap_ram:u_map_buffer|map_ram~6384     ; Stuck at GND due to stuck port data_in      ;
; bg_engine:u_bg_engine|tilemap_ram:u_map_buffer|map_ram~6392     ; Stuck at GND due to stuck port data_in      ;
; bg_engine:u_bg_engine|tilemap_ram:u_map_buffer|map_ram~6400     ; Stuck at GND due to stuck port data_in      ;
; bg_engine:u_bg_engine|tilemap_ram:u_map_buffer|map_ram~6408     ; Stuck at GND due to stuck port data_in      ;
; bg_engine:u_bg_engine|tilemap_ram:u_map_buffer|map_ram~6416     ; Stuck at GND due to stuck port data_in      ;
; bg_engine:u_bg_engine|tilemap_ram:u_map_buffer|map_ram~6424     ; Stuck at GND due to stuck port data_in      ;
; bg_engine:u_bg_engine|tilemap_ram:u_map_buffer|map_ram~6432     ; Stuck at GND due to stuck port data_in      ;
; bg_engine:u_bg_engine|tilemap_ram:u_map_buffer|map_ram~6440     ; Stuck at GND due to stuck port data_in      ;
; bg_engine:u_bg_engine|tilemap_ram:u_map_buffer|map_ram~6448     ; Stuck at GND due to stuck port data_in      ;
; bg_engine:u_bg_engine|tilemap_ram:u_map_buffer|map_ram~6456     ; Stuck at GND due to stuck port data_in      ;
; bg_engine:u_bg_engine|tilemap_ram:u_map_buffer|map_ram~6464     ; Stuck at GND due to stuck port data_in      ;
; bg_engine:u_bg_engine|tilemap_ram:u_map_buffer|map_ram~6472     ; Stuck at GND due to stuck port data_in      ;
; bg_engine:u_bg_engine|tilemap_ram:u_map_buffer|map_ram~6480     ; Stuck at GND due to stuck port data_in      ;
; bg_engine:u_bg_engine|tilemap_ram:u_map_buffer|map_ram~6488     ; Stuck at GND due to stuck port data_in      ;
; bg_engine:u_bg_engine|tilemap_ram:u_map_buffer|map_ram~6496     ; Stuck at GND due to stuck port data_in      ;
; bg_engine:u_bg_engine|tilemap_ram:u_map_buffer|map_ram~6504     ; Stuck at GND due to stuck port data_in      ;
; bg_engine:u_bg_engine|tilemap_ram:u_map_buffer|map_ram~6512     ; Stuck at GND due to stuck port data_in      ;
; bg_engine:u_bg_engine|tilemap_ram:u_map_buffer|map_ram~6520     ; Stuck at GND due to stuck port data_in      ;
; bg_engine:u_bg_engine|tilemap_ram:u_map_buffer|map_ram~6528     ; Stuck at GND due to stuck port data_in      ;
; bg_engine:u_bg_engine|tilemap_ram:u_map_buffer|map_ram~6536     ; Stuck at GND due to stuck port data_in      ;
; bg_engine:u_bg_engine|tilemap_ram:u_map_buffer|map_ram~6544     ; Stuck at GND due to stuck port data_in      ;
; bg_engine:u_bg_engine|tilemap_ram:u_map_buffer|map_ram~6552     ; Stuck at GND due to stuck port data_in      ;
; bg_engine:u_bg_engine|tilemap_ram:u_map_buffer|map_ram~6560     ; Stuck at GND due to stuck port data_in      ;
; bg_engine:u_bg_engine|tilemap_ram:u_map_buffer|map_ram~6568     ; Stuck at GND due to stuck port data_in      ;
; bg_engine:u_bg_engine|tilemap_ram:u_map_buffer|map_ram~6576     ; Stuck at GND due to stuck port data_in      ;
; bg_engine:u_bg_engine|tilemap_ram:u_map_buffer|map_ram~6584     ; Stuck at GND due to stuck port data_in      ;
; bg_engine:u_bg_engine|tilemap_ram:u_map_buffer|map_ram~6592     ; Stuck at GND due to stuck port data_in      ;
; bg_engine:u_bg_engine|tilemap_ram:u_map_buffer|map_ram~6600     ; Stuck at GND due to stuck port data_in      ;
; bg_engine:u_bg_engine|tilemap_ram:u_map_buffer|map_ram~6608     ; Stuck at GND due to stuck port data_in      ;
; bg_engine:u_bg_engine|tilemap_ram:u_map_buffer|map_ram~6616     ; Stuck at GND due to stuck port data_in      ;
; bg_engine:u_bg_engine|tilemap_ram:u_map_buffer|map_ram~6624     ; Stuck at GND due to stuck port data_in      ;
; bg_engine:u_bg_engine|tilemap_ram:u_map_buffer|map_ram~6632     ; Stuck at GND due to stuck port data_in      ;
; bg_engine:u_bg_engine|tilemap_ram:u_map_buffer|map_ram~6640     ; Stuck at GND due to stuck port data_in      ;
; bg_engine:u_bg_engine|tilemap_ram:u_map_buffer|map_ram~6648     ; Stuck at GND due to stuck port data_in      ;
; bg_engine:u_bg_engine|tilemap_ram:u_map_buffer|map_ram~6656     ; Stuck at GND due to stuck port data_in      ;
; bg_engine:u_bg_engine|tilemap_ram:u_map_buffer|map_ram~6664     ; Stuck at GND due to stuck port data_in      ;
; bg_engine:u_bg_engine|tilemap_ram:u_map_buffer|map_ram~6672     ; Stuck at GND due to stuck port data_in      ;
; bg_engine:u_bg_engine|tilemap_ram:u_map_buffer|map_ram~6680     ; Stuck at GND due to stuck port data_in      ;
; bg_engine:u_bg_engine|tilemap_ram:u_map_buffer|map_ram~6688     ; Stuck at GND due to stuck port data_in      ;
; bg_engine:u_bg_engine|tilemap_ram:u_map_buffer|map_ram~6696     ; Stuck at GND due to stuck port data_in      ;
; bg_engine:u_bg_engine|tilemap_ram:u_map_buffer|map_ram~6704     ; Stuck at GND due to stuck port data_in      ;
; bg_engine:u_bg_engine|tilemap_ram:u_map_buffer|map_ram~6712     ; Stuck at GND due to stuck port data_in      ;
; bg_engine:u_bg_engine|tilemap_ram:u_map_buffer|map_ram~6720     ; Stuck at GND due to stuck port data_in      ;
; bg_engine:u_bg_engine|tilemap_ram:u_map_buffer|map_ram~6728     ; Stuck at GND due to stuck port data_in      ;
; bg_engine:u_bg_engine|tilemap_ram:u_map_buffer|map_ram~6736     ; Stuck at GND due to stuck port data_in      ;
; bg_engine:u_bg_engine|tilemap_ram:u_map_buffer|map_ram~6744     ; Stuck at GND due to stuck port data_in      ;
; bg_engine:u_bg_engine|tilemap_ram:u_map_buffer|map_ram~6752     ; Stuck at GND due to stuck port data_in      ;
; bg_engine:u_bg_engine|tilemap_ram:u_map_buffer|map_ram~6760     ; Stuck at GND due to stuck port data_in      ;
; bg_engine:u_bg_engine|tilemap_ram:u_map_buffer|map_ram~6768     ; Stuck at GND due to stuck port data_in      ;
; bg_engine:u_bg_engine|tilemap_ram:u_map_buffer|map_ram~6776     ; Stuck at GND due to stuck port data_in      ;
; bg_engine:u_bg_engine|tilemap_ram:u_map_buffer|map_ram~6784     ; Stuck at GND due to stuck port data_in      ;
; bg_engine:u_bg_engine|tilemap_ram:u_map_buffer|map_ram~6792     ; Stuck at GND due to stuck port data_in      ;
; bg_engine:u_bg_engine|tilemap_ram:u_map_buffer|map_ram~6800     ; Stuck at GND due to stuck port data_in      ;
; bg_engine:u_bg_engine|tilemap_ram:u_map_buffer|map_ram~6808     ; Stuck at GND due to stuck port data_in      ;
; bg_engine:u_bg_engine|tilemap_ram:u_map_buffer|map_ram~6816     ; Stuck at GND due to stuck port data_in      ;
; bg_engine:u_bg_engine|tilemap_ram:u_map_buffer|map_ram~6824     ; Stuck at GND due to stuck port data_in      ;
; bg_engine:u_bg_engine|tilemap_ram:u_map_buffer|map_ram~6832     ; Stuck at GND due to stuck port data_in      ;
; bg_engine:u_bg_engine|tilemap_ram:u_map_buffer|map_ram~6840     ; Stuck at GND due to stuck port data_in      ;
; bg_engine:u_bg_engine|tilemap_ram:u_map_buffer|map_ram~6848     ; Stuck at GND due to stuck port data_in      ;
; bg_engine:u_bg_engine|tilemap_ram:u_map_buffer|map_ram~6856     ; Stuck at GND due to stuck port data_in      ;
; bg_engine:u_bg_engine|tilemap_ram:u_map_buffer|map_ram~6864     ; Stuck at GND due to stuck port data_in      ;
; bg_engine:u_bg_engine|tilemap_ram:u_map_buffer|map_ram~6872     ; Stuck at GND due to stuck port data_in      ;
; bg_engine:u_bg_engine|tilemap_ram:u_map_buffer|map_ram~6880     ; Stuck at GND due to stuck port data_in      ;
; bg_engine:u_bg_engine|tilemap_ram:u_map_buffer|map_ram~6888     ; Stuck at GND due to stuck port data_in      ;
; bg_engine:u_bg_engine|tilemap_ram:u_map_buffer|map_ram~6896     ; Stuck at GND due to stuck port data_in      ;
; bg_engine:u_bg_engine|tilemap_ram:u_map_buffer|map_ram~6904     ; Stuck at GND due to stuck port data_in      ;
; bg_engine:u_bg_engine|tilemap_ram:u_map_buffer|map_ram~6912     ; Stuck at GND due to stuck port data_in      ;
; bg_engine:u_bg_engine|tilemap_ram:u_map_buffer|map_ram~6920     ; Stuck at GND due to stuck port data_in      ;
; bg_engine:u_bg_engine|tilemap_ram:u_map_buffer|map_ram~6928     ; Stuck at GND due to stuck port data_in      ;
; bg_engine:u_bg_engine|tilemap_ram:u_map_buffer|map_ram~6936     ; Stuck at GND due to stuck port data_in      ;
; bg_engine:u_bg_engine|tilemap_ram:u_map_buffer|map_ram~6944     ; Stuck at GND due to stuck port data_in      ;
; bg_engine:u_bg_engine|tilemap_ram:u_map_buffer|map_ram~6952     ; Stuck at GND due to stuck port data_in      ;
; bg_engine:u_bg_engine|tilemap_ram:u_map_buffer|map_ram~6960     ; Stuck at GND due to stuck port data_in      ;
; bg_engine:u_bg_engine|tilemap_ram:u_map_buffer|map_ram~6968     ; Stuck at GND due to stuck port data_in      ;
; bg_engine:u_bg_engine|tilemap_ram:u_map_buffer|map_ram~6976     ; Stuck at GND due to stuck port data_in      ;
; bg_engine:u_bg_engine|tilemap_ram:u_map_buffer|map_ram~6984     ; Stuck at GND due to stuck port data_in      ;
; bg_engine:u_bg_engine|tilemap_ram:u_map_buffer|map_ram~6992     ; Stuck at GND due to stuck port data_in      ;
; bg_engine:u_bg_engine|tilemap_ram:u_map_buffer|map_ram~7000     ; Stuck at GND due to stuck port data_in      ;
; bg_engine:u_bg_engine|tilemap_ram:u_map_buffer|map_ram~7008     ; Stuck at GND due to stuck port data_in      ;
; bg_engine:u_bg_engine|tilemap_ram:u_map_buffer|map_ram~7016     ; Stuck at GND due to stuck port data_in      ;
; bg_engine:u_bg_engine|tilemap_ram:u_map_buffer|map_ram~7024     ; Stuck at GND due to stuck port data_in      ;
; bg_engine:u_bg_engine|tilemap_ram:u_map_buffer|map_ram~7032     ; Stuck at GND due to stuck port data_in      ;
; bg_engine:u_bg_engine|tilemap_ram:u_map_buffer|map_ram~7040     ; Stuck at GND due to stuck port data_in      ;
; bg_engine:u_bg_engine|tilemap_ram:u_map_buffer|map_ram~7048     ; Stuck at GND due to stuck port data_in      ;
; bg_engine:u_bg_engine|tilemap_ram:u_map_buffer|map_ram~7056     ; Stuck at GND due to stuck port data_in      ;
; bg_engine:u_bg_engine|tilemap_ram:u_map_buffer|map_ram~7064     ; Stuck at GND due to stuck port data_in      ;
; bg_engine:u_bg_engine|tilemap_ram:u_map_buffer|map_ram~7072     ; Stuck at GND due to stuck port data_in      ;
; bg_engine:u_bg_engine|tilemap_ram:u_map_buffer|map_ram~7080     ; Stuck at GND due to stuck port data_in      ;
; bg_engine:u_bg_engine|tilemap_ram:u_map_buffer|map_ram~7088     ; Stuck at GND due to stuck port data_in      ;
; bg_engine:u_bg_engine|tilemap_ram:u_map_buffer|map_ram~7096     ; Stuck at GND due to stuck port data_in      ;
; bg_engine:u_bg_engine|tilemap_ram:u_map_buffer|map_ram~7104     ; Stuck at GND due to stuck port data_in      ;
; bg_engine:u_bg_engine|tilemap_ram:u_map_buffer|map_ram~7112     ; Stuck at GND due to stuck port data_in      ;
; bg_engine:u_bg_engine|tilemap_ram:u_map_buffer|map_ram~7120     ; Stuck at GND due to stuck port data_in      ;
; bg_engine:u_bg_engine|tilemap_ram:u_map_buffer|map_ram~7128     ; Stuck at GND due to stuck port data_in      ;
; bg_engine:u_bg_engine|tilemap_ram:u_map_buffer|map_ram~7136     ; Stuck at GND due to stuck port data_in      ;
; bg_engine:u_bg_engine|tilemap_ram:u_map_buffer|map_ram~7144     ; Stuck at GND due to stuck port data_in      ;
; bg_engine:u_bg_engine|tilemap_ram:u_map_buffer|map_ram~7152     ; Stuck at GND due to stuck port data_in      ;
; bg_engine:u_bg_engine|tilemap_ram:u_map_buffer|map_ram~7160     ; Stuck at GND due to stuck port data_in      ;
; bg_engine:u_bg_engine|tilemap_ram:u_map_buffer|map_ram~7168     ; Stuck at GND due to stuck port data_in      ;
; bg_engine:u_bg_engine|tilemap_ram:u_map_buffer|map_ram~7176     ; Stuck at GND due to stuck port data_in      ;
; bg_engine:u_bg_engine|tilemap_ram:u_map_buffer|map_ram~7184     ; Stuck at GND due to stuck port data_in      ;
; bg_engine:u_bg_engine|tilemap_ram:u_map_buffer|map_ram~7192     ; Stuck at GND due to stuck port data_in      ;
; bg_engine:u_bg_engine|tilemap_ram:u_map_buffer|map_ram~7200     ; Stuck at GND due to stuck port data_in      ;
; bg_engine:u_bg_engine|tilemap_ram:u_map_buffer|map_ram~7208     ; Stuck at GND due to stuck port data_in      ;
; bg_engine:u_bg_engine|tilemap_ram:u_map_buffer|map_ram~7216     ; Stuck at GND due to stuck port data_in      ;
; bg_engine:u_bg_engine|tilemap_ram:u_map_buffer|map_ram~7224     ; Stuck at GND due to stuck port data_in      ;
; bg_engine:u_bg_engine|tilemap_ram:u_map_buffer|map_ram~7232     ; Stuck at GND due to stuck port data_in      ;
; bg_engine:u_bg_engine|tilemap_ram:u_map_buffer|map_ram~7240     ; Stuck at GND due to stuck port data_in      ;
; bg_engine:u_bg_engine|tilemap_ram:u_map_buffer|map_ram~7248     ; Stuck at GND due to stuck port data_in      ;
; bg_engine:u_bg_engine|tilemap_ram:u_map_buffer|map_ram~7256     ; Stuck at GND due to stuck port data_in      ;
; bg_engine:u_bg_engine|tilemap_ram:u_map_buffer|map_ram~7264     ; Stuck at GND due to stuck port data_in      ;
; bg_engine:u_bg_engine|tilemap_ram:u_map_buffer|map_ram~7272     ; Stuck at GND due to stuck port data_in      ;
; bg_engine:u_bg_engine|tilemap_ram:u_map_buffer|map_ram~7280     ; Stuck at GND due to stuck port data_in      ;
; bg_engine:u_bg_engine|tilemap_ram:u_map_buffer|map_ram~7288     ; Stuck at GND due to stuck port data_in      ;
; bg_engine:u_bg_engine|tilemap_ram:u_map_buffer|map_ram~7296     ; Stuck at GND due to stuck port data_in      ;
; bg_engine:u_bg_engine|tilemap_ram:u_map_buffer|map_ram~7304     ; Stuck at GND due to stuck port data_in      ;
; bg_engine:u_bg_engine|tilemap_ram:u_map_buffer|map_ram~7312     ; Stuck at GND due to stuck port data_in      ;
; bg_engine:u_bg_engine|tilemap_ram:u_map_buffer|map_ram~7320     ; Stuck at GND due to stuck port data_in      ;
; bg_engine:u_bg_engine|tilemap_ram:u_map_buffer|map_ram~7328     ; Stuck at GND due to stuck port data_in      ;
; bg_engine:u_bg_engine|tilemap_ram:u_map_buffer|map_ram~7336     ; Stuck at GND due to stuck port data_in      ;
; bg_engine:u_bg_engine|tilemap_ram:u_map_buffer|map_ram~7344     ; Stuck at GND due to stuck port data_in      ;
; bg_engine:u_bg_engine|tilemap_ram:u_map_buffer|map_ram~7352     ; Stuck at GND due to stuck port data_in      ;
; bg_engine:u_bg_engine|tilemap_ram:u_map_buffer|map_ram~7360     ; Stuck at GND due to stuck port data_in      ;
; bg_engine:u_bg_engine|tilemap_ram:u_map_buffer|map_ram~7368     ; Stuck at GND due to stuck port data_in      ;
; bg_engine:u_bg_engine|tilemap_ram:u_map_buffer|map_ram~7376     ; Stuck at GND due to stuck port data_in      ;
; bg_engine:u_bg_engine|tilemap_ram:u_map_buffer|map_ram~7384     ; Stuck at GND due to stuck port data_in      ;
; bg_engine:u_bg_engine|tilemap_ram:u_map_buffer|map_ram~7392     ; Stuck at GND due to stuck port data_in      ;
; bg_engine:u_bg_engine|tilemap_ram:u_map_buffer|map_ram~7400     ; Stuck at GND due to stuck port data_in      ;
; bg_engine:u_bg_engine|tilemap_ram:u_map_buffer|map_ram~7408     ; Stuck at GND due to stuck port data_in      ;
; bg_engine:u_bg_engine|tilemap_ram:u_map_buffer|map_ram~7416     ; Stuck at GND due to stuck port data_in      ;
; bg_engine:u_bg_engine|tilemap_ram:u_map_buffer|map_ram~7424     ; Stuck at GND due to stuck port data_in      ;
; bg_engine:u_bg_engine|tilemap_ram:u_map_buffer|map_ram~7432     ; Stuck at GND due to stuck port data_in      ;
; bg_engine:u_bg_engine|tilemap_ram:u_map_buffer|map_ram~7440     ; Stuck at GND due to stuck port data_in      ;
; bg_engine:u_bg_engine|tilemap_ram:u_map_buffer|map_ram~7448     ; Stuck at GND due to stuck port data_in      ;
; bg_engine:u_bg_engine|tilemap_ram:u_map_buffer|map_ram~7456     ; Stuck at GND due to stuck port data_in      ;
; bg_engine:u_bg_engine|tilemap_ram:u_map_buffer|map_ram~7464     ; Stuck at GND due to stuck port data_in      ;
; bg_engine:u_bg_engine|tilemap_ram:u_map_buffer|map_ram~7472     ; Stuck at GND due to stuck port data_in      ;
; bg_engine:u_bg_engine|tilemap_ram:u_map_buffer|map_ram~7480     ; Stuck at GND due to stuck port data_in      ;
; bg_engine:u_bg_engine|tilemap_ram:u_map_buffer|map_ram~7488     ; Stuck at GND due to stuck port data_in      ;
; bg_engine:u_bg_engine|tilemap_ram:u_map_buffer|map_ram~7496     ; Stuck at GND due to stuck port data_in      ;
; bg_engine:u_bg_engine|tilemap_ram:u_map_buffer|map_ram~7504     ; Stuck at GND due to stuck port data_in      ;
; bg_engine:u_bg_engine|tilemap_ram:u_map_buffer|map_ram~7512     ; Stuck at GND due to stuck port data_in      ;
; bg_engine:u_bg_engine|tilemap_ram:u_map_buffer|map_ram~7520     ; Stuck at GND due to stuck port data_in      ;
; bg_engine:u_bg_engine|tilemap_ram:u_map_buffer|map_ram~7528     ; Stuck at GND due to stuck port data_in      ;
; bg_engine:u_bg_engine|tilemap_ram:u_map_buffer|map_ram~7536     ; Stuck at GND due to stuck port data_in      ;
; bg_engine:u_bg_engine|tilemap_ram:u_map_buffer|map_ram~7544     ; Stuck at GND due to stuck port data_in      ;
; bg_engine:u_bg_engine|tilemap_ram:u_map_buffer|map_ram~7552     ; Stuck at GND due to stuck port data_in      ;
; bg_engine:u_bg_engine|tilemap_ram:u_map_buffer|map_ram~7560     ; Stuck at GND due to stuck port data_in      ;
; bg_engine:u_bg_engine|tilemap_ram:u_map_buffer|map_ram~7568     ; Stuck at GND due to stuck port data_in      ;
; bg_engine:u_bg_engine|tilemap_ram:u_map_buffer|map_ram~7576     ; Stuck at GND due to stuck port data_in      ;
; bg_engine:u_bg_engine|tilemap_ram:u_map_buffer|map_ram~7584     ; Stuck at GND due to stuck port data_in      ;
; bg_engine:u_bg_engine|tilemap_ram:u_map_buffer|map_ram~7592     ; Stuck at GND due to stuck port data_in      ;
; bg_engine:u_bg_engine|tilemap_ram:u_map_buffer|map_ram~7600     ; Stuck at GND due to stuck port data_in      ;
; bg_engine:u_bg_engine|tilemap_ram:u_map_buffer|map_ram~7608     ; Stuck at GND due to stuck port data_in      ;
; bg_engine:u_bg_engine|tilemap_ram:u_map_buffer|map_ram~7616     ; Stuck at GND due to stuck port data_in      ;
; bg_engine:u_bg_engine|tilemap_ram:u_map_buffer|map_ram~7624     ; Stuck at GND due to stuck port data_in      ;
; bg_engine:u_bg_engine|tilemap_ram:u_map_buffer|map_ram~7632     ; Stuck at GND due to stuck port data_in      ;
; bg_engine:u_bg_engine|tilemap_ram:u_map_buffer|map_ram~7640     ; Stuck at GND due to stuck port data_in      ;
; bg_engine:u_bg_engine|tilemap_ram:u_map_buffer|map_ram~7648     ; Stuck at GND due to stuck port data_in      ;
; bg_engine:u_bg_engine|tilemap_ram:u_map_buffer|map_ram~7656     ; Stuck at GND due to stuck port data_in      ;
; bg_engine:u_bg_engine|tilemap_ram:u_map_buffer|map_ram~7664     ; Stuck at GND due to stuck port data_in      ;
; bg_engine:u_bg_engine|tilemap_ram:u_map_buffer|map_ram~7672     ; Stuck at GND due to stuck port data_in      ;
; bg_engine:u_bg_engine|tilemap_ram:u_map_buffer|map_ram~7680     ; Stuck at GND due to stuck port data_in      ;
; bg_engine:u_bg_engine|tilemap_ram:u_map_buffer|map_ram~7688     ; Stuck at GND due to stuck port data_in      ;
; bg_engine:u_bg_engine|tilemap_ram:u_map_buffer|map_ram~7696     ; Stuck at GND due to stuck port data_in      ;
; bg_engine:u_bg_engine|tilemap_ram:u_map_buffer|map_ram~7704     ; Stuck at GND due to stuck port data_in      ;
; bg_engine:u_bg_engine|tilemap_ram:u_map_buffer|map_ram~7712     ; Stuck at GND due to stuck port data_in      ;
; bg_engine:u_bg_engine|tilemap_ram:u_map_buffer|map_ram~7720     ; Stuck at GND due to stuck port data_in      ;
; bg_engine:u_bg_engine|tilemap_ram:u_map_buffer|map_ram~7728     ; Stuck at GND due to stuck port data_in      ;
; bg_engine:u_bg_engine|tilemap_ram:u_map_buffer|map_ram~7736     ; Stuck at GND due to stuck port data_in      ;
; bg_engine:u_bg_engine|tilemap_ram:u_map_buffer|map_ram~7744     ; Stuck at GND due to stuck port data_in      ;
; bg_engine:u_bg_engine|tilemap_ram:u_map_buffer|map_ram~7752     ; Stuck at GND due to stuck port data_in      ;
; bg_engine:u_bg_engine|tilemap_ram:u_map_buffer|map_ram~7760     ; Stuck at GND due to stuck port data_in      ;
; bg_engine:u_bg_engine|tilemap_ram:u_map_buffer|map_ram~7768     ; Stuck at GND due to stuck port data_in      ;
; bg_engine:u_bg_engine|tilemap_ram:u_map_buffer|map_ram~7776     ; Stuck at GND due to stuck port data_in      ;
; bg_engine:u_bg_engine|tilemap_ram:u_map_buffer|map_ram~7784     ; Stuck at GND due to stuck port data_in      ;
; bg_engine:u_bg_engine|tilemap_ram:u_map_buffer|map_ram~7792     ; Stuck at GND due to stuck port data_in      ;
; bg_engine:u_bg_engine|tilemap_ram:u_map_buffer|map_ram~7800     ; Stuck at GND due to stuck port data_in      ;
; bg_engine:u_bg_engine|tilemap_ram:u_map_buffer|map_ram~7808     ; Stuck at GND due to stuck port data_in      ;
; bg_engine:u_bg_engine|tilemap_ram:u_map_buffer|map_ram~7816     ; Stuck at GND due to stuck port data_in      ;
; bg_engine:u_bg_engine|tilemap_ram:u_map_buffer|map_ram~7824     ; Stuck at GND due to stuck port data_in      ;
; bg_engine:u_bg_engine|tilemap_ram:u_map_buffer|map_ram~7832     ; Stuck at GND due to stuck port data_in      ;
; bg_engine:u_bg_engine|tilemap_ram:u_map_buffer|map_ram~7840     ; Stuck at GND due to stuck port data_in      ;
; bg_engine:u_bg_engine|tilemap_ram:u_map_buffer|map_ram~7848     ; Stuck at GND due to stuck port data_in      ;
; bg_engine:u_bg_engine|tilemap_ram:u_map_buffer|map_ram~7856     ; Stuck at GND due to stuck port data_in      ;
; bg_engine:u_bg_engine|tilemap_ram:u_map_buffer|map_ram~7864     ; Stuck at GND due to stuck port data_in      ;
; bg_engine:u_bg_engine|tilemap_ram:u_map_buffer|map_ram~7872     ; Stuck at GND due to stuck port data_in      ;
; bg_engine:u_bg_engine|tilemap_ram:u_map_buffer|map_ram~7880     ; Stuck at GND due to stuck port data_in      ;
; bg_engine:u_bg_engine|tilemap_ram:u_map_buffer|map_ram~7888     ; Stuck at GND due to stuck port data_in      ;
; bg_engine:u_bg_engine|tilemap_ram:u_map_buffer|map_ram~7896     ; Stuck at GND due to stuck port data_in      ;
; bg_engine:u_bg_engine|tilemap_ram:u_map_buffer|map_ram~7904     ; Stuck at GND due to stuck port data_in      ;
; bg_engine:u_bg_engine|tilemap_ram:u_map_buffer|map_ram~7912     ; Stuck at GND due to stuck port data_in      ;
; bg_engine:u_bg_engine|tilemap_ram:u_map_buffer|map_ram~7920     ; Stuck at GND due to stuck port data_in      ;
; bg_engine:u_bg_engine|tilemap_ram:u_map_buffer|map_ram~7928     ; Stuck at GND due to stuck port data_in      ;
; bg_engine:u_bg_engine|tilemap_ram:u_map_buffer|map_ram~7936     ; Stuck at GND due to stuck port data_in      ;
; bg_engine:u_bg_engine|tilemap_ram:u_map_buffer|map_ram~7944     ; Stuck at GND due to stuck port data_in      ;
; bg_engine:u_bg_engine|tilemap_ram:u_map_buffer|map_ram~7952     ; Stuck at GND due to stuck port data_in      ;
; bg_engine:u_bg_engine|tilemap_ram:u_map_buffer|map_ram~7960     ; Stuck at GND due to stuck port data_in      ;
; bg_engine:u_bg_engine|tilemap_ram:u_map_buffer|map_ram~7968     ; Stuck at GND due to stuck port data_in      ;
; bg_engine:u_bg_engine|tilemap_ram:u_map_buffer|map_ram~7976     ; Stuck at GND due to stuck port data_in      ;
; bg_engine:u_bg_engine|tilemap_ram:u_map_buffer|map_ram~7984     ; Stuck at GND due to stuck port data_in      ;
; bg_engine:u_bg_engine|tilemap_ram:u_map_buffer|map_ram~7992     ; Stuck at GND due to stuck port data_in      ;
; bg_engine:u_bg_engine|tilemap_ram:u_map_buffer|map_ram~8000     ; Stuck at GND due to stuck port data_in      ;
; bg_engine:u_bg_engine|tilemap_ram:u_map_buffer|map_ram~8008     ; Stuck at GND due to stuck port data_in      ;
; bg_engine:u_bg_engine|tilemap_ram:u_map_buffer|map_ram~8016     ; Stuck at GND due to stuck port data_in      ;
; bg_engine:u_bg_engine|tilemap_ram:u_map_buffer|map_ram~8024     ; Stuck at GND due to stuck port data_in      ;
; bg_engine:u_bg_engine|tilemap_ram:u_map_buffer|map_ram~8032     ; Stuck at GND due to stuck port data_in      ;
; bg_engine:u_bg_engine|tilemap_ram:u_map_buffer|map_ram~8040     ; Stuck at GND due to stuck port data_in      ;
; bg_engine:u_bg_engine|tilemap_ram:u_map_buffer|map_ram~8048     ; Stuck at GND due to stuck port data_in      ;
; bg_engine:u_bg_engine|tilemap_ram:u_map_buffer|map_ram~8056     ; Stuck at GND due to stuck port data_in      ;
; bg_engine:u_bg_engine|tilemap_ram:u_map_buffer|map_ram~8064     ; Stuck at GND due to stuck port data_in      ;
; bg_engine:u_bg_engine|tilemap_ram:u_map_buffer|map_ram~8072     ; Stuck at GND due to stuck port data_in      ;
; bg_engine:u_bg_engine|tilemap_ram:u_map_buffer|map_ram~8080     ; Stuck at GND due to stuck port data_in      ;
; bg_engine:u_bg_engine|tilemap_ram:u_map_buffer|map_ram~8088     ; Stuck at GND due to stuck port data_in      ;
; bg_engine:u_bg_engine|tilemap_ram:u_map_buffer|map_ram~8096     ; Stuck at GND due to stuck port data_in      ;
; bg_engine:u_bg_engine|tilemap_ram:u_map_buffer|map_ram~8104     ; Stuck at GND due to stuck port data_in      ;
; bg_engine:u_bg_engine|tilemap_ram:u_map_buffer|map_ram~8112     ; Stuck at GND due to stuck port data_in      ;
; bg_engine:u_bg_engine|tilemap_ram:u_map_buffer|map_ram~8120     ; Stuck at GND due to stuck port data_in      ;
; bg_engine:u_bg_engine|tilemap_ram:u_map_buffer|map_ram~8128     ; Stuck at GND due to stuck port data_in      ;
; bg_engine:u_bg_engine|tilemap_ram:u_map_buffer|map_ram~8136     ; Stuck at GND due to stuck port data_in      ;
; bg_engine:u_bg_engine|tilemap_ram:u_map_buffer|map_ram~8144     ; Stuck at GND due to stuck port data_in      ;
; bg_engine:u_bg_engine|tilemap_ram:u_map_buffer|map_ram~8152     ; Stuck at GND due to stuck port data_in      ;
; bg_engine:u_bg_engine|tilemap_ram:u_map_buffer|map_ram~8160     ; Stuck at GND due to stuck port data_in      ;
; bg_engine:u_bg_engine|tilemap_ram:u_map_buffer|map_ram~8168     ; Stuck at GND due to stuck port data_in      ;
; bg_engine:u_bg_engine|tilemap_ram:u_map_buffer|map_ram~8176     ; Stuck at GND due to stuck port data_in      ;
; bg_engine:u_bg_engine|tilemap_ram:u_map_buffer|map_ram~8184     ; Stuck at GND due to stuck port data_in      ;
; bg_engine:u_bg_engine|tilemap_ram:u_map_buffer|map_ram~8192     ; Stuck at GND due to stuck port data_in      ;
; bg_engine:u_bg_engine|tilemap_ram:u_map_buffer|map_ram~8200     ; Stuck at GND due to stuck port data_in      ;
; bg_engine:u_bg_engine|tilemap_ram:u_map_buffer|map_ram~8208     ; Stuck at GND due to stuck port data_in      ;
; bg_engine:u_bg_engine|tilemap_ram:u_map_buffer|map_ram~8216     ; Stuck at GND due to stuck port data_in      ;
; bg_engine:u_bg_engine|tilemap_ram:u_map_buffer|map_ram~8224     ; Stuck at GND due to stuck port data_in      ;
; bg_engine:u_bg_engine|tilemap_ram:u_map_buffer|map_ram~8232     ; Stuck at GND due to stuck port data_in      ;
; bg_engine:u_bg_engine|tilemap_ram:u_map_buffer|map_ram~8240     ; Stuck at GND due to stuck port data_in      ;
; bg_engine:u_bg_engine|tilemap_ram:u_map_buffer|map_ram~8248     ; Stuck at GND due to stuck port data_in      ;
; bg_engine:u_bg_engine|tilemap_ram:u_map_buffer|map_ram~8256     ; Stuck at GND due to stuck port data_in      ;
; bg_engine:u_bg_engine|tilemap_ram:u_map_buffer|map_ram~8264     ; Stuck at GND due to stuck port data_in      ;
; bg_engine:u_bg_engine|tilemap_ram:u_map_buffer|map_ram~8272     ; Stuck at GND due to stuck port data_in      ;
; bg_engine:u_bg_engine|tilemap_ram:u_map_buffer|map_ram~8280     ; Stuck at GND due to stuck port data_in      ;
; bg_engine:u_bg_engine|tilemap_ram:u_map_buffer|map_ram~8288     ; Stuck at GND due to stuck port data_in      ;
; bg_engine:u_bg_engine|tilemap_ram:u_map_buffer|map_ram~8296     ; Stuck at GND due to stuck port data_in      ;
; bg_engine:u_bg_engine|tilemap_ram:u_map_buffer|map_ram~8304     ; Stuck at GND due to stuck port data_in      ;
; bg_engine:u_bg_engine|tilemap_ram:u_map_buffer|map_ram~8312     ; Stuck at GND due to stuck port data_in      ;
; bg_engine:u_bg_engine|tilemap_ram:u_map_buffer|map_ram~8320     ; Stuck at GND due to stuck port data_in      ;
; bg_engine:u_bg_engine|tilemap_ram:u_map_buffer|map_ram~8328     ; Stuck at GND due to stuck port data_in      ;
; bg_engine:u_bg_engine|tilemap_ram:u_map_buffer|map_ram~8336     ; Stuck at GND due to stuck port data_in      ;
; bg_engine:u_bg_engine|tilemap_ram:u_map_buffer|map_ram~8344     ; Stuck at GND due to stuck port data_in      ;
; bg_engine:u_bg_engine|tilemap_ram:u_map_buffer|map_ram~8352     ; Stuck at GND due to stuck port data_in      ;
; bg_engine:u_bg_engine|tilemap_ram:u_map_buffer|map_ram~8360     ; Stuck at GND due to stuck port data_in      ;
; bg_engine:u_bg_engine|tilemap_ram:u_map_buffer|map_ram~8368     ; Stuck at GND due to stuck port data_in      ;
; bg_engine:u_bg_engine|tilemap_ram:u_map_buffer|map_ram~8376     ; Stuck at GND due to stuck port data_in      ;
; bg_engine:u_bg_engine|tilemap_ram:u_map_buffer|map_ram~8384     ; Stuck at GND due to stuck port data_in      ;
; bg_engine:u_bg_engine|tilemap_ram:u_map_buffer|map_ram~8392     ; Stuck at GND due to stuck port data_in      ;
; bg_engine:u_bg_engine|tilemap_ram:u_map_buffer|map_ram~8400     ; Stuck at GND due to stuck port data_in      ;
; bg_engine:u_bg_engine|tilemap_ram:u_map_buffer|map_ram~8408     ; Stuck at GND due to stuck port data_in      ;
; bg_engine:u_bg_engine|tilemap_ram:u_map_buffer|map_ram~8416     ; Stuck at GND due to stuck port data_in      ;
; bg_engine:u_bg_engine|tilemap_ram:u_map_buffer|map_ram~8424     ; Stuck at GND due to stuck port data_in      ;
; bg_engine:u_bg_engine|tilemap_ram:u_map_buffer|map_ram~8432     ; Stuck at GND due to stuck port data_in      ;
; bg_engine:u_bg_engine|tilemap_ram:u_map_buffer|map_ram~8440     ; Stuck at GND due to stuck port data_in      ;
; bg_engine:u_bg_engine|tilemap_ram:u_map_buffer|map_ram~8448     ; Stuck at GND due to stuck port data_in      ;
; bg_engine:u_bg_engine|tilemap_ram:u_map_buffer|map_ram~8456     ; Stuck at GND due to stuck port data_in      ;
; bg_engine:u_bg_engine|tilemap_ram:u_map_buffer|map_ram~8464     ; Stuck at GND due to stuck port data_in      ;
; bg_engine:u_bg_engine|tilemap_ram:u_map_buffer|map_ram~8472     ; Stuck at GND due to stuck port data_in      ;
; bg_engine:u_bg_engine|tilemap_ram:u_map_buffer|map_ram~8480     ; Stuck at GND due to stuck port data_in      ;
; bg_engine:u_bg_engine|tilemap_ram:u_map_buffer|map_ram~8488     ; Stuck at GND due to stuck port data_in      ;
; bg_engine:u_bg_engine|tilemap_ram:u_map_buffer|map_ram~8496     ; Stuck at GND due to stuck port data_in      ;
; bg_engine:u_bg_engine|tilemap_ram:u_map_buffer|map_ram~8504     ; Stuck at GND due to stuck port data_in      ;
; bg_engine:u_bg_engine|tilemap_ram:u_map_buffer|map_ram~8512     ; Stuck at GND due to stuck port data_in      ;
; bg_engine:u_bg_engine|tilemap_ram:u_map_buffer|map_ram~8520     ; Stuck at GND due to stuck port data_in      ;
; bg_engine:u_bg_engine|tilemap_ram:u_map_buffer|map_ram~8528     ; Stuck at GND due to stuck port data_in      ;
; bg_engine:u_bg_engine|tilemap_ram:u_map_buffer|map_ram~8536     ; Stuck at GND due to stuck port data_in      ;
; bg_engine:u_bg_engine|tilemap_ram:u_map_buffer|map_ram~8544     ; Stuck at GND due to stuck port data_in      ;
; bg_engine:u_bg_engine|tilemap_ram:u_map_buffer|map_ram~8552     ; Stuck at GND due to stuck port data_in      ;
; bg_engine:u_bg_engine|tilemap_ram:u_map_buffer|map_ram~8560     ; Stuck at GND due to stuck port data_in      ;
; bg_engine:u_bg_engine|tilemap_ram:u_map_buffer|map_ram~8568     ; Stuck at GND due to stuck port data_in      ;
; bg_engine:u_bg_engine|tilemap_ram:u_map_buffer|map_ram~8576     ; Stuck at GND due to stuck port data_in      ;
; bg_engine:u_bg_engine|tilemap_ram:u_map_buffer|map_ram~8584     ; Stuck at GND due to stuck port data_in      ;
; bg_engine:u_bg_engine|tilemap_ram:u_map_buffer|map_ram~8592     ; Stuck at GND due to stuck port data_in      ;
; bg_engine:u_bg_engine|tilemap_ram:u_map_buffer|map_ram~8600     ; Stuck at GND due to stuck port data_in      ;
; bg_engine:u_bg_engine|tilemap_ram:u_map_buffer|map_ram~8608     ; Stuck at GND due to stuck port data_in      ;
; bg_engine:u_bg_engine|tilemap_ram:u_map_buffer|map_ram~8616     ; Stuck at GND due to stuck port data_in      ;
; bg_engine:u_bg_engine|tilemap_ram:u_map_buffer|map_ram~8624     ; Stuck at GND due to stuck port data_in      ;
; bg_engine:u_bg_engine|tilemap_ram:u_map_buffer|map_ram~8632     ; Stuck at GND due to stuck port data_in      ;
; bg_engine:u_bg_engine|tilemap_ram:u_map_buffer|map_ram~8640     ; Stuck at GND due to stuck port data_in      ;
; bg_engine:u_bg_engine|tilemap_ram:u_map_buffer|map_ram~8648     ; Stuck at GND due to stuck port data_in      ;
; bg_engine:u_bg_engine|tilemap_ram:u_map_buffer|map_ram~8656     ; Stuck at GND due to stuck port data_in      ;
; bg_engine:u_bg_engine|tilemap_ram:u_map_buffer|map_ram~8664     ; Stuck at GND due to stuck port data_in      ;
; bg_engine:u_bg_engine|tilemap_ram:u_map_buffer|map_ram~8672     ; Stuck at GND due to stuck port data_in      ;
; bg_engine:u_bg_engine|tilemap_ram:u_map_buffer|map_ram~8680     ; Stuck at GND due to stuck port data_in      ;
; bg_engine:u_bg_engine|tilemap_ram:u_map_buffer|map_ram~8688     ; Stuck at GND due to stuck port data_in      ;
; bg_engine:u_bg_engine|tilemap_ram:u_map_buffer|map_ram~8696     ; Stuck at GND due to stuck port data_in      ;
; bg_engine:u_bg_engine|tilemap_ram:u_map_buffer|map_ram~8704     ; Stuck at GND due to stuck port data_in      ;
; bg_engine:u_bg_engine|tilemap_ram:u_map_buffer|map_ram~8712     ; Stuck at GND due to stuck port data_in      ;
; bg_engine:u_bg_engine|tilemap_ram:u_map_buffer|map_ram~8720     ; Stuck at GND due to stuck port data_in      ;
; bg_engine:u_bg_engine|tilemap_ram:u_map_buffer|map_ram~8728     ; Stuck at GND due to stuck port data_in      ;
; bg_engine:u_bg_engine|tilemap_ram:u_map_buffer|map_ram~8736     ; Stuck at GND due to stuck port data_in      ;
; bg_engine:u_bg_engine|tilemap_ram:u_map_buffer|map_ram~8744     ; Stuck at GND due to stuck port data_in      ;
; bg_engine:u_bg_engine|tilemap_ram:u_map_buffer|map_ram~8752     ; Stuck at GND due to stuck port data_in      ;
; bg_engine:u_bg_engine|tilemap_ram:u_map_buffer|map_ram~8760     ; Stuck at GND due to stuck port data_in      ;
; bg_engine:u_bg_engine|tilemap_ram:u_map_buffer|map_ram~8768     ; Stuck at GND due to stuck port data_in      ;
; bg_engine:u_bg_engine|tilemap_ram:u_map_buffer|map_ram~8776     ; Stuck at GND due to stuck port data_in      ;
; bg_engine:u_bg_engine|tilemap_ram:u_map_buffer|map_ram~8784     ; Stuck at GND due to stuck port data_in      ;
; bg_engine:u_bg_engine|tilemap_ram:u_map_buffer|map_ram~8792     ; Stuck at GND due to stuck port data_in      ;
; bg_engine:u_bg_engine|tilemap_ram:u_map_buffer|map_ram~8800     ; Stuck at GND due to stuck port data_in      ;
; bg_engine:u_bg_engine|tilemap_ram:u_map_buffer|map_ram~8808     ; Stuck at GND due to stuck port data_in      ;
; bg_engine:u_bg_engine|tilemap_ram:u_map_buffer|map_ram~8816     ; Stuck at GND due to stuck port data_in      ;
; bg_engine:u_bg_engine|tilemap_ram:u_map_buffer|map_ram~8824     ; Stuck at GND due to stuck port data_in      ;
; bg_engine:u_bg_engine|tilemap_ram:u_map_buffer|map_ram~8832     ; Stuck at GND due to stuck port data_in      ;
; bg_engine:u_bg_engine|tilemap_ram:u_map_buffer|map_ram~8840     ; Stuck at GND due to stuck port data_in      ;
; bg_engine:u_bg_engine|tilemap_ram:u_map_buffer|map_ram~8848     ; Stuck at GND due to stuck port data_in      ;
; bg_engine:u_bg_engine|tilemap_ram:u_map_buffer|map_ram~8856     ; Stuck at GND due to stuck port data_in      ;
; bg_engine:u_bg_engine|tilemap_ram:u_map_buffer|map_ram~8864     ; Stuck at GND due to stuck port data_in      ;
; bg_engine:u_bg_engine|tilemap_ram:u_map_buffer|map_ram~8872     ; Stuck at GND due to stuck port data_in      ;
; bg_engine:u_bg_engine|tilemap_ram:u_map_buffer|map_ram~8880     ; Stuck at GND due to stuck port data_in      ;
; bg_engine:u_bg_engine|tilemap_ram:u_map_buffer|map_ram~8888     ; Stuck at GND due to stuck port data_in      ;
; bg_engine:u_bg_engine|tilemap_ram:u_map_buffer|map_ram~8896     ; Stuck at GND due to stuck port data_in      ;
; bg_engine:u_bg_engine|tilemap_ram:u_map_buffer|map_ram~8904     ; Stuck at GND due to stuck port data_in      ;
; bg_engine:u_bg_engine|tilemap_ram:u_map_buffer|map_ram~8912     ; Stuck at GND due to stuck port data_in      ;
; bg_engine:u_bg_engine|tilemap_ram:u_map_buffer|map_ram~8920     ; Stuck at GND due to stuck port data_in      ;
; bg_engine:u_bg_engine|tilemap_ram:u_map_buffer|map_ram~8928     ; Stuck at GND due to stuck port data_in      ;
; bg_engine:u_bg_engine|tilemap_ram:u_map_buffer|map_ram~8936     ; Stuck at GND due to stuck port data_in      ;
; bg_engine:u_bg_engine|tilemap_ram:u_map_buffer|map_ram~8944     ; Stuck at GND due to stuck port data_in      ;
; bg_engine:u_bg_engine|tilemap_ram:u_map_buffer|map_ram~8952     ; Stuck at GND due to stuck port data_in      ;
; bg_engine:u_bg_engine|tilemap_ram:u_map_buffer|map_ram~8960     ; Stuck at GND due to stuck port data_in      ;
; bg_engine:u_bg_engine|tilemap_ram:u_map_buffer|map_ram~8968     ; Stuck at GND due to stuck port data_in      ;
; bg_engine:u_bg_engine|tilemap_ram:u_map_buffer|map_ram~8976     ; Stuck at GND due to stuck port data_in      ;
; bg_engine:u_bg_engine|tilemap_ram:u_map_buffer|map_ram~8984     ; Stuck at GND due to stuck port data_in      ;
; bg_engine:u_bg_engine|tilemap_ram:u_map_buffer|map_ram~8992     ; Stuck at GND due to stuck port data_in      ;
; bg_engine:u_bg_engine|tilemap_ram:u_map_buffer|map_ram~9000     ; Stuck at GND due to stuck port data_in      ;
; bg_engine:u_bg_engine|tilemap_ram:u_map_buffer|map_ram~9008     ; Stuck at GND due to stuck port data_in      ;
; bg_engine:u_bg_engine|tilemap_ram:u_map_buffer|map_ram~9016     ; Stuck at GND due to stuck port data_in      ;
; bg_engine:u_bg_engine|tilemap_ram:u_map_buffer|map_ram~9024     ; Stuck at GND due to stuck port data_in      ;
; bg_engine:u_bg_engine|tilemap_ram:u_map_buffer|map_ram~9032     ; Stuck at GND due to stuck port data_in      ;
; bg_engine:u_bg_engine|tilemap_ram:u_map_buffer|map_ram~9040     ; Stuck at GND due to stuck port data_in      ;
; bg_engine:u_bg_engine|tilemap_ram:u_map_buffer|map_ram~9048     ; Stuck at GND due to stuck port data_in      ;
; bg_engine:u_bg_engine|tilemap_ram:u_map_buffer|map_ram~9056     ; Stuck at GND due to stuck port data_in      ;
; bg_engine:u_bg_engine|tilemap_ram:u_map_buffer|map_ram~9064     ; Stuck at GND due to stuck port data_in      ;
; bg_engine:u_bg_engine|tilemap_ram:u_map_buffer|map_ram~9072     ; Stuck at GND due to stuck port data_in      ;
; bg_engine:u_bg_engine|tilemap_ram:u_map_buffer|map_ram~9080     ; Stuck at GND due to stuck port data_in      ;
; bg_engine:u_bg_engine|tilemap_ram:u_map_buffer|map_ram~9088     ; Stuck at GND due to stuck port data_in      ;
; bg_engine:u_bg_engine|tilemap_ram:u_map_buffer|map_ram~9096     ; Stuck at GND due to stuck port data_in      ;
; bg_engine:u_bg_engine|tilemap_ram:u_map_buffer|map_ram~9104     ; Stuck at GND due to stuck port data_in      ;
; bg_engine:u_bg_engine|tilemap_ram:u_map_buffer|map_ram~9112     ; Stuck at GND due to stuck port data_in      ;
; bg_engine:u_bg_engine|tilemap_ram:u_map_buffer|map_ram~9120     ; Stuck at GND due to stuck port data_in      ;
; bg_engine:u_bg_engine|tilemap_ram:u_map_buffer|map_ram~9128     ; Stuck at GND due to stuck port data_in      ;
; bg_engine:u_bg_engine|tilemap_ram:u_map_buffer|map_ram~9136     ; Stuck at GND due to stuck port data_in      ;
; bg_engine:u_bg_engine|tilemap_ram:u_map_buffer|map_ram~9144     ; Stuck at GND due to stuck port data_in      ;
; bg_engine:u_bg_engine|tilemap_ram:u_map_buffer|map_ram~9152     ; Stuck at GND due to stuck port data_in      ;
; bg_engine:u_bg_engine|tilemap_ram:u_map_buffer|map_ram~9160     ; Stuck at GND due to stuck port data_in      ;
; bg_engine:u_bg_engine|tilemap_ram:u_map_buffer|map_ram~9168     ; Stuck at GND due to stuck port data_in      ;
; bg_engine:u_bg_engine|tilemap_ram:u_map_buffer|map_ram~9176     ; Stuck at GND due to stuck port data_in      ;
; bg_engine:u_bg_engine|tilemap_ram:u_map_buffer|map_ram~9184     ; Stuck at GND due to stuck port data_in      ;
; bg_engine:u_bg_engine|tilemap_ram:u_map_buffer|map_ram~9192     ; Stuck at GND due to stuck port data_in      ;
; bg_engine:u_bg_engine|tilemap_ram:u_map_buffer|map_ram~9200     ; Stuck at GND due to stuck port data_in      ;
; bg_engine:u_bg_engine|tilemap_ram:u_map_buffer|map_ram~9208     ; Stuck at GND due to stuck port data_in      ;
; bg_engine:u_bg_engine|tilemap_ram:u_map_buffer|map_ram~9216     ; Stuck at GND due to stuck port data_in      ;
; bg_engine:u_bg_engine|tilemap_ram:u_map_buffer|map_ram~9224     ; Stuck at GND due to stuck port data_in      ;
; bg_engine:u_bg_engine|tilemap_ram:u_map_buffer|map_ram~9232     ; Stuck at GND due to stuck port data_in      ;
; bg_engine:u_bg_engine|tilemap_ram:u_map_buffer|map_ram~9240     ; Stuck at GND due to stuck port data_in      ;
; bg_engine:u_bg_engine|tilemap_ram:u_map_buffer|map_ram~9248     ; Stuck at GND due to stuck port data_in      ;
; bg_engine:u_bg_engine|tilemap_ram:u_map_buffer|map_ram~9256     ; Stuck at GND due to stuck port data_in      ;
; bg_engine:u_bg_engine|tilemap_ram:u_map_buffer|map_ram~9264     ; Stuck at GND due to stuck port data_in      ;
; bg_engine:u_bg_engine|tilemap_ram:u_map_buffer|map_ram~9272     ; Stuck at GND due to stuck port data_in      ;
; bg_engine:u_bg_engine|tilemap_ram:u_map_buffer|map_ram~9280     ; Stuck at GND due to stuck port data_in      ;
; bg_engine:u_bg_engine|tilemap_ram:u_map_buffer|map_ram~9288     ; Stuck at GND due to stuck port data_in      ;
; bg_engine:u_bg_engine|tilemap_ram:u_map_buffer|map_ram~9296     ; Stuck at GND due to stuck port data_in      ;
; bg_engine:u_bg_engine|tilemap_ram:u_map_buffer|map_ram~9304     ; Stuck at GND due to stuck port data_in      ;
; bg_engine:u_bg_engine|tilemap_ram:u_map_buffer|map_ram~9312     ; Stuck at GND due to stuck port data_in      ;
; bg_engine:u_bg_engine|tilemap_ram:u_map_buffer|map_ram~9320     ; Stuck at GND due to stuck port data_in      ;
; bg_engine:u_bg_engine|tilemap_ram:u_map_buffer|map_ram~9328     ; Stuck at GND due to stuck port data_in      ;
; bg_engine:u_bg_engine|tilemap_ram:u_map_buffer|map_ram~9336     ; Stuck at GND due to stuck port data_in      ;
; bg_engine:u_bg_engine|tilemap_ram:u_map_buffer|map_ram~9344     ; Stuck at GND due to stuck port data_in      ;
; bg_engine:u_bg_engine|tilemap_ram:u_map_buffer|map_ram~9352     ; Stuck at GND due to stuck port data_in      ;
; bg_engine:u_bg_engine|tilemap_ram:u_map_buffer|map_ram~9360     ; Stuck at GND due to stuck port data_in      ;
; bg_engine:u_bg_engine|tilemap_ram:u_map_buffer|map_ram~9368     ; Stuck at GND due to stuck port data_in      ;
; bg_engine:u_bg_engine|tilemap_ram:u_map_buffer|map_ram~9376     ; Stuck at GND due to stuck port data_in      ;
; bg_engine:u_bg_engine|tilemap_ram:u_map_buffer|map_ram~9384     ; Stuck at GND due to stuck port data_in      ;
; bg_engine:u_bg_engine|tilemap_ram:u_map_buffer|map_ram~9392     ; Stuck at GND due to stuck port data_in      ;
; bg_engine:u_bg_engine|tilemap_ram:u_map_buffer|map_ram~9400     ; Stuck at GND due to stuck port data_in      ;
; bg_engine:u_bg_engine|tilemap_ram:u_map_buffer|map_ram~9408     ; Stuck at GND due to stuck port data_in      ;
; bg_engine:u_bg_engine|tilemap_ram:u_map_buffer|map_ram~9416     ; Stuck at GND due to stuck port data_in      ;
; bg_engine:u_bg_engine|tilemap_ram:u_map_buffer|map_ram~9424     ; Stuck at GND due to stuck port data_in      ;
; bg_engine:u_bg_engine|tilemap_ram:u_map_buffer|map_ram~9432     ; Stuck at GND due to stuck port data_in      ;
; bg_engine:u_bg_engine|tilemap_ram:u_map_buffer|map_ram~9440     ; Stuck at GND due to stuck port data_in      ;
; bg_engine:u_bg_engine|tilemap_ram:u_map_buffer|map_ram~9448     ; Stuck at GND due to stuck port data_in      ;
; bg_engine:u_bg_engine|tilemap_ram:u_map_buffer|map_ram~9456     ; Stuck at GND due to stuck port data_in      ;
; bg_engine:u_bg_engine|tilemap_ram:u_map_buffer|map_ram~9464     ; Stuck at GND due to stuck port data_in      ;
; bg_engine:u_bg_engine|tilemap_ram:u_map_buffer|map_ram~9472     ; Stuck at GND due to stuck port data_in      ;
; bg_engine:u_bg_engine|tilemap_ram:u_map_buffer|map_ram~9480     ; Stuck at GND due to stuck port data_in      ;
; bg_engine:u_bg_engine|tilemap_ram:u_map_buffer|map_ram~9488     ; Stuck at GND due to stuck port data_in      ;
; bg_engine:u_bg_engine|tilemap_ram:u_map_buffer|map_ram~9496     ; Stuck at GND due to stuck port data_in      ;
; bg_engine:u_bg_engine|tilemap_ram:u_map_buffer|map_ram~9504     ; Stuck at GND due to stuck port data_in      ;
; bg_engine:u_bg_engine|tilemap_ram:u_map_buffer|map_ram~9512     ; Stuck at GND due to stuck port data_in      ;
; bg_engine:u_bg_engine|tilemap_ram:u_map_buffer|map_ram~9520     ; Stuck at GND due to stuck port data_in      ;
; bg_engine:u_bg_engine|tilemap_ram:u_map_buffer|map_ram~9528     ; Stuck at GND due to stuck port data_in      ;
; bg_engine:u_bg_engine|tilemap_ram:u_map_buffer|map_ram~9536     ; Stuck at GND due to stuck port data_in      ;
; bg_engine:u_bg_engine|tilemap_ram:u_map_buffer|map_ram~9544     ; Stuck at GND due to stuck port data_in      ;
; bg_engine:u_bg_engine|tilemap_ram:u_map_buffer|map_ram~9552     ; Stuck at GND due to stuck port data_in      ;
; bg_engine:u_bg_engine|tilemap_ram:u_map_buffer|map_ram~9560     ; Stuck at GND due to stuck port data_in      ;
; bg_engine:u_bg_engine|tilemap_ram:u_map_buffer|map_ram~9568     ; Stuck at GND due to stuck port data_in      ;
; bg_engine:u_bg_engine|tilemap_ram:u_map_buffer|map_ram~9576     ; Stuck at GND due to stuck port data_in      ;
; bg_engine:u_bg_engine|tilemap_ram:u_map_buffer|map_ram~9584     ; Stuck at GND due to stuck port data_in      ;
; bg_engine:u_bg_engine|tilemap_ram:u_map_buffer|map_ram~9592     ; Stuck at GND due to stuck port data_in      ;
; bg_engine:u_bg_engine|tilemap_ram:u_map_buffer|map_ram~9        ; Stuck at GND due to stuck port data_in      ;
; bg_engine:u_bg_engine|tilemap_ram:u_map_buffer|map_ram~17       ; Stuck at GND due to stuck port data_in      ;
; bg_engine:u_bg_engine|tilemap_ram:u_map_buffer|map_ram~25       ; Stuck at GND due to stuck port data_in      ;
; bg_engine:u_bg_engine|tilemap_ram:u_map_buffer|map_ram~33       ; Stuck at GND due to stuck port data_in      ;
; bg_engine:u_bg_engine|tilemap_ram:u_map_buffer|map_ram~41       ; Stuck at GND due to stuck port data_in      ;
; bg_engine:u_bg_engine|tilemap_ram:u_map_buffer|map_ram~49       ; Stuck at GND due to stuck port data_in      ;
; bg_engine:u_bg_engine|tilemap_ram:u_map_buffer|map_ram~57       ; Stuck at GND due to stuck port data_in      ;
; bg_engine:u_bg_engine|tilemap_ram:u_map_buffer|map_ram~65       ; Stuck at GND due to stuck port data_in      ;
; bg_engine:u_bg_engine|tilemap_ram:u_map_buffer|map_ram~73       ; Stuck at GND due to stuck port data_in      ;
; bg_engine:u_bg_engine|tilemap_ram:u_map_buffer|map_ram~81       ; Stuck at GND due to stuck port data_in      ;
; bg_engine:u_bg_engine|tilemap_ram:u_map_buffer|map_ram~89       ; Stuck at GND due to stuck port data_in      ;
; bg_engine:u_bg_engine|tilemap_ram:u_map_buffer|map_ram~97       ; Stuck at GND due to stuck port data_in      ;
; bg_engine:u_bg_engine|tilemap_ram:u_map_buffer|map_ram~105      ; Stuck at GND due to stuck port data_in      ;
; bg_engine:u_bg_engine|tilemap_ram:u_map_buffer|map_ram~113      ; Stuck at GND due to stuck port data_in      ;
; bg_engine:u_bg_engine|tilemap_ram:u_map_buffer|map_ram~121      ; Stuck at GND due to stuck port data_in      ;
; bg_engine:u_bg_engine|tilemap_ram:u_map_buffer|map_ram~129      ; Stuck at GND due to stuck port data_in      ;
; bg_engine:u_bg_engine|tilemap_ram:u_map_buffer|map_ram~137      ; Stuck at GND due to stuck port data_in      ;
; bg_engine:u_bg_engine|tilemap_ram:u_map_buffer|map_ram~145      ; Stuck at GND due to stuck port data_in      ;
; bg_engine:u_bg_engine|tilemap_ram:u_map_buffer|map_ram~153      ; Stuck at GND due to stuck port data_in      ;
; bg_engine:u_bg_engine|tilemap_ram:u_map_buffer|map_ram~161      ; Stuck at GND due to stuck port data_in      ;
; bg_engine:u_bg_engine|tilemap_ram:u_map_buffer|map_ram~169      ; Stuck at GND due to stuck port data_in      ;
; bg_engine:u_bg_engine|tilemap_ram:u_map_buffer|map_ram~177      ; Stuck at GND due to stuck port data_in      ;
; bg_engine:u_bg_engine|tilemap_ram:u_map_buffer|map_ram~185      ; Stuck at GND due to stuck port data_in      ;
; bg_engine:u_bg_engine|tilemap_ram:u_map_buffer|map_ram~193      ; Stuck at GND due to stuck port data_in      ;
; bg_engine:u_bg_engine|tilemap_ram:u_map_buffer|map_ram~201      ; Stuck at GND due to stuck port data_in      ;
; bg_engine:u_bg_engine|tilemap_ram:u_map_buffer|map_ram~209      ; Stuck at GND due to stuck port data_in      ;
; bg_engine:u_bg_engine|tilemap_ram:u_map_buffer|map_ram~217      ; Stuck at GND due to stuck port data_in      ;
; bg_engine:u_bg_engine|tilemap_ram:u_map_buffer|map_ram~225      ; Stuck at GND due to stuck port data_in      ;
; bg_engine:u_bg_engine|tilemap_ram:u_map_buffer|map_ram~233      ; Stuck at GND due to stuck port data_in      ;
; bg_engine:u_bg_engine|tilemap_ram:u_map_buffer|map_ram~241      ; Stuck at GND due to stuck port data_in      ;
; bg_engine:u_bg_engine|tilemap_ram:u_map_buffer|map_ram~249      ; Stuck at GND due to stuck port data_in      ;
; bg_engine:u_bg_engine|tilemap_ram:u_map_buffer|map_ram~257      ; Stuck at GND due to stuck port data_in      ;
; bg_engine:u_bg_engine|tilemap_ram:u_map_buffer|map_ram~265      ; Stuck at GND due to stuck port data_in      ;
; bg_engine:u_bg_engine|tilemap_ram:u_map_buffer|map_ram~273      ; Stuck at GND due to stuck port data_in      ;
; bg_engine:u_bg_engine|tilemap_ram:u_map_buffer|map_ram~281      ; Stuck at GND due to stuck port data_in      ;
; bg_engine:u_bg_engine|tilemap_ram:u_map_buffer|map_ram~289      ; Stuck at GND due to stuck port data_in      ;
; bg_engine:u_bg_engine|tilemap_ram:u_map_buffer|map_ram~297      ; Stuck at GND due to stuck port data_in      ;
; bg_engine:u_bg_engine|tilemap_ram:u_map_buffer|map_ram~305      ; Stuck at GND due to stuck port data_in      ;
; bg_engine:u_bg_engine|tilemap_ram:u_map_buffer|map_ram~313      ; Stuck at GND due to stuck port data_in      ;
; bg_engine:u_bg_engine|tilemap_ram:u_map_buffer|map_ram~329      ; Stuck at GND due to stuck port data_in      ;
; bg_engine:u_bg_engine|tilemap_ram:u_map_buffer|map_ram~337      ; Stuck at GND due to stuck port data_in      ;
; bg_engine:u_bg_engine|tilemap_ram:u_map_buffer|map_ram~345      ; Stuck at GND due to stuck port data_in      ;
; bg_engine:u_bg_engine|tilemap_ram:u_map_buffer|map_ram~353      ; Stuck at GND due to stuck port data_in      ;
; bg_engine:u_bg_engine|tilemap_ram:u_map_buffer|map_ram~361      ; Stuck at GND due to stuck port data_in      ;
; bg_engine:u_bg_engine|tilemap_ram:u_map_buffer|map_ram~369      ; Stuck at GND due to stuck port data_in      ;
; bg_engine:u_bg_engine|tilemap_ram:u_map_buffer|map_ram~377      ; Stuck at GND due to stuck port data_in      ;
; bg_engine:u_bg_engine|tilemap_ram:u_map_buffer|map_ram~385      ; Stuck at GND due to stuck port data_in      ;
; bg_engine:u_bg_engine|tilemap_ram:u_map_buffer|map_ram~393      ; Stuck at GND due to stuck port data_in      ;
; bg_engine:u_bg_engine|tilemap_ram:u_map_buffer|map_ram~401      ; Stuck at GND due to stuck port data_in      ;
; bg_engine:u_bg_engine|tilemap_ram:u_map_buffer|map_ram~409      ; Stuck at GND due to stuck port data_in      ;
; bg_engine:u_bg_engine|tilemap_ram:u_map_buffer|map_ram~417      ; Stuck at GND due to stuck port data_in      ;
; bg_engine:u_bg_engine|tilemap_ram:u_map_buffer|map_ram~425      ; Stuck at GND due to stuck port data_in      ;
; bg_engine:u_bg_engine|tilemap_ram:u_map_buffer|map_ram~433      ; Stuck at GND due to stuck port data_in      ;
; bg_engine:u_bg_engine|tilemap_ram:u_map_buffer|map_ram~441      ; Stuck at GND due to stuck port data_in      ;
; bg_engine:u_bg_engine|tilemap_ram:u_map_buffer|map_ram~449      ; Stuck at GND due to stuck port data_in      ;
; bg_engine:u_bg_engine|tilemap_ram:u_map_buffer|map_ram~457      ; Stuck at GND due to stuck port data_in      ;
; bg_engine:u_bg_engine|tilemap_ram:u_map_buffer|map_ram~465      ; Stuck at GND due to stuck port data_in      ;
; bg_engine:u_bg_engine|tilemap_ram:u_map_buffer|map_ram~473      ; Stuck at GND due to stuck port data_in      ;
; bg_engine:u_bg_engine|tilemap_ram:u_map_buffer|map_ram~481      ; Stuck at GND due to stuck port data_in      ;
; bg_engine:u_bg_engine|tilemap_ram:u_map_buffer|map_ram~489      ; Stuck at GND due to stuck port data_in      ;
; bg_engine:u_bg_engine|tilemap_ram:u_map_buffer|map_ram~497      ; Stuck at GND due to stuck port data_in      ;
; bg_engine:u_bg_engine|tilemap_ram:u_map_buffer|map_ram~505      ; Stuck at GND due to stuck port data_in      ;
; bg_engine:u_bg_engine|tilemap_ram:u_map_buffer|map_ram~513      ; Stuck at GND due to stuck port data_in      ;
; bg_engine:u_bg_engine|tilemap_ram:u_map_buffer|map_ram~521      ; Stuck at GND due to stuck port data_in      ;
; bg_engine:u_bg_engine|tilemap_ram:u_map_buffer|map_ram~529      ; Stuck at GND due to stuck port data_in      ;
; bg_engine:u_bg_engine|tilemap_ram:u_map_buffer|map_ram~537      ; Stuck at GND due to stuck port data_in      ;
; bg_engine:u_bg_engine|tilemap_ram:u_map_buffer|map_ram~545      ; Stuck at GND due to stuck port data_in      ;
; bg_engine:u_bg_engine|tilemap_ram:u_map_buffer|map_ram~553      ; Stuck at GND due to stuck port data_in      ;
; bg_engine:u_bg_engine|tilemap_ram:u_map_buffer|map_ram~561      ; Stuck at GND due to stuck port data_in      ;
; bg_engine:u_bg_engine|tilemap_ram:u_map_buffer|map_ram~569      ; Stuck at GND due to stuck port data_in      ;
; bg_engine:u_bg_engine|tilemap_ram:u_map_buffer|map_ram~577      ; Stuck at GND due to stuck port data_in      ;
; bg_engine:u_bg_engine|tilemap_ram:u_map_buffer|map_ram~585      ; Stuck at GND due to stuck port data_in      ;
; bg_engine:u_bg_engine|tilemap_ram:u_map_buffer|map_ram~593      ; Stuck at GND due to stuck port data_in      ;
; bg_engine:u_bg_engine|tilemap_ram:u_map_buffer|map_ram~601      ; Stuck at GND due to stuck port data_in      ;
; bg_engine:u_bg_engine|tilemap_ram:u_map_buffer|map_ram~609      ; Stuck at GND due to stuck port data_in      ;
; bg_engine:u_bg_engine|tilemap_ram:u_map_buffer|map_ram~617      ; Stuck at GND due to stuck port data_in      ;
; bg_engine:u_bg_engine|tilemap_ram:u_map_buffer|map_ram~625      ; Stuck at GND due to stuck port data_in      ;
; bg_engine:u_bg_engine|tilemap_ram:u_map_buffer|map_ram~633      ; Stuck at GND due to stuck port data_in      ;
; bg_engine:u_bg_engine|tilemap_ram:u_map_buffer|map_ram~649      ; Stuck at GND due to stuck port data_in      ;
; bg_engine:u_bg_engine|tilemap_ram:u_map_buffer|map_ram~657      ; Stuck at GND due to stuck port data_in      ;
; bg_engine:u_bg_engine|tilemap_ram:u_map_buffer|map_ram~665      ; Stuck at GND due to stuck port data_in      ;
; bg_engine:u_bg_engine|tilemap_ram:u_map_buffer|map_ram~673      ; Stuck at GND due to stuck port data_in      ;
; bg_engine:u_bg_engine|tilemap_ram:u_map_buffer|map_ram~681      ; Stuck at GND due to stuck port data_in      ;
; bg_engine:u_bg_engine|tilemap_ram:u_map_buffer|map_ram~689      ; Stuck at GND due to stuck port data_in      ;
; bg_engine:u_bg_engine|tilemap_ram:u_map_buffer|map_ram~697      ; Stuck at GND due to stuck port data_in      ;
; bg_engine:u_bg_engine|tilemap_ram:u_map_buffer|map_ram~705      ; Stuck at GND due to stuck port data_in      ;
; bg_engine:u_bg_engine|tilemap_ram:u_map_buffer|map_ram~713      ; Stuck at GND due to stuck port data_in      ;
; bg_engine:u_bg_engine|tilemap_ram:u_map_buffer|map_ram~721      ; Stuck at GND due to stuck port data_in      ;
; bg_engine:u_bg_engine|tilemap_ram:u_map_buffer|map_ram~729      ; Stuck at GND due to stuck port data_in      ;
; bg_engine:u_bg_engine|tilemap_ram:u_map_buffer|map_ram~737      ; Stuck at GND due to stuck port data_in      ;
; bg_engine:u_bg_engine|tilemap_ram:u_map_buffer|map_ram~745      ; Stuck at GND due to stuck port data_in      ;
; bg_engine:u_bg_engine|tilemap_ram:u_map_buffer|map_ram~753      ; Stuck at GND due to stuck port data_in      ;
; bg_engine:u_bg_engine|tilemap_ram:u_map_buffer|map_ram~761      ; Stuck at GND due to stuck port data_in      ;
; bg_engine:u_bg_engine|tilemap_ram:u_map_buffer|map_ram~769      ; Stuck at GND due to stuck port data_in      ;
; bg_engine:u_bg_engine|tilemap_ram:u_map_buffer|map_ram~777      ; Stuck at GND due to stuck port data_in      ;
; bg_engine:u_bg_engine|tilemap_ram:u_map_buffer|map_ram~785      ; Stuck at GND due to stuck port data_in      ;
; bg_engine:u_bg_engine|tilemap_ram:u_map_buffer|map_ram~793      ; Stuck at GND due to stuck port data_in      ;
; bg_engine:u_bg_engine|tilemap_ram:u_map_buffer|map_ram~801      ; Stuck at GND due to stuck port data_in      ;
; bg_engine:u_bg_engine|tilemap_ram:u_map_buffer|map_ram~809      ; Stuck at GND due to stuck port data_in      ;
; bg_engine:u_bg_engine|tilemap_ram:u_map_buffer|map_ram~817      ; Stuck at GND due to stuck port data_in      ;
; bg_engine:u_bg_engine|tilemap_ram:u_map_buffer|map_ram~825      ; Stuck at GND due to stuck port data_in      ;
; bg_engine:u_bg_engine|tilemap_ram:u_map_buffer|map_ram~833      ; Stuck at GND due to stuck port data_in      ;
; bg_engine:u_bg_engine|tilemap_ram:u_map_buffer|map_ram~841      ; Stuck at GND due to stuck port data_in      ;
; bg_engine:u_bg_engine|tilemap_ram:u_map_buffer|map_ram~849      ; Stuck at GND due to stuck port data_in      ;
; bg_engine:u_bg_engine|tilemap_ram:u_map_buffer|map_ram~857      ; Stuck at GND due to stuck port data_in      ;
; bg_engine:u_bg_engine|tilemap_ram:u_map_buffer|map_ram~865      ; Stuck at GND due to stuck port data_in      ;
; bg_engine:u_bg_engine|tilemap_ram:u_map_buffer|map_ram~873      ; Stuck at GND due to stuck port data_in      ;
; bg_engine:u_bg_engine|tilemap_ram:u_map_buffer|map_ram~881      ; Stuck at GND due to stuck port data_in      ;
; bg_engine:u_bg_engine|tilemap_ram:u_map_buffer|map_ram~889      ; Stuck at GND due to stuck port data_in      ;
; bg_engine:u_bg_engine|tilemap_ram:u_map_buffer|map_ram~897      ; Stuck at GND due to stuck port data_in      ;
; bg_engine:u_bg_engine|tilemap_ram:u_map_buffer|map_ram~905      ; Stuck at GND due to stuck port data_in      ;
; bg_engine:u_bg_engine|tilemap_ram:u_map_buffer|map_ram~913      ; Stuck at GND due to stuck port data_in      ;
; bg_engine:u_bg_engine|tilemap_ram:u_map_buffer|map_ram~921      ; Stuck at GND due to stuck port data_in      ;
; bg_engine:u_bg_engine|tilemap_ram:u_map_buffer|map_ram~929      ; Stuck at GND due to stuck port data_in      ;
; bg_engine:u_bg_engine|tilemap_ram:u_map_buffer|map_ram~937      ; Stuck at GND due to stuck port data_in      ;
; bg_engine:u_bg_engine|tilemap_ram:u_map_buffer|map_ram~945      ; Stuck at GND due to stuck port data_in      ;
; bg_engine:u_bg_engine|tilemap_ram:u_map_buffer|map_ram~953      ; Stuck at GND due to stuck port data_in      ;
; bg_engine:u_bg_engine|tilemap_ram:u_map_buffer|map_ram~969      ; Stuck at GND due to stuck port data_in      ;
; bg_engine:u_bg_engine|tilemap_ram:u_map_buffer|map_ram~977      ; Stuck at GND due to stuck port data_in      ;
; bg_engine:u_bg_engine|tilemap_ram:u_map_buffer|map_ram~985      ; Stuck at GND due to stuck port data_in      ;
; bg_engine:u_bg_engine|tilemap_ram:u_map_buffer|map_ram~993      ; Stuck at GND due to stuck port data_in      ;
; bg_engine:u_bg_engine|tilemap_ram:u_map_buffer|map_ram~1001     ; Stuck at GND due to stuck port data_in      ;
; bg_engine:u_bg_engine|tilemap_ram:u_map_buffer|map_ram~1009     ; Stuck at GND due to stuck port data_in      ;
; bg_engine:u_bg_engine|tilemap_ram:u_map_buffer|map_ram~1017     ; Stuck at GND due to stuck port data_in      ;
; bg_engine:u_bg_engine|tilemap_ram:u_map_buffer|map_ram~1025     ; Stuck at GND due to stuck port data_in      ;
; bg_engine:u_bg_engine|tilemap_ram:u_map_buffer|map_ram~1033     ; Stuck at GND due to stuck port data_in      ;
; bg_engine:u_bg_engine|tilemap_ram:u_map_buffer|map_ram~1041     ; Stuck at GND due to stuck port data_in      ;
; bg_engine:u_bg_engine|tilemap_ram:u_map_buffer|map_ram~1049     ; Stuck at GND due to stuck port data_in      ;
; bg_engine:u_bg_engine|tilemap_ram:u_map_buffer|map_ram~1057     ; Stuck at GND due to stuck port data_in      ;
; bg_engine:u_bg_engine|tilemap_ram:u_map_buffer|map_ram~1065     ; Stuck at GND due to stuck port data_in      ;
; bg_engine:u_bg_engine|tilemap_ram:u_map_buffer|map_ram~1073     ; Stuck at GND due to stuck port data_in      ;
; bg_engine:u_bg_engine|tilemap_ram:u_map_buffer|map_ram~1081     ; Stuck at GND due to stuck port data_in      ;
; bg_engine:u_bg_engine|tilemap_ram:u_map_buffer|map_ram~1089     ; Stuck at GND due to stuck port data_in      ;
; bg_engine:u_bg_engine|tilemap_ram:u_map_buffer|map_ram~1097     ; Stuck at GND due to stuck port data_in      ;
; bg_engine:u_bg_engine|tilemap_ram:u_map_buffer|map_ram~1105     ; Stuck at GND due to stuck port data_in      ;
; bg_engine:u_bg_engine|tilemap_ram:u_map_buffer|map_ram~1113     ; Stuck at GND due to stuck port data_in      ;
; bg_engine:u_bg_engine|tilemap_ram:u_map_buffer|map_ram~1121     ; Stuck at GND due to stuck port data_in      ;
; bg_engine:u_bg_engine|tilemap_ram:u_map_buffer|map_ram~1129     ; Stuck at GND due to stuck port data_in      ;
; bg_engine:u_bg_engine|tilemap_ram:u_map_buffer|map_ram~1137     ; Stuck at GND due to stuck port data_in      ;
; bg_engine:u_bg_engine|tilemap_ram:u_map_buffer|map_ram~1145     ; Stuck at GND due to stuck port data_in      ;
; bg_engine:u_bg_engine|tilemap_ram:u_map_buffer|map_ram~1153     ; Stuck at GND due to stuck port data_in      ;
; bg_engine:u_bg_engine|tilemap_ram:u_map_buffer|map_ram~1161     ; Stuck at GND due to stuck port data_in      ;
; bg_engine:u_bg_engine|tilemap_ram:u_map_buffer|map_ram~1169     ; Stuck at GND due to stuck port data_in      ;
; bg_engine:u_bg_engine|tilemap_ram:u_map_buffer|map_ram~1177     ; Stuck at GND due to stuck port data_in      ;
; bg_engine:u_bg_engine|tilemap_ram:u_map_buffer|map_ram~1185     ; Stuck at GND due to stuck port data_in      ;
; bg_engine:u_bg_engine|tilemap_ram:u_map_buffer|map_ram~1193     ; Stuck at GND due to stuck port data_in      ;
; bg_engine:u_bg_engine|tilemap_ram:u_map_buffer|map_ram~1201     ; Stuck at GND due to stuck port data_in      ;
; bg_engine:u_bg_engine|tilemap_ram:u_map_buffer|map_ram~1209     ; Stuck at GND due to stuck port data_in      ;
; bg_engine:u_bg_engine|tilemap_ram:u_map_buffer|map_ram~1217     ; Stuck at GND due to stuck port data_in      ;
; bg_engine:u_bg_engine|tilemap_ram:u_map_buffer|map_ram~1225     ; Stuck at GND due to stuck port data_in      ;
; bg_engine:u_bg_engine|tilemap_ram:u_map_buffer|map_ram~1233     ; Stuck at GND due to stuck port data_in      ;
; bg_engine:u_bg_engine|tilemap_ram:u_map_buffer|map_ram~1241     ; Stuck at GND due to stuck port data_in      ;
; bg_engine:u_bg_engine|tilemap_ram:u_map_buffer|map_ram~1249     ; Stuck at GND due to stuck port data_in      ;
; bg_engine:u_bg_engine|tilemap_ram:u_map_buffer|map_ram~1257     ; Stuck at GND due to stuck port data_in      ;
; bg_engine:u_bg_engine|tilemap_ram:u_map_buffer|map_ram~1265     ; Stuck at GND due to stuck port data_in      ;
; bg_engine:u_bg_engine|tilemap_ram:u_map_buffer|map_ram~1273     ; Stuck at GND due to stuck port data_in      ;
; bg_engine:u_bg_engine|tilemap_ram:u_map_buffer|map_ram~1281     ; Stuck at GND due to stuck port data_in      ;
; bg_engine:u_bg_engine|tilemap_ram:u_map_buffer|map_ram~1289     ; Stuck at GND due to stuck port data_in      ;
; bg_engine:u_bg_engine|tilemap_ram:u_map_buffer|map_ram~1297     ; Stuck at GND due to stuck port data_in      ;
; bg_engine:u_bg_engine|tilemap_ram:u_map_buffer|map_ram~1305     ; Stuck at GND due to stuck port data_in      ;
; bg_engine:u_bg_engine|tilemap_ram:u_map_buffer|map_ram~1313     ; Stuck at GND due to stuck port data_in      ;
; bg_engine:u_bg_engine|tilemap_ram:u_map_buffer|map_ram~1321     ; Stuck at GND due to stuck port data_in      ;
; bg_engine:u_bg_engine|tilemap_ram:u_map_buffer|map_ram~1329     ; Stuck at GND due to stuck port data_in      ;
; bg_engine:u_bg_engine|tilemap_ram:u_map_buffer|map_ram~1337     ; Stuck at GND due to stuck port data_in      ;
; bg_engine:u_bg_engine|tilemap_ram:u_map_buffer|map_ram~1345     ; Stuck at GND due to stuck port data_in      ;
; bg_engine:u_bg_engine|tilemap_ram:u_map_buffer|map_ram~1353     ; Stuck at GND due to stuck port data_in      ;
; bg_engine:u_bg_engine|tilemap_ram:u_map_buffer|map_ram~1361     ; Stuck at GND due to stuck port data_in      ;
; bg_engine:u_bg_engine|tilemap_ram:u_map_buffer|map_ram~1369     ; Stuck at GND due to stuck port data_in      ;
; bg_engine:u_bg_engine|tilemap_ram:u_map_buffer|map_ram~1377     ; Stuck at GND due to stuck port data_in      ;
; bg_engine:u_bg_engine|tilemap_ram:u_map_buffer|map_ram~1385     ; Stuck at GND due to stuck port data_in      ;
; bg_engine:u_bg_engine|tilemap_ram:u_map_buffer|map_ram~1393     ; Stuck at GND due to stuck port data_in      ;
; bg_engine:u_bg_engine|tilemap_ram:u_map_buffer|map_ram~1401     ; Stuck at GND due to stuck port data_in      ;
; bg_engine:u_bg_engine|tilemap_ram:u_map_buffer|map_ram~1409     ; Stuck at GND due to stuck port data_in      ;
; bg_engine:u_bg_engine|tilemap_ram:u_map_buffer|map_ram~1417     ; Stuck at GND due to stuck port data_in      ;
; bg_engine:u_bg_engine|tilemap_ram:u_map_buffer|map_ram~1425     ; Stuck at GND due to stuck port data_in      ;
; bg_engine:u_bg_engine|tilemap_ram:u_map_buffer|map_ram~1433     ; Stuck at GND due to stuck port data_in      ;
; bg_engine:u_bg_engine|tilemap_ram:u_map_buffer|map_ram~1441     ; Stuck at GND due to stuck port data_in      ;
; bg_engine:u_bg_engine|tilemap_ram:u_map_buffer|map_ram~1449     ; Stuck at GND due to stuck port data_in      ;
; bg_engine:u_bg_engine|tilemap_ram:u_map_buffer|map_ram~1457     ; Stuck at GND due to stuck port data_in      ;
; bg_engine:u_bg_engine|tilemap_ram:u_map_buffer|map_ram~1465     ; Stuck at GND due to stuck port data_in      ;
; bg_engine:u_bg_engine|tilemap_ram:u_map_buffer|map_ram~1473     ; Stuck at GND due to stuck port data_in      ;
; bg_engine:u_bg_engine|tilemap_ram:u_map_buffer|map_ram~1481     ; Stuck at GND due to stuck port data_in      ;
; bg_engine:u_bg_engine|tilemap_ram:u_map_buffer|map_ram~1489     ; Stuck at GND due to stuck port data_in      ;
; bg_engine:u_bg_engine|tilemap_ram:u_map_buffer|map_ram~1497     ; Stuck at GND due to stuck port data_in      ;
; bg_engine:u_bg_engine|tilemap_ram:u_map_buffer|map_ram~1505     ; Stuck at GND due to stuck port data_in      ;
; bg_engine:u_bg_engine|tilemap_ram:u_map_buffer|map_ram~1513     ; Stuck at GND due to stuck port data_in      ;
; bg_engine:u_bg_engine|tilemap_ram:u_map_buffer|map_ram~1521     ; Stuck at GND due to stuck port data_in      ;
; bg_engine:u_bg_engine|tilemap_ram:u_map_buffer|map_ram~1529     ; Stuck at GND due to stuck port data_in      ;
; bg_engine:u_bg_engine|tilemap_ram:u_map_buffer|map_ram~1537     ; Stuck at GND due to stuck port data_in      ;
; bg_engine:u_bg_engine|tilemap_ram:u_map_buffer|map_ram~1545     ; Stuck at GND due to stuck port data_in      ;
; bg_engine:u_bg_engine|tilemap_ram:u_map_buffer|map_ram~1553     ; Stuck at GND due to stuck port data_in      ;
; bg_engine:u_bg_engine|tilemap_ram:u_map_buffer|map_ram~1561     ; Stuck at GND due to stuck port data_in      ;
; bg_engine:u_bg_engine|tilemap_ram:u_map_buffer|map_ram~1569     ; Stuck at GND due to stuck port data_in      ;
; bg_engine:u_bg_engine|tilemap_ram:u_map_buffer|map_ram~1577     ; Stuck at GND due to stuck port data_in      ;
; bg_engine:u_bg_engine|tilemap_ram:u_map_buffer|map_ram~1585     ; Stuck at GND due to stuck port data_in      ;
; bg_engine:u_bg_engine|tilemap_ram:u_map_buffer|map_ram~1593     ; Stuck at GND due to stuck port data_in      ;
; bg_engine:u_bg_engine|tilemap_ram:u_map_buffer|map_ram~1601     ; Stuck at GND due to stuck port data_in      ;
; bg_engine:u_bg_engine|tilemap_ram:u_map_buffer|map_ram~1609     ; Stuck at GND due to stuck port data_in      ;
; bg_engine:u_bg_engine|tilemap_ram:u_map_buffer|map_ram~1617     ; Stuck at GND due to stuck port data_in      ;
; bg_engine:u_bg_engine|tilemap_ram:u_map_buffer|map_ram~1625     ; Stuck at GND due to stuck port data_in      ;
; bg_engine:u_bg_engine|tilemap_ram:u_map_buffer|map_ram~1633     ; Stuck at GND due to stuck port data_in      ;
; bg_engine:u_bg_engine|tilemap_ram:u_map_buffer|map_ram~1641     ; Stuck at GND due to stuck port data_in      ;
; bg_engine:u_bg_engine|tilemap_ram:u_map_buffer|map_ram~1649     ; Stuck at GND due to stuck port data_in      ;
; bg_engine:u_bg_engine|tilemap_ram:u_map_buffer|map_ram~1657     ; Stuck at GND due to stuck port data_in      ;
; bg_engine:u_bg_engine|tilemap_ram:u_map_buffer|map_ram~1665     ; Stuck at GND due to stuck port data_in      ;
; bg_engine:u_bg_engine|tilemap_ram:u_map_buffer|map_ram~1673     ; Stuck at GND due to stuck port data_in      ;
; bg_engine:u_bg_engine|tilemap_ram:u_map_buffer|map_ram~1681     ; Stuck at GND due to stuck port data_in      ;
; bg_engine:u_bg_engine|tilemap_ram:u_map_buffer|map_ram~1689     ; Stuck at GND due to stuck port data_in      ;
; bg_engine:u_bg_engine|tilemap_ram:u_map_buffer|map_ram~1697     ; Stuck at GND due to stuck port data_in      ;
; bg_engine:u_bg_engine|tilemap_ram:u_map_buffer|map_ram~1705     ; Stuck at GND due to stuck port data_in      ;
; bg_engine:u_bg_engine|tilemap_ram:u_map_buffer|map_ram~1713     ; Stuck at GND due to stuck port data_in      ;
; bg_engine:u_bg_engine|tilemap_ram:u_map_buffer|map_ram~1721     ; Stuck at GND due to stuck port data_in      ;
; bg_engine:u_bg_engine|tilemap_ram:u_map_buffer|map_ram~1729     ; Stuck at GND due to stuck port data_in      ;
; bg_engine:u_bg_engine|tilemap_ram:u_map_buffer|map_ram~1737     ; Stuck at GND due to stuck port data_in      ;
; bg_engine:u_bg_engine|tilemap_ram:u_map_buffer|map_ram~1745     ; Stuck at GND due to stuck port data_in      ;
; bg_engine:u_bg_engine|tilemap_ram:u_map_buffer|map_ram~1753     ; Stuck at GND due to stuck port data_in      ;
; bg_engine:u_bg_engine|tilemap_ram:u_map_buffer|map_ram~1761     ; Stuck at GND due to stuck port data_in      ;
; bg_engine:u_bg_engine|tilemap_ram:u_map_buffer|map_ram~1769     ; Stuck at GND due to stuck port data_in      ;
; bg_engine:u_bg_engine|tilemap_ram:u_map_buffer|map_ram~1777     ; Stuck at GND due to stuck port data_in      ;
; bg_engine:u_bg_engine|tilemap_ram:u_map_buffer|map_ram~1785     ; Stuck at GND due to stuck port data_in      ;
; bg_engine:u_bg_engine|tilemap_ram:u_map_buffer|map_ram~1793     ; Stuck at GND due to stuck port data_in      ;
; bg_engine:u_bg_engine|tilemap_ram:u_map_buffer|map_ram~1801     ; Stuck at GND due to stuck port data_in      ;
; bg_engine:u_bg_engine|tilemap_ram:u_map_buffer|map_ram~1809     ; Stuck at GND due to stuck port data_in      ;
; bg_engine:u_bg_engine|tilemap_ram:u_map_buffer|map_ram~1817     ; Stuck at GND due to stuck port data_in      ;
; bg_engine:u_bg_engine|tilemap_ram:u_map_buffer|map_ram~1825     ; Stuck at GND due to stuck port data_in      ;
; bg_engine:u_bg_engine|tilemap_ram:u_map_buffer|map_ram~1833     ; Stuck at GND due to stuck port data_in      ;
; bg_engine:u_bg_engine|tilemap_ram:u_map_buffer|map_ram~1841     ; Stuck at GND due to stuck port data_in      ;
; bg_engine:u_bg_engine|tilemap_ram:u_map_buffer|map_ram~1849     ; Stuck at GND due to stuck port data_in      ;
; bg_engine:u_bg_engine|tilemap_ram:u_map_buffer|map_ram~1857     ; Stuck at GND due to stuck port data_in      ;
; bg_engine:u_bg_engine|tilemap_ram:u_map_buffer|map_ram~1865     ; Stuck at GND due to stuck port data_in      ;
; bg_engine:u_bg_engine|tilemap_ram:u_map_buffer|map_ram~1873     ; Stuck at GND due to stuck port data_in      ;
; bg_engine:u_bg_engine|tilemap_ram:u_map_buffer|map_ram~1881     ; Stuck at GND due to stuck port data_in      ;
; bg_engine:u_bg_engine|tilemap_ram:u_map_buffer|map_ram~1889     ; Stuck at GND due to stuck port data_in      ;
; bg_engine:u_bg_engine|tilemap_ram:u_map_buffer|map_ram~1897     ; Stuck at GND due to stuck port data_in      ;
; bg_engine:u_bg_engine|tilemap_ram:u_map_buffer|map_ram~1905     ; Stuck at GND due to stuck port data_in      ;
; bg_engine:u_bg_engine|tilemap_ram:u_map_buffer|map_ram~1913     ; Stuck at GND due to stuck port data_in      ;
; bg_engine:u_bg_engine|tilemap_ram:u_map_buffer|map_ram~1921     ; Stuck at GND due to stuck port data_in      ;
; bg_engine:u_bg_engine|tilemap_ram:u_map_buffer|map_ram~1929     ; Stuck at GND due to stuck port data_in      ;
; bg_engine:u_bg_engine|tilemap_ram:u_map_buffer|map_ram~1937     ; Stuck at GND due to stuck port data_in      ;
; bg_engine:u_bg_engine|tilemap_ram:u_map_buffer|map_ram~1945     ; Stuck at GND due to stuck port data_in      ;
; bg_engine:u_bg_engine|tilemap_ram:u_map_buffer|map_ram~1953     ; Stuck at GND due to stuck port data_in      ;
; bg_engine:u_bg_engine|tilemap_ram:u_map_buffer|map_ram~1961     ; Stuck at GND due to stuck port data_in      ;
; bg_engine:u_bg_engine|tilemap_ram:u_map_buffer|map_ram~1969     ; Stuck at GND due to stuck port data_in      ;
; bg_engine:u_bg_engine|tilemap_ram:u_map_buffer|map_ram~1977     ; Stuck at GND due to stuck port data_in      ;
; bg_engine:u_bg_engine|tilemap_ram:u_map_buffer|map_ram~1985     ; Stuck at GND due to stuck port data_in      ;
; bg_engine:u_bg_engine|tilemap_ram:u_map_buffer|map_ram~1993     ; Stuck at GND due to stuck port data_in      ;
; bg_engine:u_bg_engine|tilemap_ram:u_map_buffer|map_ram~2001     ; Stuck at GND due to stuck port data_in      ;
; bg_engine:u_bg_engine|tilemap_ram:u_map_buffer|map_ram~2009     ; Stuck at GND due to stuck port data_in      ;
; bg_engine:u_bg_engine|tilemap_ram:u_map_buffer|map_ram~2017     ; Stuck at GND due to stuck port data_in      ;
; bg_engine:u_bg_engine|tilemap_ram:u_map_buffer|map_ram~2025     ; Stuck at GND due to stuck port data_in      ;
; bg_engine:u_bg_engine|tilemap_ram:u_map_buffer|map_ram~2033     ; Stuck at GND due to stuck port data_in      ;
; bg_engine:u_bg_engine|tilemap_ram:u_map_buffer|map_ram~2041     ; Stuck at GND due to stuck port data_in      ;
; bg_engine:u_bg_engine|tilemap_ram:u_map_buffer|map_ram~2049     ; Stuck at GND due to stuck port data_in      ;
; bg_engine:u_bg_engine|tilemap_ram:u_map_buffer|map_ram~2057     ; Stuck at GND due to stuck port data_in      ;
; bg_engine:u_bg_engine|tilemap_ram:u_map_buffer|map_ram~2065     ; Stuck at GND due to stuck port data_in      ;
; bg_engine:u_bg_engine|tilemap_ram:u_map_buffer|map_ram~2073     ; Stuck at GND due to stuck port data_in      ;
; bg_engine:u_bg_engine|tilemap_ram:u_map_buffer|map_ram~2081     ; Stuck at GND due to stuck port data_in      ;
; bg_engine:u_bg_engine|tilemap_ram:u_map_buffer|map_ram~2089     ; Stuck at GND due to stuck port data_in      ;
; bg_engine:u_bg_engine|tilemap_ram:u_map_buffer|map_ram~2097     ; Stuck at GND due to stuck port data_in      ;
; bg_engine:u_bg_engine|tilemap_ram:u_map_buffer|map_ram~2105     ; Stuck at GND due to stuck port data_in      ;
; bg_engine:u_bg_engine|tilemap_ram:u_map_buffer|map_ram~2113     ; Stuck at GND due to stuck port data_in      ;
; bg_engine:u_bg_engine|tilemap_ram:u_map_buffer|map_ram~2121     ; Stuck at GND due to stuck port data_in      ;
; bg_engine:u_bg_engine|tilemap_ram:u_map_buffer|map_ram~2129     ; Stuck at GND due to stuck port data_in      ;
; bg_engine:u_bg_engine|tilemap_ram:u_map_buffer|map_ram~2137     ; Stuck at GND due to stuck port data_in      ;
; bg_engine:u_bg_engine|tilemap_ram:u_map_buffer|map_ram~2145     ; Stuck at GND due to stuck port data_in      ;
; bg_engine:u_bg_engine|tilemap_ram:u_map_buffer|map_ram~2153     ; Stuck at GND due to stuck port data_in      ;
; bg_engine:u_bg_engine|tilemap_ram:u_map_buffer|map_ram~2161     ; Stuck at GND due to stuck port data_in      ;
; bg_engine:u_bg_engine|tilemap_ram:u_map_buffer|map_ram~2169     ; Stuck at GND due to stuck port data_in      ;
; bg_engine:u_bg_engine|tilemap_ram:u_map_buffer|map_ram~2177     ; Stuck at GND due to stuck port data_in      ;
; bg_engine:u_bg_engine|tilemap_ram:u_map_buffer|map_ram~2185     ; Stuck at GND due to stuck port data_in      ;
; bg_engine:u_bg_engine|tilemap_ram:u_map_buffer|map_ram~2193     ; Stuck at GND due to stuck port data_in      ;
; bg_engine:u_bg_engine|tilemap_ram:u_map_buffer|map_ram~2201     ; Stuck at GND due to stuck port data_in      ;
; bg_engine:u_bg_engine|tilemap_ram:u_map_buffer|map_ram~2209     ; Stuck at GND due to stuck port data_in      ;
; bg_engine:u_bg_engine|tilemap_ram:u_map_buffer|map_ram~2217     ; Stuck at GND due to stuck port data_in      ;
; bg_engine:u_bg_engine|tilemap_ram:u_map_buffer|map_ram~2225     ; Stuck at GND due to stuck port data_in      ;
; bg_engine:u_bg_engine|tilemap_ram:u_map_buffer|map_ram~2233     ; Stuck at GND due to stuck port data_in      ;
; bg_engine:u_bg_engine|tilemap_ram:u_map_buffer|map_ram~2241     ; Stuck at GND due to stuck port data_in      ;
; bg_engine:u_bg_engine|tilemap_ram:u_map_buffer|map_ram~2249     ; Stuck at GND due to stuck port data_in      ;
; bg_engine:u_bg_engine|tilemap_ram:u_map_buffer|map_ram~2257     ; Stuck at GND due to stuck port data_in      ;
; bg_engine:u_bg_engine|tilemap_ram:u_map_buffer|map_ram~2265     ; Stuck at GND due to stuck port data_in      ;
; bg_engine:u_bg_engine|tilemap_ram:u_map_buffer|map_ram~2273     ; Stuck at GND due to stuck port data_in      ;
; bg_engine:u_bg_engine|tilemap_ram:u_map_buffer|map_ram~2281     ; Stuck at GND due to stuck port data_in      ;
; bg_engine:u_bg_engine|tilemap_ram:u_map_buffer|map_ram~2289     ; Stuck at GND due to stuck port data_in      ;
; bg_engine:u_bg_engine|tilemap_ram:u_map_buffer|map_ram~2297     ; Stuck at GND due to stuck port data_in      ;
; bg_engine:u_bg_engine|tilemap_ram:u_map_buffer|map_ram~2305     ; Stuck at GND due to stuck port data_in      ;
; bg_engine:u_bg_engine|tilemap_ram:u_map_buffer|map_ram~2313     ; Stuck at GND due to stuck port data_in      ;
; bg_engine:u_bg_engine|tilemap_ram:u_map_buffer|map_ram~2321     ; Stuck at GND due to stuck port data_in      ;
; bg_engine:u_bg_engine|tilemap_ram:u_map_buffer|map_ram~2329     ; Stuck at GND due to stuck port data_in      ;
; bg_engine:u_bg_engine|tilemap_ram:u_map_buffer|map_ram~2337     ; Stuck at GND due to stuck port data_in      ;
; bg_engine:u_bg_engine|tilemap_ram:u_map_buffer|map_ram~2345     ; Stuck at GND due to stuck port data_in      ;
; bg_engine:u_bg_engine|tilemap_ram:u_map_buffer|map_ram~2353     ; Stuck at GND due to stuck port data_in      ;
; bg_engine:u_bg_engine|tilemap_ram:u_map_buffer|map_ram~2361     ; Stuck at GND due to stuck port data_in      ;
; bg_engine:u_bg_engine|tilemap_ram:u_map_buffer|map_ram~2369     ; Stuck at GND due to stuck port data_in      ;
; bg_engine:u_bg_engine|tilemap_ram:u_map_buffer|map_ram~2377     ; Stuck at GND due to stuck port data_in      ;
; bg_engine:u_bg_engine|tilemap_ram:u_map_buffer|map_ram~2385     ; Stuck at GND due to stuck port data_in      ;
; bg_engine:u_bg_engine|tilemap_ram:u_map_buffer|map_ram~2393     ; Stuck at GND due to stuck port data_in      ;
; bg_engine:u_bg_engine|tilemap_ram:u_map_buffer|map_ram~2401     ; Stuck at GND due to stuck port data_in      ;
; bg_engine:u_bg_engine|tilemap_ram:u_map_buffer|map_ram~2409     ; Stuck at GND due to stuck port data_in      ;
; bg_engine:u_bg_engine|tilemap_ram:u_map_buffer|map_ram~2417     ; Stuck at GND due to stuck port data_in      ;
; bg_engine:u_bg_engine|tilemap_ram:u_map_buffer|map_ram~2425     ; Stuck at GND due to stuck port data_in      ;
; bg_engine:u_bg_engine|tilemap_ram:u_map_buffer|map_ram~2433     ; Stuck at GND due to stuck port data_in      ;
; bg_engine:u_bg_engine|tilemap_ram:u_map_buffer|map_ram~2441     ; Stuck at GND due to stuck port data_in      ;
; bg_engine:u_bg_engine|tilemap_ram:u_map_buffer|map_ram~2449     ; Stuck at GND due to stuck port data_in      ;
; bg_engine:u_bg_engine|tilemap_ram:u_map_buffer|map_ram~2457     ; Stuck at GND due to stuck port data_in      ;
; bg_engine:u_bg_engine|tilemap_ram:u_map_buffer|map_ram~2465     ; Stuck at GND due to stuck port data_in      ;
; bg_engine:u_bg_engine|tilemap_ram:u_map_buffer|map_ram~2473     ; Stuck at GND due to stuck port data_in      ;
; bg_engine:u_bg_engine|tilemap_ram:u_map_buffer|map_ram~2481     ; Stuck at GND due to stuck port data_in      ;
; bg_engine:u_bg_engine|tilemap_ram:u_map_buffer|map_ram~2489     ; Stuck at GND due to stuck port data_in      ;
; bg_engine:u_bg_engine|tilemap_ram:u_map_buffer|map_ram~2497     ; Stuck at GND due to stuck port data_in      ;
; bg_engine:u_bg_engine|tilemap_ram:u_map_buffer|map_ram~2505     ; Stuck at GND due to stuck port data_in      ;
; bg_engine:u_bg_engine|tilemap_ram:u_map_buffer|map_ram~2513     ; Stuck at GND due to stuck port data_in      ;
; bg_engine:u_bg_engine|tilemap_ram:u_map_buffer|map_ram~2521     ; Stuck at GND due to stuck port data_in      ;
; bg_engine:u_bg_engine|tilemap_ram:u_map_buffer|map_ram~2529     ; Stuck at GND due to stuck port data_in      ;
; bg_engine:u_bg_engine|tilemap_ram:u_map_buffer|map_ram~2537     ; Stuck at GND due to stuck port data_in      ;
; bg_engine:u_bg_engine|tilemap_ram:u_map_buffer|map_ram~2545     ; Stuck at GND due to stuck port data_in      ;
; bg_engine:u_bg_engine|tilemap_ram:u_map_buffer|map_ram~2553     ; Stuck at GND due to stuck port data_in      ;
; bg_engine:u_bg_engine|tilemap_ram:u_map_buffer|map_ram~2561     ; Stuck at GND due to stuck port data_in      ;
; bg_engine:u_bg_engine|tilemap_ram:u_map_buffer|map_ram~2569     ; Stuck at GND due to stuck port data_in      ;
; bg_engine:u_bg_engine|tilemap_ram:u_map_buffer|map_ram~2577     ; Stuck at GND due to stuck port data_in      ;
; bg_engine:u_bg_engine|tilemap_ram:u_map_buffer|map_ram~2585     ; Stuck at GND due to stuck port data_in      ;
; bg_engine:u_bg_engine|tilemap_ram:u_map_buffer|map_ram~2593     ; Stuck at GND due to stuck port data_in      ;
; bg_engine:u_bg_engine|tilemap_ram:u_map_buffer|map_ram~2601     ; Stuck at GND due to stuck port data_in      ;
; bg_engine:u_bg_engine|tilemap_ram:u_map_buffer|map_ram~2609     ; Stuck at GND due to stuck port data_in      ;
; bg_engine:u_bg_engine|tilemap_ram:u_map_buffer|map_ram~2617     ; Stuck at GND due to stuck port data_in      ;
; bg_engine:u_bg_engine|tilemap_ram:u_map_buffer|map_ram~2625     ; Stuck at GND due to stuck port data_in      ;
; bg_engine:u_bg_engine|tilemap_ram:u_map_buffer|map_ram~2633     ; Stuck at GND due to stuck port data_in      ;
; bg_engine:u_bg_engine|tilemap_ram:u_map_buffer|map_ram~2641     ; Stuck at GND due to stuck port data_in      ;
; bg_engine:u_bg_engine|tilemap_ram:u_map_buffer|map_ram~2649     ; Stuck at GND due to stuck port data_in      ;
; bg_engine:u_bg_engine|tilemap_ram:u_map_buffer|map_ram~2657     ; Stuck at GND due to stuck port data_in      ;
; bg_engine:u_bg_engine|tilemap_ram:u_map_buffer|map_ram~2665     ; Stuck at GND due to stuck port data_in      ;
; bg_engine:u_bg_engine|tilemap_ram:u_map_buffer|map_ram~2673     ; Stuck at GND due to stuck port data_in      ;
; bg_engine:u_bg_engine|tilemap_ram:u_map_buffer|map_ram~2681     ; Stuck at GND due to stuck port data_in      ;
; bg_engine:u_bg_engine|tilemap_ram:u_map_buffer|map_ram~2689     ; Stuck at GND due to stuck port data_in      ;
; bg_engine:u_bg_engine|tilemap_ram:u_map_buffer|map_ram~2697     ; Stuck at GND due to stuck port data_in      ;
; bg_engine:u_bg_engine|tilemap_ram:u_map_buffer|map_ram~2705     ; Stuck at GND due to stuck port data_in      ;
; bg_engine:u_bg_engine|tilemap_ram:u_map_buffer|map_ram~2713     ; Stuck at GND due to stuck port data_in      ;
; bg_engine:u_bg_engine|tilemap_ram:u_map_buffer|map_ram~2721     ; Stuck at GND due to stuck port data_in      ;
; bg_engine:u_bg_engine|tilemap_ram:u_map_buffer|map_ram~2729     ; Stuck at GND due to stuck port data_in      ;
; bg_engine:u_bg_engine|tilemap_ram:u_map_buffer|map_ram~2737     ; Stuck at GND due to stuck port data_in      ;
; bg_engine:u_bg_engine|tilemap_ram:u_map_buffer|map_ram~2745     ; Stuck at GND due to stuck port data_in      ;
; bg_engine:u_bg_engine|tilemap_ram:u_map_buffer|map_ram~2753     ; Stuck at GND due to stuck port data_in      ;
; bg_engine:u_bg_engine|tilemap_ram:u_map_buffer|map_ram~2761     ; Stuck at GND due to stuck port data_in      ;
; bg_engine:u_bg_engine|tilemap_ram:u_map_buffer|map_ram~2769     ; Stuck at GND due to stuck port data_in      ;
; bg_engine:u_bg_engine|tilemap_ram:u_map_buffer|map_ram~2777     ; Stuck at GND due to stuck port data_in      ;
; bg_engine:u_bg_engine|tilemap_ram:u_map_buffer|map_ram~2785     ; Stuck at GND due to stuck port data_in      ;
; bg_engine:u_bg_engine|tilemap_ram:u_map_buffer|map_ram~2793     ; Stuck at GND due to stuck port data_in      ;
; bg_engine:u_bg_engine|tilemap_ram:u_map_buffer|map_ram~2801     ; Stuck at GND due to stuck port data_in      ;
; bg_engine:u_bg_engine|tilemap_ram:u_map_buffer|map_ram~2809     ; Stuck at GND due to stuck port data_in      ;
; bg_engine:u_bg_engine|tilemap_ram:u_map_buffer|map_ram~2817     ; Stuck at GND due to stuck port data_in      ;
; bg_engine:u_bg_engine|tilemap_ram:u_map_buffer|map_ram~2825     ; Stuck at GND due to stuck port data_in      ;
; bg_engine:u_bg_engine|tilemap_ram:u_map_buffer|map_ram~2833     ; Stuck at GND due to stuck port data_in      ;
; bg_engine:u_bg_engine|tilemap_ram:u_map_buffer|map_ram~2841     ; Stuck at GND due to stuck port data_in      ;
; bg_engine:u_bg_engine|tilemap_ram:u_map_buffer|map_ram~2849     ; Stuck at GND due to stuck port data_in      ;
; bg_engine:u_bg_engine|tilemap_ram:u_map_buffer|map_ram~2857     ; Stuck at GND due to stuck port data_in      ;
; bg_engine:u_bg_engine|tilemap_ram:u_map_buffer|map_ram~2865     ; Stuck at GND due to stuck port data_in      ;
; bg_engine:u_bg_engine|tilemap_ram:u_map_buffer|map_ram~2873     ; Stuck at GND due to stuck port data_in      ;
; bg_engine:u_bg_engine|tilemap_ram:u_map_buffer|map_ram~2881     ; Stuck at GND due to stuck port data_in      ;
; bg_engine:u_bg_engine|tilemap_ram:u_map_buffer|map_ram~2889     ; Stuck at GND due to stuck port data_in      ;
; bg_engine:u_bg_engine|tilemap_ram:u_map_buffer|map_ram~2897     ; Stuck at GND due to stuck port data_in      ;
; bg_engine:u_bg_engine|tilemap_ram:u_map_buffer|map_ram~2905     ; Stuck at GND due to stuck port data_in      ;
; bg_engine:u_bg_engine|tilemap_ram:u_map_buffer|map_ram~2913     ; Stuck at GND due to stuck port data_in      ;
; bg_engine:u_bg_engine|tilemap_ram:u_map_buffer|map_ram~2921     ; Stuck at GND due to stuck port data_in      ;
; bg_engine:u_bg_engine|tilemap_ram:u_map_buffer|map_ram~2929     ; Stuck at GND due to stuck port data_in      ;
; bg_engine:u_bg_engine|tilemap_ram:u_map_buffer|map_ram~2937     ; Stuck at GND due to stuck port data_in      ;
; bg_engine:u_bg_engine|tilemap_ram:u_map_buffer|map_ram~2945     ; Stuck at GND due to stuck port data_in      ;
; bg_engine:u_bg_engine|tilemap_ram:u_map_buffer|map_ram~2953     ; Stuck at GND due to stuck port data_in      ;
; bg_engine:u_bg_engine|tilemap_ram:u_map_buffer|map_ram~2961     ; Stuck at GND due to stuck port data_in      ;
; bg_engine:u_bg_engine|tilemap_ram:u_map_buffer|map_ram~2969     ; Stuck at GND due to stuck port data_in      ;
; bg_engine:u_bg_engine|tilemap_ram:u_map_buffer|map_ram~2977     ; Stuck at GND due to stuck port data_in      ;
; bg_engine:u_bg_engine|tilemap_ram:u_map_buffer|map_ram~2985     ; Stuck at GND due to stuck port data_in      ;
; bg_engine:u_bg_engine|tilemap_ram:u_map_buffer|map_ram~2993     ; Stuck at GND due to stuck port data_in      ;
; bg_engine:u_bg_engine|tilemap_ram:u_map_buffer|map_ram~3001     ; Stuck at GND due to stuck port data_in      ;
; bg_engine:u_bg_engine|tilemap_ram:u_map_buffer|map_ram~3009     ; Stuck at GND due to stuck port data_in      ;
; bg_engine:u_bg_engine|tilemap_ram:u_map_buffer|map_ram~3017     ; Stuck at GND due to stuck port data_in      ;
; bg_engine:u_bg_engine|tilemap_ram:u_map_buffer|map_ram~3025     ; Stuck at GND due to stuck port data_in      ;
; bg_engine:u_bg_engine|tilemap_ram:u_map_buffer|map_ram~3033     ; Stuck at GND due to stuck port data_in      ;
; bg_engine:u_bg_engine|tilemap_ram:u_map_buffer|map_ram~3041     ; Stuck at GND due to stuck port data_in      ;
; bg_engine:u_bg_engine|tilemap_ram:u_map_buffer|map_ram~3049     ; Stuck at GND due to stuck port data_in      ;
; bg_engine:u_bg_engine|tilemap_ram:u_map_buffer|map_ram~3057     ; Stuck at GND due to stuck port data_in      ;
; bg_engine:u_bg_engine|tilemap_ram:u_map_buffer|map_ram~3065     ; Stuck at GND due to stuck port data_in      ;
; bg_engine:u_bg_engine|tilemap_ram:u_map_buffer|map_ram~3073     ; Stuck at GND due to stuck port data_in      ;
; bg_engine:u_bg_engine|tilemap_ram:u_map_buffer|map_ram~3081     ; Stuck at GND due to stuck port data_in      ;
; bg_engine:u_bg_engine|tilemap_ram:u_map_buffer|map_ram~3089     ; Stuck at GND due to stuck port data_in      ;
; bg_engine:u_bg_engine|tilemap_ram:u_map_buffer|map_ram~3097     ; Stuck at GND due to stuck port data_in      ;
; bg_engine:u_bg_engine|tilemap_ram:u_map_buffer|map_ram~3105     ; Stuck at GND due to stuck port data_in      ;
; bg_engine:u_bg_engine|tilemap_ram:u_map_buffer|map_ram~3113     ; Stuck at GND due to stuck port data_in      ;
; bg_engine:u_bg_engine|tilemap_ram:u_map_buffer|map_ram~3121     ; Stuck at GND due to stuck port data_in      ;
; bg_engine:u_bg_engine|tilemap_ram:u_map_buffer|map_ram~3129     ; Stuck at GND due to stuck port data_in      ;
; bg_engine:u_bg_engine|tilemap_ram:u_map_buffer|map_ram~3137     ; Stuck at GND due to stuck port data_in      ;
; bg_engine:u_bg_engine|tilemap_ram:u_map_buffer|map_ram~3145     ; Stuck at GND due to stuck port data_in      ;
; bg_engine:u_bg_engine|tilemap_ram:u_map_buffer|map_ram~3153     ; Stuck at GND due to stuck port data_in      ;
; bg_engine:u_bg_engine|tilemap_ram:u_map_buffer|map_ram~3161     ; Stuck at GND due to stuck port data_in      ;
; bg_engine:u_bg_engine|tilemap_ram:u_map_buffer|map_ram~3169     ; Stuck at GND due to stuck port data_in      ;
; bg_engine:u_bg_engine|tilemap_ram:u_map_buffer|map_ram~3177     ; Stuck at GND due to stuck port data_in      ;
; bg_engine:u_bg_engine|tilemap_ram:u_map_buffer|map_ram~3185     ; Stuck at GND due to stuck port data_in      ;
; bg_engine:u_bg_engine|tilemap_ram:u_map_buffer|map_ram~3193     ; Stuck at GND due to stuck port data_in      ;
; bg_engine:u_bg_engine|tilemap_ram:u_map_buffer|map_ram~3201     ; Stuck at GND due to stuck port data_in      ;
; bg_engine:u_bg_engine|tilemap_ram:u_map_buffer|map_ram~3209     ; Stuck at GND due to stuck port data_in      ;
; bg_engine:u_bg_engine|tilemap_ram:u_map_buffer|map_ram~3217     ; Stuck at GND due to stuck port data_in      ;
; bg_engine:u_bg_engine|tilemap_ram:u_map_buffer|map_ram~3225     ; Stuck at GND due to stuck port data_in      ;
; bg_engine:u_bg_engine|tilemap_ram:u_map_buffer|map_ram~3233     ; Stuck at GND due to stuck port data_in      ;
; bg_engine:u_bg_engine|tilemap_ram:u_map_buffer|map_ram~3241     ; Stuck at GND due to stuck port data_in      ;
; bg_engine:u_bg_engine|tilemap_ram:u_map_buffer|map_ram~3249     ; Stuck at GND due to stuck port data_in      ;
; bg_engine:u_bg_engine|tilemap_ram:u_map_buffer|map_ram~3257     ; Stuck at GND due to stuck port data_in      ;
; bg_engine:u_bg_engine|tilemap_ram:u_map_buffer|map_ram~3265     ; Stuck at GND due to stuck port data_in      ;
; bg_engine:u_bg_engine|tilemap_ram:u_map_buffer|map_ram~3273     ; Stuck at GND due to stuck port data_in      ;
; bg_engine:u_bg_engine|tilemap_ram:u_map_buffer|map_ram~3281     ; Stuck at GND due to stuck port data_in      ;
; bg_engine:u_bg_engine|tilemap_ram:u_map_buffer|map_ram~3289     ; Stuck at GND due to stuck port data_in      ;
; bg_engine:u_bg_engine|tilemap_ram:u_map_buffer|map_ram~3297     ; Stuck at GND due to stuck port data_in      ;
; bg_engine:u_bg_engine|tilemap_ram:u_map_buffer|map_ram~3305     ; Stuck at GND due to stuck port data_in      ;
; bg_engine:u_bg_engine|tilemap_ram:u_map_buffer|map_ram~3313     ; Stuck at GND due to stuck port data_in      ;
; bg_engine:u_bg_engine|tilemap_ram:u_map_buffer|map_ram~3321     ; Stuck at GND due to stuck port data_in      ;
; bg_engine:u_bg_engine|tilemap_ram:u_map_buffer|map_ram~3329     ; Stuck at GND due to stuck port data_in      ;
; bg_engine:u_bg_engine|tilemap_ram:u_map_buffer|map_ram~3337     ; Stuck at GND due to stuck port data_in      ;
; bg_engine:u_bg_engine|tilemap_ram:u_map_buffer|map_ram~3345     ; Stuck at GND due to stuck port data_in      ;
; bg_engine:u_bg_engine|tilemap_ram:u_map_buffer|map_ram~3353     ; Stuck at GND due to stuck port data_in      ;
; bg_engine:u_bg_engine|tilemap_ram:u_map_buffer|map_ram~3361     ; Stuck at GND due to stuck port data_in      ;
; bg_engine:u_bg_engine|tilemap_ram:u_map_buffer|map_ram~3369     ; Stuck at GND due to stuck port data_in      ;
; bg_engine:u_bg_engine|tilemap_ram:u_map_buffer|map_ram~3377     ; Stuck at GND due to stuck port data_in      ;
; bg_engine:u_bg_engine|tilemap_ram:u_map_buffer|map_ram~3385     ; Stuck at GND due to stuck port data_in      ;
; bg_engine:u_bg_engine|tilemap_ram:u_map_buffer|map_ram~3393     ; Stuck at GND due to stuck port data_in      ;
; bg_engine:u_bg_engine|tilemap_ram:u_map_buffer|map_ram~3401     ; Stuck at GND due to stuck port data_in      ;
; bg_engine:u_bg_engine|tilemap_ram:u_map_buffer|map_ram~3409     ; Stuck at GND due to stuck port data_in      ;
; bg_engine:u_bg_engine|tilemap_ram:u_map_buffer|map_ram~3417     ; Stuck at GND due to stuck port data_in      ;
; bg_engine:u_bg_engine|tilemap_ram:u_map_buffer|map_ram~3425     ; Stuck at GND due to stuck port data_in      ;
; bg_engine:u_bg_engine|tilemap_ram:u_map_buffer|map_ram~3433     ; Stuck at GND due to stuck port data_in      ;
; bg_engine:u_bg_engine|tilemap_ram:u_map_buffer|map_ram~3441     ; Stuck at GND due to stuck port data_in      ;
; bg_engine:u_bg_engine|tilemap_ram:u_map_buffer|map_ram~3449     ; Stuck at GND due to stuck port data_in      ;
; bg_engine:u_bg_engine|tilemap_ram:u_map_buffer|map_ram~3457     ; Stuck at GND due to stuck port data_in      ;
; bg_engine:u_bg_engine|tilemap_ram:u_map_buffer|map_ram~3465     ; Stuck at GND due to stuck port data_in      ;
; bg_engine:u_bg_engine|tilemap_ram:u_map_buffer|map_ram~3473     ; Stuck at GND due to stuck port data_in      ;
; bg_engine:u_bg_engine|tilemap_ram:u_map_buffer|map_ram~3481     ; Stuck at GND due to stuck port data_in      ;
; bg_engine:u_bg_engine|tilemap_ram:u_map_buffer|map_ram~3489     ; Stuck at GND due to stuck port data_in      ;
; bg_engine:u_bg_engine|tilemap_ram:u_map_buffer|map_ram~3497     ; Stuck at GND due to stuck port data_in      ;
; bg_engine:u_bg_engine|tilemap_ram:u_map_buffer|map_ram~3505     ; Stuck at GND due to stuck port data_in      ;
; bg_engine:u_bg_engine|tilemap_ram:u_map_buffer|map_ram~3513     ; Stuck at GND due to stuck port data_in      ;
; bg_engine:u_bg_engine|tilemap_ram:u_map_buffer|map_ram~3521     ; Stuck at GND due to stuck port data_in      ;
; bg_engine:u_bg_engine|tilemap_ram:u_map_buffer|map_ram~3529     ; Stuck at GND due to stuck port data_in      ;
; bg_engine:u_bg_engine|tilemap_ram:u_map_buffer|map_ram~3537     ; Stuck at GND due to stuck port data_in      ;
; bg_engine:u_bg_engine|tilemap_ram:u_map_buffer|map_ram~3545     ; Stuck at GND due to stuck port data_in      ;
; bg_engine:u_bg_engine|tilemap_ram:u_map_buffer|map_ram~3553     ; Stuck at GND due to stuck port data_in      ;
; bg_engine:u_bg_engine|tilemap_ram:u_map_buffer|map_ram~3561     ; Stuck at GND due to stuck port data_in      ;
; bg_engine:u_bg_engine|tilemap_ram:u_map_buffer|map_ram~3569     ; Stuck at GND due to stuck port data_in      ;
; bg_engine:u_bg_engine|tilemap_ram:u_map_buffer|map_ram~3577     ; Stuck at GND due to stuck port data_in      ;
; bg_engine:u_bg_engine|tilemap_ram:u_map_buffer|map_ram~3585     ; Stuck at GND due to stuck port data_in      ;
; bg_engine:u_bg_engine|tilemap_ram:u_map_buffer|map_ram~3593     ; Stuck at GND due to stuck port data_in      ;
; bg_engine:u_bg_engine|tilemap_ram:u_map_buffer|map_ram~3601     ; Stuck at GND due to stuck port data_in      ;
; bg_engine:u_bg_engine|tilemap_ram:u_map_buffer|map_ram~3609     ; Stuck at GND due to stuck port data_in      ;
; bg_engine:u_bg_engine|tilemap_ram:u_map_buffer|map_ram~3617     ; Stuck at GND due to stuck port data_in      ;
; bg_engine:u_bg_engine|tilemap_ram:u_map_buffer|map_ram~3625     ; Stuck at GND due to stuck port data_in      ;
; bg_engine:u_bg_engine|tilemap_ram:u_map_buffer|map_ram~3633     ; Stuck at GND due to stuck port data_in      ;
; bg_engine:u_bg_engine|tilemap_ram:u_map_buffer|map_ram~3641     ; Stuck at GND due to stuck port data_in      ;
; bg_engine:u_bg_engine|tilemap_ram:u_map_buffer|map_ram~3649     ; Stuck at GND due to stuck port data_in      ;
; bg_engine:u_bg_engine|tilemap_ram:u_map_buffer|map_ram~3657     ; Stuck at GND due to stuck port data_in      ;
; bg_engine:u_bg_engine|tilemap_ram:u_map_buffer|map_ram~3665     ; Stuck at GND due to stuck port data_in      ;
; bg_engine:u_bg_engine|tilemap_ram:u_map_buffer|map_ram~3673     ; Stuck at GND due to stuck port data_in      ;
; bg_engine:u_bg_engine|tilemap_ram:u_map_buffer|map_ram~3681     ; Stuck at GND due to stuck port data_in      ;
; bg_engine:u_bg_engine|tilemap_ram:u_map_buffer|map_ram~3689     ; Stuck at GND due to stuck port data_in      ;
; bg_engine:u_bg_engine|tilemap_ram:u_map_buffer|map_ram~3697     ; Stuck at GND due to stuck port data_in      ;
; bg_engine:u_bg_engine|tilemap_ram:u_map_buffer|map_ram~3705     ; Stuck at GND due to stuck port data_in      ;
; bg_engine:u_bg_engine|tilemap_ram:u_map_buffer|map_ram~3713     ; Stuck at GND due to stuck port data_in      ;
; bg_engine:u_bg_engine|tilemap_ram:u_map_buffer|map_ram~3721     ; Stuck at GND due to stuck port data_in      ;
; bg_engine:u_bg_engine|tilemap_ram:u_map_buffer|map_ram~3729     ; Stuck at GND due to stuck port data_in      ;
; bg_engine:u_bg_engine|tilemap_ram:u_map_buffer|map_ram~3737     ; Stuck at GND due to stuck port data_in      ;
; bg_engine:u_bg_engine|tilemap_ram:u_map_buffer|map_ram~3745     ; Stuck at GND due to stuck port data_in      ;
; bg_engine:u_bg_engine|tilemap_ram:u_map_buffer|map_ram~3753     ; Stuck at GND due to stuck port data_in      ;
; bg_engine:u_bg_engine|tilemap_ram:u_map_buffer|map_ram~3761     ; Stuck at GND due to stuck port data_in      ;
; bg_engine:u_bg_engine|tilemap_ram:u_map_buffer|map_ram~3769     ; Stuck at GND due to stuck port data_in      ;
; bg_engine:u_bg_engine|tilemap_ram:u_map_buffer|map_ram~3777     ; Stuck at GND due to stuck port data_in      ;
; bg_engine:u_bg_engine|tilemap_ram:u_map_buffer|map_ram~3785     ; Stuck at GND due to stuck port data_in      ;
; bg_engine:u_bg_engine|tilemap_ram:u_map_buffer|map_ram~3793     ; Stuck at GND due to stuck port data_in      ;
; bg_engine:u_bg_engine|tilemap_ram:u_map_buffer|map_ram~3801     ; Stuck at GND due to stuck port data_in      ;
; bg_engine:u_bg_engine|tilemap_ram:u_map_buffer|map_ram~3809     ; Stuck at GND due to stuck port data_in      ;
; bg_engine:u_bg_engine|tilemap_ram:u_map_buffer|map_ram~3817     ; Stuck at GND due to stuck port data_in      ;
; bg_engine:u_bg_engine|tilemap_ram:u_map_buffer|map_ram~3825     ; Stuck at GND due to stuck port data_in      ;
; bg_engine:u_bg_engine|tilemap_ram:u_map_buffer|map_ram~3833     ; Stuck at GND due to stuck port data_in      ;
; bg_engine:u_bg_engine|tilemap_ram:u_map_buffer|map_ram~3841     ; Stuck at GND due to stuck port data_in      ;
; bg_engine:u_bg_engine|tilemap_ram:u_map_buffer|map_ram~3849     ; Stuck at GND due to stuck port data_in      ;
; bg_engine:u_bg_engine|tilemap_ram:u_map_buffer|map_ram~3857     ; Stuck at GND due to stuck port data_in      ;
; bg_engine:u_bg_engine|tilemap_ram:u_map_buffer|map_ram~3865     ; Stuck at GND due to stuck port data_in      ;
; bg_engine:u_bg_engine|tilemap_ram:u_map_buffer|map_ram~3873     ; Stuck at GND due to stuck port data_in      ;
; bg_engine:u_bg_engine|tilemap_ram:u_map_buffer|map_ram~3881     ; Stuck at GND due to stuck port data_in      ;
; bg_engine:u_bg_engine|tilemap_ram:u_map_buffer|map_ram~3889     ; Stuck at GND due to stuck port data_in      ;
; bg_engine:u_bg_engine|tilemap_ram:u_map_buffer|map_ram~3897     ; Stuck at GND due to stuck port data_in      ;
; bg_engine:u_bg_engine|tilemap_ram:u_map_buffer|map_ram~3905     ; Stuck at GND due to stuck port data_in      ;
; bg_engine:u_bg_engine|tilemap_ram:u_map_buffer|map_ram~3913     ; Stuck at GND due to stuck port data_in      ;
; bg_engine:u_bg_engine|tilemap_ram:u_map_buffer|map_ram~3921     ; Stuck at GND due to stuck port data_in      ;
; bg_engine:u_bg_engine|tilemap_ram:u_map_buffer|map_ram~3929     ; Stuck at GND due to stuck port data_in      ;
; bg_engine:u_bg_engine|tilemap_ram:u_map_buffer|map_ram~3937     ; Stuck at GND due to stuck port data_in      ;
; bg_engine:u_bg_engine|tilemap_ram:u_map_buffer|map_ram~3945     ; Stuck at GND due to stuck port data_in      ;
; bg_engine:u_bg_engine|tilemap_ram:u_map_buffer|map_ram~3953     ; Stuck at GND due to stuck port data_in      ;
; bg_engine:u_bg_engine|tilemap_ram:u_map_buffer|map_ram~3961     ; Stuck at GND due to stuck port data_in      ;
; bg_engine:u_bg_engine|tilemap_ram:u_map_buffer|map_ram~3969     ; Stuck at GND due to stuck port data_in      ;
; bg_engine:u_bg_engine|tilemap_ram:u_map_buffer|map_ram~3977     ; Stuck at GND due to stuck port data_in      ;
; bg_engine:u_bg_engine|tilemap_ram:u_map_buffer|map_ram~3985     ; Stuck at GND due to stuck port data_in      ;
; bg_engine:u_bg_engine|tilemap_ram:u_map_buffer|map_ram~3993     ; Stuck at GND due to stuck port data_in      ;
; bg_engine:u_bg_engine|tilemap_ram:u_map_buffer|map_ram~4001     ; Stuck at GND due to stuck port data_in      ;
; bg_engine:u_bg_engine|tilemap_ram:u_map_buffer|map_ram~4009     ; Stuck at GND due to stuck port data_in      ;
; bg_engine:u_bg_engine|tilemap_ram:u_map_buffer|map_ram~4017     ; Stuck at GND due to stuck port data_in      ;
; bg_engine:u_bg_engine|tilemap_ram:u_map_buffer|map_ram~4025     ; Stuck at GND due to stuck port data_in      ;
; bg_engine:u_bg_engine|tilemap_ram:u_map_buffer|map_ram~4033     ; Stuck at GND due to stuck port data_in      ;
; bg_engine:u_bg_engine|tilemap_ram:u_map_buffer|map_ram~4041     ; Stuck at GND due to stuck port data_in      ;
; bg_engine:u_bg_engine|tilemap_ram:u_map_buffer|map_ram~4049     ; Stuck at GND due to stuck port data_in      ;
; bg_engine:u_bg_engine|tilemap_ram:u_map_buffer|map_ram~4057     ; Stuck at GND due to stuck port data_in      ;
; bg_engine:u_bg_engine|tilemap_ram:u_map_buffer|map_ram~4065     ; Stuck at GND due to stuck port data_in      ;
; bg_engine:u_bg_engine|tilemap_ram:u_map_buffer|map_ram~4073     ; Stuck at GND due to stuck port data_in      ;
; bg_engine:u_bg_engine|tilemap_ram:u_map_buffer|map_ram~4081     ; Stuck at GND due to stuck port data_in      ;
; bg_engine:u_bg_engine|tilemap_ram:u_map_buffer|map_ram~4089     ; Stuck at GND due to stuck port data_in      ;
; bg_engine:u_bg_engine|tilemap_ram:u_map_buffer|map_ram~4097     ; Stuck at GND due to stuck port data_in      ;
; bg_engine:u_bg_engine|tilemap_ram:u_map_buffer|map_ram~4105     ; Stuck at GND due to stuck port data_in      ;
; bg_engine:u_bg_engine|tilemap_ram:u_map_buffer|map_ram~4113     ; Stuck at GND due to stuck port data_in      ;
; bg_engine:u_bg_engine|tilemap_ram:u_map_buffer|map_ram~4121     ; Stuck at GND due to stuck port data_in      ;
; bg_engine:u_bg_engine|tilemap_ram:u_map_buffer|map_ram~4129     ; Stuck at GND due to stuck port data_in      ;
; bg_engine:u_bg_engine|tilemap_ram:u_map_buffer|map_ram~4137     ; Stuck at GND due to stuck port data_in      ;
; bg_engine:u_bg_engine|tilemap_ram:u_map_buffer|map_ram~4145     ; Stuck at GND due to stuck port data_in      ;
; bg_engine:u_bg_engine|tilemap_ram:u_map_buffer|map_ram~4153     ; Stuck at GND due to stuck port data_in      ;
; bg_engine:u_bg_engine|tilemap_ram:u_map_buffer|map_ram~4161     ; Stuck at GND due to stuck port data_in      ;
; bg_engine:u_bg_engine|tilemap_ram:u_map_buffer|map_ram~4169     ; Stuck at GND due to stuck port data_in      ;
; bg_engine:u_bg_engine|tilemap_ram:u_map_buffer|map_ram~4177     ; Stuck at GND due to stuck port data_in      ;
; bg_engine:u_bg_engine|tilemap_ram:u_map_buffer|map_ram~4185     ; Stuck at GND due to stuck port data_in      ;
; bg_engine:u_bg_engine|tilemap_ram:u_map_buffer|map_ram~4193     ; Stuck at GND due to stuck port data_in      ;
; bg_engine:u_bg_engine|tilemap_ram:u_map_buffer|map_ram~4201     ; Stuck at GND due to stuck port data_in      ;
; bg_engine:u_bg_engine|tilemap_ram:u_map_buffer|map_ram~4209     ; Stuck at GND due to stuck port data_in      ;
; bg_engine:u_bg_engine|tilemap_ram:u_map_buffer|map_ram~4217     ; Stuck at GND due to stuck port data_in      ;
; bg_engine:u_bg_engine|tilemap_ram:u_map_buffer|map_ram~4225     ; Stuck at GND due to stuck port data_in      ;
; bg_engine:u_bg_engine|tilemap_ram:u_map_buffer|map_ram~4233     ; Stuck at GND due to stuck port data_in      ;
; bg_engine:u_bg_engine|tilemap_ram:u_map_buffer|map_ram~4241     ; Stuck at GND due to stuck port data_in      ;
; bg_engine:u_bg_engine|tilemap_ram:u_map_buffer|map_ram~4249     ; Stuck at GND due to stuck port data_in      ;
; bg_engine:u_bg_engine|tilemap_ram:u_map_buffer|map_ram~4257     ; Stuck at GND due to stuck port data_in      ;
; bg_engine:u_bg_engine|tilemap_ram:u_map_buffer|map_ram~4265     ; Stuck at GND due to stuck port data_in      ;
; bg_engine:u_bg_engine|tilemap_ram:u_map_buffer|map_ram~4273     ; Stuck at GND due to stuck port data_in      ;
; bg_engine:u_bg_engine|tilemap_ram:u_map_buffer|map_ram~4281     ; Stuck at GND due to stuck port data_in      ;
; bg_engine:u_bg_engine|tilemap_ram:u_map_buffer|map_ram~4289     ; Stuck at GND due to stuck port data_in      ;
; bg_engine:u_bg_engine|tilemap_ram:u_map_buffer|map_ram~4297     ; Stuck at GND due to stuck port data_in      ;
; bg_engine:u_bg_engine|tilemap_ram:u_map_buffer|map_ram~4305     ; Stuck at GND due to stuck port data_in      ;
; bg_engine:u_bg_engine|tilemap_ram:u_map_buffer|map_ram~4313     ; Stuck at GND due to stuck port data_in      ;
; bg_engine:u_bg_engine|tilemap_ram:u_map_buffer|map_ram~4321     ; Stuck at GND due to stuck port data_in      ;
; bg_engine:u_bg_engine|tilemap_ram:u_map_buffer|map_ram~4329     ; Stuck at GND due to stuck port data_in      ;
; bg_engine:u_bg_engine|tilemap_ram:u_map_buffer|map_ram~4337     ; Stuck at GND due to stuck port data_in      ;
; bg_engine:u_bg_engine|tilemap_ram:u_map_buffer|map_ram~4345     ; Stuck at GND due to stuck port data_in      ;
; bg_engine:u_bg_engine|tilemap_ram:u_map_buffer|map_ram~4353     ; Stuck at GND due to stuck port data_in      ;
; bg_engine:u_bg_engine|tilemap_ram:u_map_buffer|map_ram~4361     ; Stuck at GND due to stuck port data_in      ;
; bg_engine:u_bg_engine|tilemap_ram:u_map_buffer|map_ram~4369     ; Stuck at GND due to stuck port data_in      ;
; bg_engine:u_bg_engine|tilemap_ram:u_map_buffer|map_ram~4377     ; Stuck at GND due to stuck port data_in      ;
; bg_engine:u_bg_engine|tilemap_ram:u_map_buffer|map_ram~4385     ; Stuck at GND due to stuck port data_in      ;
; bg_engine:u_bg_engine|tilemap_ram:u_map_buffer|map_ram~4393     ; Stuck at GND due to stuck port data_in      ;
; bg_engine:u_bg_engine|tilemap_ram:u_map_buffer|map_ram~4401     ; Stuck at GND due to stuck port data_in      ;
; bg_engine:u_bg_engine|tilemap_ram:u_map_buffer|map_ram~4409     ; Stuck at GND due to stuck port data_in      ;
; bg_engine:u_bg_engine|tilemap_ram:u_map_buffer|map_ram~4417     ; Stuck at GND due to stuck port data_in      ;
; bg_engine:u_bg_engine|tilemap_ram:u_map_buffer|map_ram~4425     ; Stuck at GND due to stuck port data_in      ;
; bg_engine:u_bg_engine|tilemap_ram:u_map_buffer|map_ram~4433     ; Stuck at GND due to stuck port data_in      ;
; bg_engine:u_bg_engine|tilemap_ram:u_map_buffer|map_ram~4441     ; Stuck at GND due to stuck port data_in      ;
; bg_engine:u_bg_engine|tilemap_ram:u_map_buffer|map_ram~4449     ; Stuck at GND due to stuck port data_in      ;
; bg_engine:u_bg_engine|tilemap_ram:u_map_buffer|map_ram~4457     ; Stuck at GND due to stuck port data_in      ;
; bg_engine:u_bg_engine|tilemap_ram:u_map_buffer|map_ram~4465     ; Stuck at GND due to stuck port data_in      ;
; bg_engine:u_bg_engine|tilemap_ram:u_map_buffer|map_ram~4473     ; Stuck at GND due to stuck port data_in      ;
; bg_engine:u_bg_engine|tilemap_ram:u_map_buffer|map_ram~4481     ; Stuck at GND due to stuck port data_in      ;
; bg_engine:u_bg_engine|tilemap_ram:u_map_buffer|map_ram~4489     ; Stuck at GND due to stuck port data_in      ;
; bg_engine:u_bg_engine|tilemap_ram:u_map_buffer|map_ram~4497     ; Stuck at GND due to stuck port data_in      ;
; bg_engine:u_bg_engine|tilemap_ram:u_map_buffer|map_ram~4505     ; Stuck at GND due to stuck port data_in      ;
; bg_engine:u_bg_engine|tilemap_ram:u_map_buffer|map_ram~4513     ; Stuck at GND due to stuck port data_in      ;
; bg_engine:u_bg_engine|tilemap_ram:u_map_buffer|map_ram~4521     ; Stuck at GND due to stuck port data_in      ;
; bg_engine:u_bg_engine|tilemap_ram:u_map_buffer|map_ram~4529     ; Stuck at GND due to stuck port data_in      ;
; bg_engine:u_bg_engine|tilemap_ram:u_map_buffer|map_ram~4537     ; Stuck at GND due to stuck port data_in      ;
; bg_engine:u_bg_engine|tilemap_ram:u_map_buffer|map_ram~4545     ; Stuck at GND due to stuck port data_in      ;
; bg_engine:u_bg_engine|tilemap_ram:u_map_buffer|map_ram~4553     ; Stuck at GND due to stuck port data_in      ;
; bg_engine:u_bg_engine|tilemap_ram:u_map_buffer|map_ram~4561     ; Stuck at GND due to stuck port data_in      ;
; bg_engine:u_bg_engine|tilemap_ram:u_map_buffer|map_ram~4569     ; Stuck at GND due to stuck port data_in      ;
; bg_engine:u_bg_engine|tilemap_ram:u_map_buffer|map_ram~4577     ; Stuck at GND due to stuck port data_in      ;
; bg_engine:u_bg_engine|tilemap_ram:u_map_buffer|map_ram~4585     ; Stuck at GND due to stuck port data_in      ;
; bg_engine:u_bg_engine|tilemap_ram:u_map_buffer|map_ram~4593     ; Stuck at GND due to stuck port data_in      ;
; bg_engine:u_bg_engine|tilemap_ram:u_map_buffer|map_ram~4601     ; Stuck at GND due to stuck port data_in      ;
; bg_engine:u_bg_engine|tilemap_ram:u_map_buffer|map_ram~4609     ; Stuck at GND due to stuck port data_in      ;
; bg_engine:u_bg_engine|tilemap_ram:u_map_buffer|map_ram~4617     ; Stuck at GND due to stuck port data_in      ;
; bg_engine:u_bg_engine|tilemap_ram:u_map_buffer|map_ram~4625     ; Stuck at GND due to stuck port data_in      ;
; bg_engine:u_bg_engine|tilemap_ram:u_map_buffer|map_ram~4633     ; Stuck at GND due to stuck port data_in      ;
; bg_engine:u_bg_engine|tilemap_ram:u_map_buffer|map_ram~4641     ; Stuck at GND due to stuck port data_in      ;
; bg_engine:u_bg_engine|tilemap_ram:u_map_buffer|map_ram~4649     ; Stuck at GND due to stuck port data_in      ;
; bg_engine:u_bg_engine|tilemap_ram:u_map_buffer|map_ram~4657     ; Stuck at GND due to stuck port data_in      ;
; bg_engine:u_bg_engine|tilemap_ram:u_map_buffer|map_ram~4665     ; Stuck at GND due to stuck port data_in      ;
; bg_engine:u_bg_engine|tilemap_ram:u_map_buffer|map_ram~4673     ; Stuck at GND due to stuck port data_in      ;
; bg_engine:u_bg_engine|tilemap_ram:u_map_buffer|map_ram~4681     ; Stuck at GND due to stuck port data_in      ;
; bg_engine:u_bg_engine|tilemap_ram:u_map_buffer|map_ram~4689     ; Stuck at GND due to stuck port data_in      ;
; bg_engine:u_bg_engine|tilemap_ram:u_map_buffer|map_ram~4697     ; Stuck at GND due to stuck port data_in      ;
; bg_engine:u_bg_engine|tilemap_ram:u_map_buffer|map_ram~4705     ; Stuck at GND due to stuck port data_in      ;
; bg_engine:u_bg_engine|tilemap_ram:u_map_buffer|map_ram~4713     ; Stuck at GND due to stuck port data_in      ;
; bg_engine:u_bg_engine|tilemap_ram:u_map_buffer|map_ram~4721     ; Stuck at GND due to stuck port data_in      ;
; bg_engine:u_bg_engine|tilemap_ram:u_map_buffer|map_ram~4729     ; Stuck at GND due to stuck port data_in      ;
; bg_engine:u_bg_engine|tilemap_ram:u_map_buffer|map_ram~4737     ; Stuck at GND due to stuck port data_in      ;
; bg_engine:u_bg_engine|tilemap_ram:u_map_buffer|map_ram~4745     ; Stuck at GND due to stuck port data_in      ;
; bg_engine:u_bg_engine|tilemap_ram:u_map_buffer|map_ram~4753     ; Stuck at GND due to stuck port data_in      ;
; bg_engine:u_bg_engine|tilemap_ram:u_map_buffer|map_ram~4761     ; Stuck at GND due to stuck port data_in      ;
; bg_engine:u_bg_engine|tilemap_ram:u_map_buffer|map_ram~4769     ; Stuck at GND due to stuck port data_in      ;
; bg_engine:u_bg_engine|tilemap_ram:u_map_buffer|map_ram~4777     ; Stuck at GND due to stuck port data_in      ;
; bg_engine:u_bg_engine|tilemap_ram:u_map_buffer|map_ram~4785     ; Stuck at GND due to stuck port data_in      ;
; bg_engine:u_bg_engine|tilemap_ram:u_map_buffer|map_ram~4793     ; Stuck at GND due to stuck port data_in      ;
; bg_engine:u_bg_engine|tilemap_ram:u_map_buffer|map_ram~4801     ; Stuck at GND due to stuck port data_in      ;
; bg_engine:u_bg_engine|tilemap_ram:u_map_buffer|map_ram~4809     ; Stuck at GND due to stuck port data_in      ;
; bg_engine:u_bg_engine|tilemap_ram:u_map_buffer|map_ram~4817     ; Stuck at GND due to stuck port data_in      ;
; bg_engine:u_bg_engine|tilemap_ram:u_map_buffer|map_ram~4825     ; Stuck at GND due to stuck port data_in      ;
; bg_engine:u_bg_engine|tilemap_ram:u_map_buffer|map_ram~4833     ; Stuck at GND due to stuck port data_in      ;
; bg_engine:u_bg_engine|tilemap_ram:u_map_buffer|map_ram~4841     ; Stuck at GND due to stuck port data_in      ;
; bg_engine:u_bg_engine|tilemap_ram:u_map_buffer|map_ram~4849     ; Stuck at GND due to stuck port data_in      ;
; bg_engine:u_bg_engine|tilemap_ram:u_map_buffer|map_ram~4857     ; Stuck at GND due to stuck port data_in      ;
; bg_engine:u_bg_engine|tilemap_ram:u_map_buffer|map_ram~4865     ; Stuck at GND due to stuck port data_in      ;
; bg_engine:u_bg_engine|tilemap_ram:u_map_buffer|map_ram~4873     ; Stuck at GND due to stuck port data_in      ;
; bg_engine:u_bg_engine|tilemap_ram:u_map_buffer|map_ram~4881     ; Stuck at GND due to stuck port data_in      ;
; bg_engine:u_bg_engine|tilemap_ram:u_map_buffer|map_ram~4889     ; Stuck at GND due to stuck port data_in      ;
; bg_engine:u_bg_engine|tilemap_ram:u_map_buffer|map_ram~4897     ; Stuck at GND due to stuck port data_in      ;
; bg_engine:u_bg_engine|tilemap_ram:u_map_buffer|map_ram~4905     ; Stuck at GND due to stuck port data_in      ;
; bg_engine:u_bg_engine|tilemap_ram:u_map_buffer|map_ram~4913     ; Stuck at GND due to stuck port data_in      ;
; bg_engine:u_bg_engine|tilemap_ram:u_map_buffer|map_ram~4921     ; Stuck at GND due to stuck port data_in      ;
; bg_engine:u_bg_engine|tilemap_ram:u_map_buffer|map_ram~4929     ; Stuck at GND due to stuck port data_in      ;
; bg_engine:u_bg_engine|tilemap_ram:u_map_buffer|map_ram~4937     ; Stuck at GND due to stuck port data_in      ;
; bg_engine:u_bg_engine|tilemap_ram:u_map_buffer|map_ram~4945     ; Stuck at GND due to stuck port data_in      ;
; bg_engine:u_bg_engine|tilemap_ram:u_map_buffer|map_ram~4953     ; Stuck at GND due to stuck port data_in      ;
; bg_engine:u_bg_engine|tilemap_ram:u_map_buffer|map_ram~4961     ; Stuck at GND due to stuck port data_in      ;
; bg_engine:u_bg_engine|tilemap_ram:u_map_buffer|map_ram~4969     ; Stuck at GND due to stuck port data_in      ;
; bg_engine:u_bg_engine|tilemap_ram:u_map_buffer|map_ram~4977     ; Stuck at GND due to stuck port data_in      ;
; bg_engine:u_bg_engine|tilemap_ram:u_map_buffer|map_ram~4985     ; Stuck at GND due to stuck port data_in      ;
; bg_engine:u_bg_engine|tilemap_ram:u_map_buffer|map_ram~4993     ; Stuck at GND due to stuck port data_in      ;
; bg_engine:u_bg_engine|tilemap_ram:u_map_buffer|map_ram~5001     ; Stuck at GND due to stuck port data_in      ;
; bg_engine:u_bg_engine|tilemap_ram:u_map_buffer|map_ram~5009     ; Stuck at GND due to stuck port data_in      ;
; bg_engine:u_bg_engine|tilemap_ram:u_map_buffer|map_ram~5017     ; Stuck at GND due to stuck port data_in      ;
; bg_engine:u_bg_engine|tilemap_ram:u_map_buffer|map_ram~5025     ; Stuck at GND due to stuck port data_in      ;
; bg_engine:u_bg_engine|tilemap_ram:u_map_buffer|map_ram~5033     ; Stuck at GND due to stuck port data_in      ;
; bg_engine:u_bg_engine|tilemap_ram:u_map_buffer|map_ram~5041     ; Stuck at GND due to stuck port data_in      ;
; bg_engine:u_bg_engine|tilemap_ram:u_map_buffer|map_ram~5049     ; Stuck at GND due to stuck port data_in      ;
; bg_engine:u_bg_engine|tilemap_ram:u_map_buffer|map_ram~5057     ; Stuck at GND due to stuck port data_in      ;
; bg_engine:u_bg_engine|tilemap_ram:u_map_buffer|map_ram~5065     ; Stuck at GND due to stuck port data_in      ;
; bg_engine:u_bg_engine|tilemap_ram:u_map_buffer|map_ram~5073     ; Stuck at GND due to stuck port data_in      ;
; bg_engine:u_bg_engine|tilemap_ram:u_map_buffer|map_ram~5081     ; Stuck at GND due to stuck port data_in      ;
; bg_engine:u_bg_engine|tilemap_ram:u_map_buffer|map_ram~5089     ; Stuck at GND due to stuck port data_in      ;
; bg_engine:u_bg_engine|tilemap_ram:u_map_buffer|map_ram~5097     ; Stuck at GND due to stuck port data_in      ;
; bg_engine:u_bg_engine|tilemap_ram:u_map_buffer|map_ram~5105     ; Stuck at GND due to stuck port data_in      ;
; bg_engine:u_bg_engine|tilemap_ram:u_map_buffer|map_ram~5113     ; Stuck at GND due to stuck port data_in      ;
; bg_engine:u_bg_engine|tilemap_ram:u_map_buffer|map_ram~5129     ; Stuck at GND due to stuck port data_in      ;
; bg_engine:u_bg_engine|tilemap_ram:u_map_buffer|map_ram~5137     ; Stuck at GND due to stuck port data_in      ;
; bg_engine:u_bg_engine|tilemap_ram:u_map_buffer|map_ram~5145     ; Stuck at GND due to stuck port data_in      ;
; bg_engine:u_bg_engine|tilemap_ram:u_map_buffer|map_ram~5153     ; Stuck at GND due to stuck port data_in      ;
; bg_engine:u_bg_engine|tilemap_ram:u_map_buffer|map_ram~5161     ; Stuck at GND due to stuck port data_in      ;
; bg_engine:u_bg_engine|tilemap_ram:u_map_buffer|map_ram~5169     ; Stuck at GND due to stuck port data_in      ;
; bg_engine:u_bg_engine|tilemap_ram:u_map_buffer|map_ram~5177     ; Stuck at GND due to stuck port data_in      ;
; bg_engine:u_bg_engine|tilemap_ram:u_map_buffer|map_ram~5185     ; Stuck at GND due to stuck port data_in      ;
; bg_engine:u_bg_engine|tilemap_ram:u_map_buffer|map_ram~5193     ; Stuck at GND due to stuck port data_in      ;
; bg_engine:u_bg_engine|tilemap_ram:u_map_buffer|map_ram~5201     ; Stuck at GND due to stuck port data_in      ;
; bg_engine:u_bg_engine|tilemap_ram:u_map_buffer|map_ram~5209     ; Stuck at GND due to stuck port data_in      ;
; bg_engine:u_bg_engine|tilemap_ram:u_map_buffer|map_ram~5217     ; Stuck at GND due to stuck port data_in      ;
; bg_engine:u_bg_engine|tilemap_ram:u_map_buffer|map_ram~5225     ; Stuck at GND due to stuck port data_in      ;
; bg_engine:u_bg_engine|tilemap_ram:u_map_buffer|map_ram~5233     ; Stuck at GND due to stuck port data_in      ;
; bg_engine:u_bg_engine|tilemap_ram:u_map_buffer|map_ram~5241     ; Stuck at GND due to stuck port data_in      ;
; bg_engine:u_bg_engine|tilemap_ram:u_map_buffer|map_ram~5249     ; Stuck at GND due to stuck port data_in      ;
; bg_engine:u_bg_engine|tilemap_ram:u_map_buffer|map_ram~5257     ; Stuck at GND due to stuck port data_in      ;
; bg_engine:u_bg_engine|tilemap_ram:u_map_buffer|map_ram~5265     ; Stuck at GND due to stuck port data_in      ;
; bg_engine:u_bg_engine|tilemap_ram:u_map_buffer|map_ram~5273     ; Stuck at GND due to stuck port data_in      ;
; bg_engine:u_bg_engine|tilemap_ram:u_map_buffer|map_ram~5281     ; Stuck at GND due to stuck port data_in      ;
; bg_engine:u_bg_engine|tilemap_ram:u_map_buffer|map_ram~5289     ; Stuck at GND due to stuck port data_in      ;
; bg_engine:u_bg_engine|tilemap_ram:u_map_buffer|map_ram~5297     ; Stuck at GND due to stuck port data_in      ;
; bg_engine:u_bg_engine|tilemap_ram:u_map_buffer|map_ram~5305     ; Stuck at GND due to stuck port data_in      ;
; bg_engine:u_bg_engine|tilemap_ram:u_map_buffer|map_ram~5313     ; Stuck at GND due to stuck port data_in      ;
; bg_engine:u_bg_engine|tilemap_ram:u_map_buffer|map_ram~5321     ; Stuck at GND due to stuck port data_in      ;
; bg_engine:u_bg_engine|tilemap_ram:u_map_buffer|map_ram~5329     ; Stuck at GND due to stuck port data_in      ;
; bg_engine:u_bg_engine|tilemap_ram:u_map_buffer|map_ram~5337     ; Stuck at GND due to stuck port data_in      ;
; bg_engine:u_bg_engine|tilemap_ram:u_map_buffer|map_ram~5345     ; Stuck at GND due to stuck port data_in      ;
; bg_engine:u_bg_engine|tilemap_ram:u_map_buffer|map_ram~5353     ; Stuck at GND due to stuck port data_in      ;
; bg_engine:u_bg_engine|tilemap_ram:u_map_buffer|map_ram~5361     ; Stuck at GND due to stuck port data_in      ;
; bg_engine:u_bg_engine|tilemap_ram:u_map_buffer|map_ram~5369     ; Stuck at GND due to stuck port data_in      ;
; bg_engine:u_bg_engine|tilemap_ram:u_map_buffer|map_ram~5377     ; Stuck at GND due to stuck port data_in      ;
; bg_engine:u_bg_engine|tilemap_ram:u_map_buffer|map_ram~5385     ; Stuck at GND due to stuck port data_in      ;
; bg_engine:u_bg_engine|tilemap_ram:u_map_buffer|map_ram~5393     ; Stuck at GND due to stuck port data_in      ;
; bg_engine:u_bg_engine|tilemap_ram:u_map_buffer|map_ram~5401     ; Stuck at GND due to stuck port data_in      ;
; bg_engine:u_bg_engine|tilemap_ram:u_map_buffer|map_ram~5409     ; Stuck at GND due to stuck port data_in      ;
; bg_engine:u_bg_engine|tilemap_ram:u_map_buffer|map_ram~5417     ; Stuck at GND due to stuck port data_in      ;
; bg_engine:u_bg_engine|tilemap_ram:u_map_buffer|map_ram~5425     ; Stuck at GND due to stuck port data_in      ;
; bg_engine:u_bg_engine|tilemap_ram:u_map_buffer|map_ram~5433     ; Stuck at GND due to stuck port data_in      ;
; bg_engine:u_bg_engine|tilemap_ram:u_map_buffer|map_ram~5449     ; Stuck at GND due to stuck port data_in      ;
; bg_engine:u_bg_engine|tilemap_ram:u_map_buffer|map_ram~5457     ; Stuck at GND due to stuck port data_in      ;
; bg_engine:u_bg_engine|tilemap_ram:u_map_buffer|map_ram~5465     ; Stuck at GND due to stuck port data_in      ;
; bg_engine:u_bg_engine|tilemap_ram:u_map_buffer|map_ram~5473     ; Stuck at GND due to stuck port data_in      ;
; bg_engine:u_bg_engine|tilemap_ram:u_map_buffer|map_ram~5481     ; Stuck at GND due to stuck port data_in      ;
; bg_engine:u_bg_engine|tilemap_ram:u_map_buffer|map_ram~5489     ; Stuck at GND due to stuck port data_in      ;
; bg_engine:u_bg_engine|tilemap_ram:u_map_buffer|map_ram~5497     ; Stuck at GND due to stuck port data_in      ;
; bg_engine:u_bg_engine|tilemap_ram:u_map_buffer|map_ram~5505     ; Stuck at GND due to stuck port data_in      ;
; bg_engine:u_bg_engine|tilemap_ram:u_map_buffer|map_ram~5513     ; Stuck at GND due to stuck port data_in      ;
; bg_engine:u_bg_engine|tilemap_ram:u_map_buffer|map_ram~5521     ; Stuck at GND due to stuck port data_in      ;
; bg_engine:u_bg_engine|tilemap_ram:u_map_buffer|map_ram~5529     ; Stuck at GND due to stuck port data_in      ;
; bg_engine:u_bg_engine|tilemap_ram:u_map_buffer|map_ram~5537     ; Stuck at GND due to stuck port data_in      ;
; bg_engine:u_bg_engine|tilemap_ram:u_map_buffer|map_ram~5545     ; Stuck at GND due to stuck port data_in      ;
; bg_engine:u_bg_engine|tilemap_ram:u_map_buffer|map_ram~5553     ; Stuck at GND due to stuck port data_in      ;
; bg_engine:u_bg_engine|tilemap_ram:u_map_buffer|map_ram~5561     ; Stuck at GND due to stuck port data_in      ;
; bg_engine:u_bg_engine|tilemap_ram:u_map_buffer|map_ram~5569     ; Stuck at GND due to stuck port data_in      ;
; bg_engine:u_bg_engine|tilemap_ram:u_map_buffer|map_ram~5577     ; Stuck at GND due to stuck port data_in      ;
; bg_engine:u_bg_engine|tilemap_ram:u_map_buffer|map_ram~5585     ; Stuck at GND due to stuck port data_in      ;
; bg_engine:u_bg_engine|tilemap_ram:u_map_buffer|map_ram~5593     ; Stuck at GND due to stuck port data_in      ;
; bg_engine:u_bg_engine|tilemap_ram:u_map_buffer|map_ram~5601     ; Stuck at GND due to stuck port data_in      ;
; bg_engine:u_bg_engine|tilemap_ram:u_map_buffer|map_ram~5609     ; Stuck at GND due to stuck port data_in      ;
; bg_engine:u_bg_engine|tilemap_ram:u_map_buffer|map_ram~5617     ; Stuck at GND due to stuck port data_in      ;
; bg_engine:u_bg_engine|tilemap_ram:u_map_buffer|map_ram~5625     ; Stuck at GND due to stuck port data_in      ;
; bg_engine:u_bg_engine|tilemap_ram:u_map_buffer|map_ram~5633     ; Stuck at GND due to stuck port data_in      ;
; bg_engine:u_bg_engine|tilemap_ram:u_map_buffer|map_ram~5641     ; Stuck at GND due to stuck port data_in      ;
; bg_engine:u_bg_engine|tilemap_ram:u_map_buffer|map_ram~5649     ; Stuck at GND due to stuck port data_in      ;
; bg_engine:u_bg_engine|tilemap_ram:u_map_buffer|map_ram~5657     ; Stuck at GND due to stuck port data_in      ;
; bg_engine:u_bg_engine|tilemap_ram:u_map_buffer|map_ram~5665     ; Stuck at GND due to stuck port data_in      ;
; bg_engine:u_bg_engine|tilemap_ram:u_map_buffer|map_ram~5673     ; Stuck at GND due to stuck port data_in      ;
; bg_engine:u_bg_engine|tilemap_ram:u_map_buffer|map_ram~5681     ; Stuck at GND due to stuck port data_in      ;
; bg_engine:u_bg_engine|tilemap_ram:u_map_buffer|map_ram~5689     ; Stuck at GND due to stuck port data_in      ;
; bg_engine:u_bg_engine|tilemap_ram:u_map_buffer|map_ram~5697     ; Stuck at GND due to stuck port data_in      ;
; bg_engine:u_bg_engine|tilemap_ram:u_map_buffer|map_ram~5705     ; Stuck at GND due to stuck port data_in      ;
; bg_engine:u_bg_engine|tilemap_ram:u_map_buffer|map_ram~5713     ; Stuck at GND due to stuck port data_in      ;
; bg_engine:u_bg_engine|tilemap_ram:u_map_buffer|map_ram~5721     ; Stuck at GND due to stuck port data_in      ;
; bg_engine:u_bg_engine|tilemap_ram:u_map_buffer|map_ram~5729     ; Stuck at GND due to stuck port data_in      ;
; bg_engine:u_bg_engine|tilemap_ram:u_map_buffer|map_ram~5737     ; Stuck at GND due to stuck port data_in      ;
; bg_engine:u_bg_engine|tilemap_ram:u_map_buffer|map_ram~5745     ; Stuck at GND due to stuck port data_in      ;
; bg_engine:u_bg_engine|tilemap_ram:u_map_buffer|map_ram~5753     ; Stuck at GND due to stuck port data_in      ;
; bg_engine:u_bg_engine|tilemap_ram:u_map_buffer|map_ram~5769     ; Stuck at GND due to stuck port data_in      ;
; bg_engine:u_bg_engine|tilemap_ram:u_map_buffer|map_ram~5777     ; Stuck at GND due to stuck port data_in      ;
; bg_engine:u_bg_engine|tilemap_ram:u_map_buffer|map_ram~5785     ; Stuck at GND due to stuck port data_in      ;
; bg_engine:u_bg_engine|tilemap_ram:u_map_buffer|map_ram~5793     ; Stuck at GND due to stuck port data_in      ;
; bg_engine:u_bg_engine|tilemap_ram:u_map_buffer|map_ram~5801     ; Stuck at GND due to stuck port data_in      ;
; bg_engine:u_bg_engine|tilemap_ram:u_map_buffer|map_ram~5809     ; Stuck at GND due to stuck port data_in      ;
; bg_engine:u_bg_engine|tilemap_ram:u_map_buffer|map_ram~5817     ; Stuck at GND due to stuck port data_in      ;
; bg_engine:u_bg_engine|tilemap_ram:u_map_buffer|map_ram~5825     ; Stuck at GND due to stuck port data_in      ;
; bg_engine:u_bg_engine|tilemap_ram:u_map_buffer|map_ram~5833     ; Stuck at GND due to stuck port data_in      ;
; bg_engine:u_bg_engine|tilemap_ram:u_map_buffer|map_ram~5841     ; Stuck at GND due to stuck port data_in      ;
; bg_engine:u_bg_engine|tilemap_ram:u_map_buffer|map_ram~5849     ; Stuck at GND due to stuck port data_in      ;
; bg_engine:u_bg_engine|tilemap_ram:u_map_buffer|map_ram~5857     ; Stuck at GND due to stuck port data_in      ;
; bg_engine:u_bg_engine|tilemap_ram:u_map_buffer|map_ram~5865     ; Stuck at GND due to stuck port data_in      ;
; bg_engine:u_bg_engine|tilemap_ram:u_map_buffer|map_ram~5873     ; Stuck at GND due to stuck port data_in      ;
; bg_engine:u_bg_engine|tilemap_ram:u_map_buffer|map_ram~5881     ; Stuck at GND due to stuck port data_in      ;
; bg_engine:u_bg_engine|tilemap_ram:u_map_buffer|map_ram~5889     ; Stuck at GND due to stuck port data_in      ;
; bg_engine:u_bg_engine|tilemap_ram:u_map_buffer|map_ram~5897     ; Stuck at GND due to stuck port data_in      ;
; bg_engine:u_bg_engine|tilemap_ram:u_map_buffer|map_ram~5905     ; Stuck at GND due to stuck port data_in      ;
; bg_engine:u_bg_engine|tilemap_ram:u_map_buffer|map_ram~5913     ; Stuck at GND due to stuck port data_in      ;
; bg_engine:u_bg_engine|tilemap_ram:u_map_buffer|map_ram~5921     ; Stuck at GND due to stuck port data_in      ;
; bg_engine:u_bg_engine|tilemap_ram:u_map_buffer|map_ram~5929     ; Stuck at GND due to stuck port data_in      ;
; bg_engine:u_bg_engine|tilemap_ram:u_map_buffer|map_ram~5937     ; Stuck at GND due to stuck port data_in      ;
; bg_engine:u_bg_engine|tilemap_ram:u_map_buffer|map_ram~5945     ; Stuck at GND due to stuck port data_in      ;
; bg_engine:u_bg_engine|tilemap_ram:u_map_buffer|map_ram~5953     ; Stuck at GND due to stuck port data_in      ;
; bg_engine:u_bg_engine|tilemap_ram:u_map_buffer|map_ram~5961     ; Stuck at GND due to stuck port data_in      ;
; bg_engine:u_bg_engine|tilemap_ram:u_map_buffer|map_ram~5969     ; Stuck at GND due to stuck port data_in      ;
; bg_engine:u_bg_engine|tilemap_ram:u_map_buffer|map_ram~5977     ; Stuck at GND due to stuck port data_in      ;
; bg_engine:u_bg_engine|tilemap_ram:u_map_buffer|map_ram~5985     ; Stuck at GND due to stuck port data_in      ;
; bg_engine:u_bg_engine|tilemap_ram:u_map_buffer|map_ram~5993     ; Stuck at GND due to stuck port data_in      ;
; bg_engine:u_bg_engine|tilemap_ram:u_map_buffer|map_ram~6001     ; Stuck at GND due to stuck port data_in      ;
; bg_engine:u_bg_engine|tilemap_ram:u_map_buffer|map_ram~6009     ; Stuck at GND due to stuck port data_in      ;
; bg_engine:u_bg_engine|tilemap_ram:u_map_buffer|map_ram~6017     ; Stuck at GND due to stuck port data_in      ;
; bg_engine:u_bg_engine|tilemap_ram:u_map_buffer|map_ram~6025     ; Stuck at GND due to stuck port data_in      ;
; bg_engine:u_bg_engine|tilemap_ram:u_map_buffer|map_ram~6033     ; Stuck at GND due to stuck port data_in      ;
; bg_engine:u_bg_engine|tilemap_ram:u_map_buffer|map_ram~6041     ; Stuck at GND due to stuck port data_in      ;
; bg_engine:u_bg_engine|tilemap_ram:u_map_buffer|map_ram~6049     ; Stuck at GND due to stuck port data_in      ;
; bg_engine:u_bg_engine|tilemap_ram:u_map_buffer|map_ram~6057     ; Stuck at GND due to stuck port data_in      ;
; bg_engine:u_bg_engine|tilemap_ram:u_map_buffer|map_ram~6065     ; Stuck at GND due to stuck port data_in      ;
; bg_engine:u_bg_engine|tilemap_ram:u_map_buffer|map_ram~6073     ; Stuck at GND due to stuck port data_in      ;
; bg_engine:u_bg_engine|tilemap_ram:u_map_buffer|map_ram~6089     ; Stuck at GND due to stuck port data_in      ;
; bg_engine:u_bg_engine|tilemap_ram:u_map_buffer|map_ram~6097     ; Stuck at GND due to stuck port data_in      ;
; bg_engine:u_bg_engine|tilemap_ram:u_map_buffer|map_ram~6105     ; Stuck at GND due to stuck port data_in      ;
; bg_engine:u_bg_engine|tilemap_ram:u_map_buffer|map_ram~6113     ; Stuck at GND due to stuck port data_in      ;
; bg_engine:u_bg_engine|tilemap_ram:u_map_buffer|map_ram~6121     ; Stuck at GND due to stuck port data_in      ;
; bg_engine:u_bg_engine|tilemap_ram:u_map_buffer|map_ram~6129     ; Stuck at GND due to stuck port data_in      ;
; bg_engine:u_bg_engine|tilemap_ram:u_map_buffer|map_ram~6137     ; Stuck at GND due to stuck port data_in      ;
; bg_engine:u_bg_engine|tilemap_ram:u_map_buffer|map_ram~6145     ; Stuck at GND due to stuck port data_in      ;
; bg_engine:u_bg_engine|tilemap_ram:u_map_buffer|map_ram~6153     ; Stuck at GND due to stuck port data_in      ;
; bg_engine:u_bg_engine|tilemap_ram:u_map_buffer|map_ram~6161     ; Stuck at GND due to stuck port data_in      ;
; bg_engine:u_bg_engine|tilemap_ram:u_map_buffer|map_ram~6169     ; Stuck at GND due to stuck port data_in      ;
; bg_engine:u_bg_engine|tilemap_ram:u_map_buffer|map_ram~6177     ; Stuck at GND due to stuck port data_in      ;
; bg_engine:u_bg_engine|tilemap_ram:u_map_buffer|map_ram~6185     ; Stuck at GND due to stuck port data_in      ;
; bg_engine:u_bg_engine|tilemap_ram:u_map_buffer|map_ram~6193     ; Stuck at GND due to stuck port data_in      ;
; bg_engine:u_bg_engine|tilemap_ram:u_map_buffer|map_ram~6201     ; Stuck at GND due to stuck port data_in      ;
; bg_engine:u_bg_engine|tilemap_ram:u_map_buffer|map_ram~6209     ; Stuck at GND due to stuck port data_in      ;
; bg_engine:u_bg_engine|tilemap_ram:u_map_buffer|map_ram~6217     ; Stuck at GND due to stuck port data_in      ;
; bg_engine:u_bg_engine|tilemap_ram:u_map_buffer|map_ram~6225     ; Stuck at GND due to stuck port data_in      ;
; bg_engine:u_bg_engine|tilemap_ram:u_map_buffer|map_ram~6233     ; Stuck at GND due to stuck port data_in      ;
; bg_engine:u_bg_engine|tilemap_ram:u_map_buffer|map_ram~6241     ; Stuck at GND due to stuck port data_in      ;
; bg_engine:u_bg_engine|tilemap_ram:u_map_buffer|map_ram~6249     ; Stuck at GND due to stuck port data_in      ;
; bg_engine:u_bg_engine|tilemap_ram:u_map_buffer|map_ram~6257     ; Stuck at GND due to stuck port data_in      ;
; bg_engine:u_bg_engine|tilemap_ram:u_map_buffer|map_ram~6265     ; Stuck at GND due to stuck port data_in      ;
; bg_engine:u_bg_engine|tilemap_ram:u_map_buffer|map_ram~6273     ; Stuck at GND due to stuck port data_in      ;
; bg_engine:u_bg_engine|tilemap_ram:u_map_buffer|map_ram~6281     ; Stuck at GND due to stuck port data_in      ;
; bg_engine:u_bg_engine|tilemap_ram:u_map_buffer|map_ram~6289     ; Stuck at GND due to stuck port data_in      ;
; bg_engine:u_bg_engine|tilemap_ram:u_map_buffer|map_ram~6297     ; Stuck at GND due to stuck port data_in      ;
; bg_engine:u_bg_engine|tilemap_ram:u_map_buffer|map_ram~6305     ; Stuck at GND due to stuck port data_in      ;
; bg_engine:u_bg_engine|tilemap_ram:u_map_buffer|map_ram~6313     ; Stuck at GND due to stuck port data_in      ;
; bg_engine:u_bg_engine|tilemap_ram:u_map_buffer|map_ram~6321     ; Stuck at GND due to stuck port data_in      ;
; bg_engine:u_bg_engine|tilemap_ram:u_map_buffer|map_ram~6329     ; Stuck at GND due to stuck port data_in      ;
; bg_engine:u_bg_engine|tilemap_ram:u_map_buffer|map_ram~6337     ; Stuck at GND due to stuck port data_in      ;
; bg_engine:u_bg_engine|tilemap_ram:u_map_buffer|map_ram~6345     ; Stuck at GND due to stuck port data_in      ;
; bg_engine:u_bg_engine|tilemap_ram:u_map_buffer|map_ram~6353     ; Stuck at GND due to stuck port data_in      ;
; bg_engine:u_bg_engine|tilemap_ram:u_map_buffer|map_ram~6361     ; Stuck at GND due to stuck port data_in      ;
; bg_engine:u_bg_engine|tilemap_ram:u_map_buffer|map_ram~6369     ; Stuck at GND due to stuck port data_in      ;
; bg_engine:u_bg_engine|tilemap_ram:u_map_buffer|map_ram~6377     ; Stuck at GND due to stuck port data_in      ;
; bg_engine:u_bg_engine|tilemap_ram:u_map_buffer|map_ram~6385     ; Stuck at GND due to stuck port data_in      ;
; bg_engine:u_bg_engine|tilemap_ram:u_map_buffer|map_ram~6393     ; Stuck at GND due to stuck port data_in      ;
; bg_engine:u_bg_engine|tilemap_ram:u_map_buffer|map_ram~6401     ; Stuck at GND due to stuck port data_in      ;
; bg_engine:u_bg_engine|tilemap_ram:u_map_buffer|map_ram~6409     ; Stuck at GND due to stuck port data_in      ;
; bg_engine:u_bg_engine|tilemap_ram:u_map_buffer|map_ram~6417     ; Stuck at GND due to stuck port data_in      ;
; bg_engine:u_bg_engine|tilemap_ram:u_map_buffer|map_ram~6425     ; Stuck at GND due to stuck port data_in      ;
; bg_engine:u_bg_engine|tilemap_ram:u_map_buffer|map_ram~6433     ; Stuck at GND due to stuck port data_in      ;
; bg_engine:u_bg_engine|tilemap_ram:u_map_buffer|map_ram~6441     ; Stuck at GND due to stuck port data_in      ;
; bg_engine:u_bg_engine|tilemap_ram:u_map_buffer|map_ram~6449     ; Stuck at GND due to stuck port data_in      ;
; bg_engine:u_bg_engine|tilemap_ram:u_map_buffer|map_ram~6457     ; Stuck at GND due to stuck port data_in      ;
; bg_engine:u_bg_engine|tilemap_ram:u_map_buffer|map_ram~6465     ; Stuck at GND due to stuck port data_in      ;
; bg_engine:u_bg_engine|tilemap_ram:u_map_buffer|map_ram~6473     ; Stuck at GND due to stuck port data_in      ;
; bg_engine:u_bg_engine|tilemap_ram:u_map_buffer|map_ram~6481     ; Stuck at GND due to stuck port data_in      ;
; bg_engine:u_bg_engine|tilemap_ram:u_map_buffer|map_ram~6489     ; Stuck at GND due to stuck port data_in      ;
; bg_engine:u_bg_engine|tilemap_ram:u_map_buffer|map_ram~6497     ; Stuck at GND due to stuck port data_in      ;
; bg_engine:u_bg_engine|tilemap_ram:u_map_buffer|map_ram~6505     ; Stuck at GND due to stuck port data_in      ;
; bg_engine:u_bg_engine|tilemap_ram:u_map_buffer|map_ram~6513     ; Stuck at GND due to stuck port data_in      ;
; bg_engine:u_bg_engine|tilemap_ram:u_map_buffer|map_ram~6521     ; Stuck at GND due to stuck port data_in      ;
; bg_engine:u_bg_engine|tilemap_ram:u_map_buffer|map_ram~6529     ; Stuck at GND due to stuck port data_in      ;
; bg_engine:u_bg_engine|tilemap_ram:u_map_buffer|map_ram~6537     ; Stuck at GND due to stuck port data_in      ;
; bg_engine:u_bg_engine|tilemap_ram:u_map_buffer|map_ram~6545     ; Stuck at GND due to stuck port data_in      ;
; bg_engine:u_bg_engine|tilemap_ram:u_map_buffer|map_ram~6553     ; Stuck at GND due to stuck port data_in      ;
; bg_engine:u_bg_engine|tilemap_ram:u_map_buffer|map_ram~6561     ; Stuck at GND due to stuck port data_in      ;
; bg_engine:u_bg_engine|tilemap_ram:u_map_buffer|map_ram~6569     ; Stuck at GND due to stuck port data_in      ;
; bg_engine:u_bg_engine|tilemap_ram:u_map_buffer|map_ram~6577     ; Stuck at GND due to stuck port data_in      ;
; bg_engine:u_bg_engine|tilemap_ram:u_map_buffer|map_ram~6585     ; Stuck at GND due to stuck port data_in      ;
; bg_engine:u_bg_engine|tilemap_ram:u_map_buffer|map_ram~6593     ; Stuck at GND due to stuck port data_in      ;
; bg_engine:u_bg_engine|tilemap_ram:u_map_buffer|map_ram~6601     ; Stuck at GND due to stuck port data_in      ;
; bg_engine:u_bg_engine|tilemap_ram:u_map_buffer|map_ram~6609     ; Stuck at GND due to stuck port data_in      ;
; bg_engine:u_bg_engine|tilemap_ram:u_map_buffer|map_ram~6617     ; Stuck at GND due to stuck port data_in      ;
; bg_engine:u_bg_engine|tilemap_ram:u_map_buffer|map_ram~6625     ; Stuck at GND due to stuck port data_in      ;
; bg_engine:u_bg_engine|tilemap_ram:u_map_buffer|map_ram~6633     ; Stuck at GND due to stuck port data_in      ;
; bg_engine:u_bg_engine|tilemap_ram:u_map_buffer|map_ram~6641     ; Stuck at GND due to stuck port data_in      ;
; bg_engine:u_bg_engine|tilemap_ram:u_map_buffer|map_ram~6649     ; Stuck at GND due to stuck port data_in      ;
; bg_engine:u_bg_engine|tilemap_ram:u_map_buffer|map_ram~6657     ; Stuck at GND due to stuck port data_in      ;
; bg_engine:u_bg_engine|tilemap_ram:u_map_buffer|map_ram~6665     ; Stuck at GND due to stuck port data_in      ;
; bg_engine:u_bg_engine|tilemap_ram:u_map_buffer|map_ram~6673     ; Stuck at GND due to stuck port data_in      ;
; bg_engine:u_bg_engine|tilemap_ram:u_map_buffer|map_ram~6681     ; Stuck at GND due to stuck port data_in      ;
; bg_engine:u_bg_engine|tilemap_ram:u_map_buffer|map_ram~6689     ; Stuck at GND due to stuck port data_in      ;
; bg_engine:u_bg_engine|tilemap_ram:u_map_buffer|map_ram~6697     ; Stuck at GND due to stuck port data_in      ;
; bg_engine:u_bg_engine|tilemap_ram:u_map_buffer|map_ram~6705     ; Stuck at GND due to stuck port data_in      ;
; bg_engine:u_bg_engine|tilemap_ram:u_map_buffer|map_ram~6713     ; Stuck at GND due to stuck port data_in      ;
; bg_engine:u_bg_engine|tilemap_ram:u_map_buffer|map_ram~6721     ; Stuck at GND due to stuck port data_in      ;
; bg_engine:u_bg_engine|tilemap_ram:u_map_buffer|map_ram~6729     ; Stuck at GND due to stuck port data_in      ;
; bg_engine:u_bg_engine|tilemap_ram:u_map_buffer|map_ram~6737     ; Stuck at GND due to stuck port data_in      ;
; bg_engine:u_bg_engine|tilemap_ram:u_map_buffer|map_ram~6745     ; Stuck at GND due to stuck port data_in      ;
; bg_engine:u_bg_engine|tilemap_ram:u_map_buffer|map_ram~6753     ; Stuck at GND due to stuck port data_in      ;
; bg_engine:u_bg_engine|tilemap_ram:u_map_buffer|map_ram~6761     ; Stuck at GND due to stuck port data_in      ;
; bg_engine:u_bg_engine|tilemap_ram:u_map_buffer|map_ram~6769     ; Stuck at GND due to stuck port data_in      ;
; bg_engine:u_bg_engine|tilemap_ram:u_map_buffer|map_ram~6777     ; Stuck at GND due to stuck port data_in      ;
; bg_engine:u_bg_engine|tilemap_ram:u_map_buffer|map_ram~6785     ; Stuck at GND due to stuck port data_in      ;
; bg_engine:u_bg_engine|tilemap_ram:u_map_buffer|map_ram~6793     ; Stuck at GND due to stuck port data_in      ;
; bg_engine:u_bg_engine|tilemap_ram:u_map_buffer|map_ram~6801     ; Stuck at GND due to stuck port data_in      ;
; bg_engine:u_bg_engine|tilemap_ram:u_map_buffer|map_ram~6809     ; Stuck at GND due to stuck port data_in      ;
; bg_engine:u_bg_engine|tilemap_ram:u_map_buffer|map_ram~6817     ; Stuck at GND due to stuck port data_in      ;
; bg_engine:u_bg_engine|tilemap_ram:u_map_buffer|map_ram~6825     ; Stuck at GND due to stuck port data_in      ;
; bg_engine:u_bg_engine|tilemap_ram:u_map_buffer|map_ram~6833     ; Stuck at GND due to stuck port data_in      ;
; bg_engine:u_bg_engine|tilemap_ram:u_map_buffer|map_ram~6841     ; Stuck at GND due to stuck port data_in      ;
; bg_engine:u_bg_engine|tilemap_ram:u_map_buffer|map_ram~6849     ; Stuck at GND due to stuck port data_in      ;
; bg_engine:u_bg_engine|tilemap_ram:u_map_buffer|map_ram~6857     ; Stuck at GND due to stuck port data_in      ;
; bg_engine:u_bg_engine|tilemap_ram:u_map_buffer|map_ram~6865     ; Stuck at GND due to stuck port data_in      ;
; bg_engine:u_bg_engine|tilemap_ram:u_map_buffer|map_ram~6873     ; Stuck at GND due to stuck port data_in      ;
; bg_engine:u_bg_engine|tilemap_ram:u_map_buffer|map_ram~6881     ; Stuck at GND due to stuck port data_in      ;
; bg_engine:u_bg_engine|tilemap_ram:u_map_buffer|map_ram~6889     ; Stuck at GND due to stuck port data_in      ;
; bg_engine:u_bg_engine|tilemap_ram:u_map_buffer|map_ram~6897     ; Stuck at GND due to stuck port data_in      ;
; bg_engine:u_bg_engine|tilemap_ram:u_map_buffer|map_ram~6905     ; Stuck at GND due to stuck port data_in      ;
; bg_engine:u_bg_engine|tilemap_ram:u_map_buffer|map_ram~6913     ; Stuck at GND due to stuck port data_in      ;
; bg_engine:u_bg_engine|tilemap_ram:u_map_buffer|map_ram~6921     ; Stuck at GND due to stuck port data_in      ;
; bg_engine:u_bg_engine|tilemap_ram:u_map_buffer|map_ram~6929     ; Stuck at GND due to stuck port data_in      ;
; bg_engine:u_bg_engine|tilemap_ram:u_map_buffer|map_ram~6937     ; Stuck at GND due to stuck port data_in      ;
; bg_engine:u_bg_engine|tilemap_ram:u_map_buffer|map_ram~6945     ; Stuck at GND due to stuck port data_in      ;
; bg_engine:u_bg_engine|tilemap_ram:u_map_buffer|map_ram~6953     ; Stuck at GND due to stuck port data_in      ;
; bg_engine:u_bg_engine|tilemap_ram:u_map_buffer|map_ram~6961     ; Stuck at GND due to stuck port data_in      ;
; bg_engine:u_bg_engine|tilemap_ram:u_map_buffer|map_ram~6969     ; Stuck at GND due to stuck port data_in      ;
; bg_engine:u_bg_engine|tilemap_ram:u_map_buffer|map_ram~6977     ; Stuck at GND due to stuck port data_in      ;
; bg_engine:u_bg_engine|tilemap_ram:u_map_buffer|map_ram~6985     ; Stuck at GND due to stuck port data_in      ;
; bg_engine:u_bg_engine|tilemap_ram:u_map_buffer|map_ram~6993     ; Stuck at GND due to stuck port data_in      ;
; bg_engine:u_bg_engine|tilemap_ram:u_map_buffer|map_ram~7001     ; Stuck at GND due to stuck port data_in      ;
; bg_engine:u_bg_engine|tilemap_ram:u_map_buffer|map_ram~7009     ; Stuck at GND due to stuck port data_in      ;
; bg_engine:u_bg_engine|tilemap_ram:u_map_buffer|map_ram~7017     ; Stuck at GND due to stuck port data_in      ;
; bg_engine:u_bg_engine|tilemap_ram:u_map_buffer|map_ram~7025     ; Stuck at GND due to stuck port data_in      ;
; bg_engine:u_bg_engine|tilemap_ram:u_map_buffer|map_ram~7033     ; Stuck at GND due to stuck port data_in      ;
; bg_engine:u_bg_engine|tilemap_ram:u_map_buffer|map_ram~7041     ; Stuck at GND due to stuck port data_in      ;
; bg_engine:u_bg_engine|tilemap_ram:u_map_buffer|map_ram~7049     ; Stuck at GND due to stuck port data_in      ;
; bg_engine:u_bg_engine|tilemap_ram:u_map_buffer|map_ram~7057     ; Stuck at GND due to stuck port data_in      ;
; bg_engine:u_bg_engine|tilemap_ram:u_map_buffer|map_ram~7065     ; Stuck at GND due to stuck port data_in      ;
; bg_engine:u_bg_engine|tilemap_ram:u_map_buffer|map_ram~7073     ; Stuck at GND due to stuck port data_in      ;
; bg_engine:u_bg_engine|tilemap_ram:u_map_buffer|map_ram~7081     ; Stuck at GND due to stuck port data_in      ;
; bg_engine:u_bg_engine|tilemap_ram:u_map_buffer|map_ram~7089     ; Stuck at GND due to stuck port data_in      ;
; bg_engine:u_bg_engine|tilemap_ram:u_map_buffer|map_ram~7097     ; Stuck at GND due to stuck port data_in      ;
; bg_engine:u_bg_engine|tilemap_ram:u_map_buffer|map_ram~7105     ; Stuck at GND due to stuck port data_in      ;
; bg_engine:u_bg_engine|tilemap_ram:u_map_buffer|map_ram~7113     ; Stuck at GND due to stuck port data_in      ;
; bg_engine:u_bg_engine|tilemap_ram:u_map_buffer|map_ram~7121     ; Stuck at GND due to stuck port data_in      ;
; bg_engine:u_bg_engine|tilemap_ram:u_map_buffer|map_ram~7129     ; Stuck at GND due to stuck port data_in      ;
; bg_engine:u_bg_engine|tilemap_ram:u_map_buffer|map_ram~7137     ; Stuck at GND due to stuck port data_in      ;
; bg_engine:u_bg_engine|tilemap_ram:u_map_buffer|map_ram~7145     ; Stuck at GND due to stuck port data_in      ;
; bg_engine:u_bg_engine|tilemap_ram:u_map_buffer|map_ram~7153     ; Stuck at GND due to stuck port data_in      ;
; bg_engine:u_bg_engine|tilemap_ram:u_map_buffer|map_ram~7161     ; Stuck at GND due to stuck port data_in      ;
; bg_engine:u_bg_engine|tilemap_ram:u_map_buffer|map_ram~7169     ; Stuck at GND due to stuck port data_in      ;
; bg_engine:u_bg_engine|tilemap_ram:u_map_buffer|map_ram~7177     ; Stuck at GND due to stuck port data_in      ;
; bg_engine:u_bg_engine|tilemap_ram:u_map_buffer|map_ram~7185     ; Stuck at GND due to stuck port data_in      ;
; bg_engine:u_bg_engine|tilemap_ram:u_map_buffer|map_ram~7193     ; Stuck at GND due to stuck port data_in      ;
; bg_engine:u_bg_engine|tilemap_ram:u_map_buffer|map_ram~7201     ; Stuck at GND due to stuck port data_in      ;
; bg_engine:u_bg_engine|tilemap_ram:u_map_buffer|map_ram~7209     ; Stuck at GND due to stuck port data_in      ;
; bg_engine:u_bg_engine|tilemap_ram:u_map_buffer|map_ram~7217     ; Stuck at GND due to stuck port data_in      ;
; bg_engine:u_bg_engine|tilemap_ram:u_map_buffer|map_ram~7225     ; Stuck at GND due to stuck port data_in      ;
; bg_engine:u_bg_engine|tilemap_ram:u_map_buffer|map_ram~7233     ; Stuck at GND due to stuck port data_in      ;
; bg_engine:u_bg_engine|tilemap_ram:u_map_buffer|map_ram~7241     ; Stuck at GND due to stuck port data_in      ;
; bg_engine:u_bg_engine|tilemap_ram:u_map_buffer|map_ram~7249     ; Stuck at GND due to stuck port data_in      ;
; bg_engine:u_bg_engine|tilemap_ram:u_map_buffer|map_ram~7257     ; Stuck at GND due to stuck port data_in      ;
; bg_engine:u_bg_engine|tilemap_ram:u_map_buffer|map_ram~7265     ; Stuck at GND due to stuck port data_in      ;
; bg_engine:u_bg_engine|tilemap_ram:u_map_buffer|map_ram~7273     ; Stuck at GND due to stuck port data_in      ;
; bg_engine:u_bg_engine|tilemap_ram:u_map_buffer|map_ram~7281     ; Stuck at GND due to stuck port data_in      ;
; bg_engine:u_bg_engine|tilemap_ram:u_map_buffer|map_ram~7289     ; Stuck at GND due to stuck port data_in      ;
; bg_engine:u_bg_engine|tilemap_ram:u_map_buffer|map_ram~7297     ; Stuck at GND due to stuck port data_in      ;
; bg_engine:u_bg_engine|tilemap_ram:u_map_buffer|map_ram~7305     ; Stuck at GND due to stuck port data_in      ;
; bg_engine:u_bg_engine|tilemap_ram:u_map_buffer|map_ram~7313     ; Stuck at GND due to stuck port data_in      ;
; bg_engine:u_bg_engine|tilemap_ram:u_map_buffer|map_ram~7321     ; Stuck at GND due to stuck port data_in      ;
; bg_engine:u_bg_engine|tilemap_ram:u_map_buffer|map_ram~7329     ; Stuck at GND due to stuck port data_in      ;
; bg_engine:u_bg_engine|tilemap_ram:u_map_buffer|map_ram~7337     ; Stuck at GND due to stuck port data_in      ;
; bg_engine:u_bg_engine|tilemap_ram:u_map_buffer|map_ram~7345     ; Stuck at GND due to stuck port data_in      ;
; bg_engine:u_bg_engine|tilemap_ram:u_map_buffer|map_ram~7353     ; Stuck at GND due to stuck port data_in      ;
; bg_engine:u_bg_engine|tilemap_ram:u_map_buffer|map_ram~7361     ; Stuck at GND due to stuck port data_in      ;
; bg_engine:u_bg_engine|tilemap_ram:u_map_buffer|map_ram~7369     ; Stuck at GND due to stuck port data_in      ;
; bg_engine:u_bg_engine|tilemap_ram:u_map_buffer|map_ram~7377     ; Stuck at GND due to stuck port data_in      ;
; bg_engine:u_bg_engine|tilemap_ram:u_map_buffer|map_ram~7385     ; Stuck at GND due to stuck port data_in      ;
; bg_engine:u_bg_engine|tilemap_ram:u_map_buffer|map_ram~7393     ; Stuck at GND due to stuck port data_in      ;
; bg_engine:u_bg_engine|tilemap_ram:u_map_buffer|map_ram~7401     ; Stuck at GND due to stuck port data_in      ;
; bg_engine:u_bg_engine|tilemap_ram:u_map_buffer|map_ram~7409     ; Stuck at GND due to stuck port data_in      ;
; bg_engine:u_bg_engine|tilemap_ram:u_map_buffer|map_ram~7417     ; Stuck at GND due to stuck port data_in      ;
; bg_engine:u_bg_engine|tilemap_ram:u_map_buffer|map_ram~7425     ; Stuck at GND due to stuck port data_in      ;
; bg_engine:u_bg_engine|tilemap_ram:u_map_buffer|map_ram~7433     ; Stuck at GND due to stuck port data_in      ;
; bg_engine:u_bg_engine|tilemap_ram:u_map_buffer|map_ram~7441     ; Stuck at GND due to stuck port data_in      ;
; bg_engine:u_bg_engine|tilemap_ram:u_map_buffer|map_ram~7449     ; Stuck at GND due to stuck port data_in      ;
; bg_engine:u_bg_engine|tilemap_ram:u_map_buffer|map_ram~7457     ; Stuck at GND due to stuck port data_in      ;
; bg_engine:u_bg_engine|tilemap_ram:u_map_buffer|map_ram~7465     ; Stuck at GND due to stuck port data_in      ;
; bg_engine:u_bg_engine|tilemap_ram:u_map_buffer|map_ram~7473     ; Stuck at GND due to stuck port data_in      ;
; bg_engine:u_bg_engine|tilemap_ram:u_map_buffer|map_ram~7481     ; Stuck at GND due to stuck port data_in      ;
; bg_engine:u_bg_engine|tilemap_ram:u_map_buffer|map_ram~7489     ; Stuck at GND due to stuck port data_in      ;
; bg_engine:u_bg_engine|tilemap_ram:u_map_buffer|map_ram~7497     ; Stuck at GND due to stuck port data_in      ;
; bg_engine:u_bg_engine|tilemap_ram:u_map_buffer|map_ram~7505     ; Stuck at GND due to stuck port data_in      ;
; bg_engine:u_bg_engine|tilemap_ram:u_map_buffer|map_ram~7513     ; Stuck at GND due to stuck port data_in      ;
; bg_engine:u_bg_engine|tilemap_ram:u_map_buffer|map_ram~7521     ; Stuck at GND due to stuck port data_in      ;
; bg_engine:u_bg_engine|tilemap_ram:u_map_buffer|map_ram~7529     ; Stuck at GND due to stuck port data_in      ;
; bg_engine:u_bg_engine|tilemap_ram:u_map_buffer|map_ram~7537     ; Stuck at GND due to stuck port data_in      ;
; bg_engine:u_bg_engine|tilemap_ram:u_map_buffer|map_ram~7545     ; Stuck at GND due to stuck port data_in      ;
; bg_engine:u_bg_engine|tilemap_ram:u_map_buffer|map_ram~7553     ; Stuck at GND due to stuck port data_in      ;
; bg_engine:u_bg_engine|tilemap_ram:u_map_buffer|map_ram~7561     ; Stuck at GND due to stuck port data_in      ;
; bg_engine:u_bg_engine|tilemap_ram:u_map_buffer|map_ram~7569     ; Stuck at GND due to stuck port data_in      ;
; bg_engine:u_bg_engine|tilemap_ram:u_map_buffer|map_ram~7577     ; Stuck at GND due to stuck port data_in      ;
; bg_engine:u_bg_engine|tilemap_ram:u_map_buffer|map_ram~7585     ; Stuck at GND due to stuck port data_in      ;
; bg_engine:u_bg_engine|tilemap_ram:u_map_buffer|map_ram~7593     ; Stuck at GND due to stuck port data_in      ;
; bg_engine:u_bg_engine|tilemap_ram:u_map_buffer|map_ram~7601     ; Stuck at GND due to stuck port data_in      ;
; bg_engine:u_bg_engine|tilemap_ram:u_map_buffer|map_ram~7609     ; Stuck at GND due to stuck port data_in      ;
; bg_engine:u_bg_engine|tilemap_ram:u_map_buffer|map_ram~7617     ; Stuck at GND due to stuck port data_in      ;
; bg_engine:u_bg_engine|tilemap_ram:u_map_buffer|map_ram~7625     ; Stuck at GND due to stuck port data_in      ;
; bg_engine:u_bg_engine|tilemap_ram:u_map_buffer|map_ram~7633     ; Stuck at GND due to stuck port data_in      ;
; bg_engine:u_bg_engine|tilemap_ram:u_map_buffer|map_ram~7641     ; Stuck at GND due to stuck port data_in      ;
; bg_engine:u_bg_engine|tilemap_ram:u_map_buffer|map_ram~7649     ; Stuck at GND due to stuck port data_in      ;
; bg_engine:u_bg_engine|tilemap_ram:u_map_buffer|map_ram~7657     ; Stuck at GND due to stuck port data_in      ;
; bg_engine:u_bg_engine|tilemap_ram:u_map_buffer|map_ram~7665     ; Stuck at GND due to stuck port data_in      ;
; bg_engine:u_bg_engine|tilemap_ram:u_map_buffer|map_ram~7673     ; Stuck at GND due to stuck port data_in      ;
; bg_engine:u_bg_engine|tilemap_ram:u_map_buffer|map_ram~7681     ; Stuck at GND due to stuck port data_in      ;
; bg_engine:u_bg_engine|tilemap_ram:u_map_buffer|map_ram~7689     ; Stuck at GND due to stuck port data_in      ;
; bg_engine:u_bg_engine|tilemap_ram:u_map_buffer|map_ram~7697     ; Stuck at GND due to stuck port data_in      ;
; bg_engine:u_bg_engine|tilemap_ram:u_map_buffer|map_ram~7705     ; Stuck at GND due to stuck port data_in      ;
; bg_engine:u_bg_engine|tilemap_ram:u_map_buffer|map_ram~7713     ; Stuck at GND due to stuck port data_in      ;
; bg_engine:u_bg_engine|tilemap_ram:u_map_buffer|map_ram~7721     ; Stuck at GND due to stuck port data_in      ;
; bg_engine:u_bg_engine|tilemap_ram:u_map_buffer|map_ram~7729     ; Stuck at GND due to stuck port data_in      ;
; bg_engine:u_bg_engine|tilemap_ram:u_map_buffer|map_ram~7737     ; Stuck at GND due to stuck port data_in      ;
; bg_engine:u_bg_engine|tilemap_ram:u_map_buffer|map_ram~7745     ; Stuck at GND due to stuck port data_in      ;
; bg_engine:u_bg_engine|tilemap_ram:u_map_buffer|map_ram~7753     ; Stuck at GND due to stuck port data_in      ;
; bg_engine:u_bg_engine|tilemap_ram:u_map_buffer|map_ram~7761     ; Stuck at GND due to stuck port data_in      ;
; bg_engine:u_bg_engine|tilemap_ram:u_map_buffer|map_ram~7769     ; Stuck at GND due to stuck port data_in      ;
; bg_engine:u_bg_engine|tilemap_ram:u_map_buffer|map_ram~7777     ; Stuck at GND due to stuck port data_in      ;
; bg_engine:u_bg_engine|tilemap_ram:u_map_buffer|map_ram~7785     ; Stuck at GND due to stuck port data_in      ;
; bg_engine:u_bg_engine|tilemap_ram:u_map_buffer|map_ram~7793     ; Stuck at GND due to stuck port data_in      ;
; bg_engine:u_bg_engine|tilemap_ram:u_map_buffer|map_ram~7801     ; Stuck at GND due to stuck port data_in      ;
; bg_engine:u_bg_engine|tilemap_ram:u_map_buffer|map_ram~7809     ; Stuck at GND due to stuck port data_in      ;
; bg_engine:u_bg_engine|tilemap_ram:u_map_buffer|map_ram~7817     ; Stuck at GND due to stuck port data_in      ;
; bg_engine:u_bg_engine|tilemap_ram:u_map_buffer|map_ram~7825     ; Stuck at GND due to stuck port data_in      ;
; bg_engine:u_bg_engine|tilemap_ram:u_map_buffer|map_ram~7833     ; Stuck at GND due to stuck port data_in      ;
; bg_engine:u_bg_engine|tilemap_ram:u_map_buffer|map_ram~7841     ; Stuck at GND due to stuck port data_in      ;
; bg_engine:u_bg_engine|tilemap_ram:u_map_buffer|map_ram~7849     ; Stuck at GND due to stuck port data_in      ;
; bg_engine:u_bg_engine|tilemap_ram:u_map_buffer|map_ram~7857     ; Stuck at GND due to stuck port data_in      ;
; bg_engine:u_bg_engine|tilemap_ram:u_map_buffer|map_ram~7865     ; Stuck at GND due to stuck port data_in      ;
; bg_engine:u_bg_engine|tilemap_ram:u_map_buffer|map_ram~7873     ; Stuck at GND due to stuck port data_in      ;
; bg_engine:u_bg_engine|tilemap_ram:u_map_buffer|map_ram~7881     ; Stuck at GND due to stuck port data_in      ;
; bg_engine:u_bg_engine|tilemap_ram:u_map_buffer|map_ram~7889     ; Stuck at GND due to stuck port data_in      ;
; bg_engine:u_bg_engine|tilemap_ram:u_map_buffer|map_ram~7897     ; Stuck at GND due to stuck port data_in      ;
; bg_engine:u_bg_engine|tilemap_ram:u_map_buffer|map_ram~7905     ; Stuck at GND due to stuck port data_in      ;
; bg_engine:u_bg_engine|tilemap_ram:u_map_buffer|map_ram~7913     ; Stuck at GND due to stuck port data_in      ;
; bg_engine:u_bg_engine|tilemap_ram:u_map_buffer|map_ram~7921     ; Stuck at GND due to stuck port data_in      ;
; bg_engine:u_bg_engine|tilemap_ram:u_map_buffer|map_ram~7929     ; Stuck at GND due to stuck port data_in      ;
; bg_engine:u_bg_engine|tilemap_ram:u_map_buffer|map_ram~7937     ; Stuck at GND due to stuck port data_in      ;
; bg_engine:u_bg_engine|tilemap_ram:u_map_buffer|map_ram~7945     ; Stuck at GND due to stuck port data_in      ;
; bg_engine:u_bg_engine|tilemap_ram:u_map_buffer|map_ram~7953     ; Stuck at GND due to stuck port data_in      ;
; bg_engine:u_bg_engine|tilemap_ram:u_map_buffer|map_ram~7961     ; Stuck at GND due to stuck port data_in      ;
; bg_engine:u_bg_engine|tilemap_ram:u_map_buffer|map_ram~7969     ; Stuck at GND due to stuck port data_in      ;
; bg_engine:u_bg_engine|tilemap_ram:u_map_buffer|map_ram~7977     ; Stuck at GND due to stuck port data_in      ;
; bg_engine:u_bg_engine|tilemap_ram:u_map_buffer|map_ram~7985     ; Stuck at GND due to stuck port data_in      ;
; bg_engine:u_bg_engine|tilemap_ram:u_map_buffer|map_ram~7993     ; Stuck at GND due to stuck port data_in      ;
; bg_engine:u_bg_engine|tilemap_ram:u_map_buffer|map_ram~8001     ; Stuck at GND due to stuck port data_in      ;
; bg_engine:u_bg_engine|tilemap_ram:u_map_buffer|map_ram~8009     ; Stuck at GND due to stuck port data_in      ;
; bg_engine:u_bg_engine|tilemap_ram:u_map_buffer|map_ram~8017     ; Stuck at GND due to stuck port data_in      ;
; bg_engine:u_bg_engine|tilemap_ram:u_map_buffer|map_ram~8025     ; Stuck at GND due to stuck port data_in      ;
; bg_engine:u_bg_engine|tilemap_ram:u_map_buffer|map_ram~8033     ; Stuck at GND due to stuck port data_in      ;
; bg_engine:u_bg_engine|tilemap_ram:u_map_buffer|map_ram~8041     ; Stuck at GND due to stuck port data_in      ;
; bg_engine:u_bg_engine|tilemap_ram:u_map_buffer|map_ram~8049     ; Stuck at GND due to stuck port data_in      ;
; bg_engine:u_bg_engine|tilemap_ram:u_map_buffer|map_ram~8057     ; Stuck at GND due to stuck port data_in      ;
; bg_engine:u_bg_engine|tilemap_ram:u_map_buffer|map_ram~8065     ; Stuck at GND due to stuck port data_in      ;
; bg_engine:u_bg_engine|tilemap_ram:u_map_buffer|map_ram~8073     ; Stuck at GND due to stuck port data_in      ;
; bg_engine:u_bg_engine|tilemap_ram:u_map_buffer|map_ram~8081     ; Stuck at GND due to stuck port data_in      ;
; bg_engine:u_bg_engine|tilemap_ram:u_map_buffer|map_ram~8089     ; Stuck at GND due to stuck port data_in      ;
; bg_engine:u_bg_engine|tilemap_ram:u_map_buffer|map_ram~8097     ; Stuck at GND due to stuck port data_in      ;
; bg_engine:u_bg_engine|tilemap_ram:u_map_buffer|map_ram~8105     ; Stuck at GND due to stuck port data_in      ;
; bg_engine:u_bg_engine|tilemap_ram:u_map_buffer|map_ram~8113     ; Stuck at GND due to stuck port data_in      ;
; bg_engine:u_bg_engine|tilemap_ram:u_map_buffer|map_ram~8121     ; Stuck at GND due to stuck port data_in      ;
; bg_engine:u_bg_engine|tilemap_ram:u_map_buffer|map_ram~8129     ; Stuck at GND due to stuck port data_in      ;
; bg_engine:u_bg_engine|tilemap_ram:u_map_buffer|map_ram~8137     ; Stuck at GND due to stuck port data_in      ;
; bg_engine:u_bg_engine|tilemap_ram:u_map_buffer|map_ram~8145     ; Stuck at GND due to stuck port data_in      ;
; bg_engine:u_bg_engine|tilemap_ram:u_map_buffer|map_ram~8153     ; Stuck at GND due to stuck port data_in      ;
; bg_engine:u_bg_engine|tilemap_ram:u_map_buffer|map_ram~8161     ; Stuck at GND due to stuck port data_in      ;
; bg_engine:u_bg_engine|tilemap_ram:u_map_buffer|map_ram~8169     ; Stuck at GND due to stuck port data_in      ;
; bg_engine:u_bg_engine|tilemap_ram:u_map_buffer|map_ram~8177     ; Stuck at GND due to stuck port data_in      ;
; bg_engine:u_bg_engine|tilemap_ram:u_map_buffer|map_ram~8185     ; Stuck at GND due to stuck port data_in      ;
; bg_engine:u_bg_engine|tilemap_ram:u_map_buffer|map_ram~8193     ; Stuck at GND due to stuck port data_in      ;
; bg_engine:u_bg_engine|tilemap_ram:u_map_buffer|map_ram~8201     ; Stuck at GND due to stuck port data_in      ;
; bg_engine:u_bg_engine|tilemap_ram:u_map_buffer|map_ram~8209     ; Stuck at GND due to stuck port data_in      ;
; bg_engine:u_bg_engine|tilemap_ram:u_map_buffer|map_ram~8217     ; Stuck at GND due to stuck port data_in      ;
; bg_engine:u_bg_engine|tilemap_ram:u_map_buffer|map_ram~8225     ; Stuck at GND due to stuck port data_in      ;
; bg_engine:u_bg_engine|tilemap_ram:u_map_buffer|map_ram~8233     ; Stuck at GND due to stuck port data_in      ;
; bg_engine:u_bg_engine|tilemap_ram:u_map_buffer|map_ram~8241     ; Stuck at GND due to stuck port data_in      ;
; bg_engine:u_bg_engine|tilemap_ram:u_map_buffer|map_ram~8249     ; Stuck at GND due to stuck port data_in      ;
; bg_engine:u_bg_engine|tilemap_ram:u_map_buffer|map_ram~8257     ; Stuck at GND due to stuck port data_in      ;
; bg_engine:u_bg_engine|tilemap_ram:u_map_buffer|map_ram~8265     ; Stuck at GND due to stuck port data_in      ;
; bg_engine:u_bg_engine|tilemap_ram:u_map_buffer|map_ram~8273     ; Stuck at GND due to stuck port data_in      ;
; bg_engine:u_bg_engine|tilemap_ram:u_map_buffer|map_ram~8281     ; Stuck at GND due to stuck port data_in      ;
; bg_engine:u_bg_engine|tilemap_ram:u_map_buffer|map_ram~8289     ; Stuck at GND due to stuck port data_in      ;
; bg_engine:u_bg_engine|tilemap_ram:u_map_buffer|map_ram~8297     ; Stuck at GND due to stuck port data_in      ;
; bg_engine:u_bg_engine|tilemap_ram:u_map_buffer|map_ram~8305     ; Stuck at GND due to stuck port data_in      ;
; bg_engine:u_bg_engine|tilemap_ram:u_map_buffer|map_ram~8313     ; Stuck at GND due to stuck port data_in      ;
; bg_engine:u_bg_engine|tilemap_ram:u_map_buffer|map_ram~8321     ; Stuck at GND due to stuck port data_in      ;
; bg_engine:u_bg_engine|tilemap_ram:u_map_buffer|map_ram~8329     ; Stuck at GND due to stuck port data_in      ;
; bg_engine:u_bg_engine|tilemap_ram:u_map_buffer|map_ram~8337     ; Stuck at GND due to stuck port data_in      ;
; bg_engine:u_bg_engine|tilemap_ram:u_map_buffer|map_ram~8345     ; Stuck at GND due to stuck port data_in      ;
; bg_engine:u_bg_engine|tilemap_ram:u_map_buffer|map_ram~8353     ; Stuck at GND due to stuck port data_in      ;
; bg_engine:u_bg_engine|tilemap_ram:u_map_buffer|map_ram~8361     ; Stuck at GND due to stuck port data_in      ;
; bg_engine:u_bg_engine|tilemap_ram:u_map_buffer|map_ram~8369     ; Stuck at GND due to stuck port data_in      ;
; bg_engine:u_bg_engine|tilemap_ram:u_map_buffer|map_ram~8377     ; Stuck at GND due to stuck port data_in      ;
; bg_engine:u_bg_engine|tilemap_ram:u_map_buffer|map_ram~8385     ; Stuck at GND due to stuck port data_in      ;
; bg_engine:u_bg_engine|tilemap_ram:u_map_buffer|map_ram~8393     ; Stuck at GND due to stuck port data_in      ;
; bg_engine:u_bg_engine|tilemap_ram:u_map_buffer|map_ram~8401     ; Stuck at GND due to stuck port data_in      ;
; bg_engine:u_bg_engine|tilemap_ram:u_map_buffer|map_ram~8409     ; Stuck at GND due to stuck port data_in      ;
; bg_engine:u_bg_engine|tilemap_ram:u_map_buffer|map_ram~8417     ; Stuck at GND due to stuck port data_in      ;
; bg_engine:u_bg_engine|tilemap_ram:u_map_buffer|map_ram~8425     ; Stuck at GND due to stuck port data_in      ;
; bg_engine:u_bg_engine|tilemap_ram:u_map_buffer|map_ram~8433     ; Stuck at GND due to stuck port data_in      ;
; bg_engine:u_bg_engine|tilemap_ram:u_map_buffer|map_ram~8441     ; Stuck at GND due to stuck port data_in      ;
; bg_engine:u_bg_engine|tilemap_ram:u_map_buffer|map_ram~8449     ; Stuck at GND due to stuck port data_in      ;
; bg_engine:u_bg_engine|tilemap_ram:u_map_buffer|map_ram~8457     ; Stuck at GND due to stuck port data_in      ;
; bg_engine:u_bg_engine|tilemap_ram:u_map_buffer|map_ram~8465     ; Stuck at GND due to stuck port data_in      ;
; bg_engine:u_bg_engine|tilemap_ram:u_map_buffer|map_ram~8473     ; Stuck at GND due to stuck port data_in      ;
; bg_engine:u_bg_engine|tilemap_ram:u_map_buffer|map_ram~8481     ; Stuck at GND due to stuck port data_in      ;
; bg_engine:u_bg_engine|tilemap_ram:u_map_buffer|map_ram~8489     ; Stuck at GND due to stuck port data_in      ;
; bg_engine:u_bg_engine|tilemap_ram:u_map_buffer|map_ram~8497     ; Stuck at GND due to stuck port data_in      ;
; bg_engine:u_bg_engine|tilemap_ram:u_map_buffer|map_ram~8505     ; Stuck at GND due to stuck port data_in      ;
; bg_engine:u_bg_engine|tilemap_ram:u_map_buffer|map_ram~8513     ; Stuck at GND due to stuck port data_in      ;
; bg_engine:u_bg_engine|tilemap_ram:u_map_buffer|map_ram~8521     ; Stuck at GND due to stuck port data_in      ;
; bg_engine:u_bg_engine|tilemap_ram:u_map_buffer|map_ram~8529     ; Stuck at GND due to stuck port data_in      ;
; bg_engine:u_bg_engine|tilemap_ram:u_map_buffer|map_ram~8537     ; Stuck at GND due to stuck port data_in      ;
; bg_engine:u_bg_engine|tilemap_ram:u_map_buffer|map_ram~8545     ; Stuck at GND due to stuck port data_in      ;
; bg_engine:u_bg_engine|tilemap_ram:u_map_buffer|map_ram~8553     ; Stuck at GND due to stuck port data_in      ;
; bg_engine:u_bg_engine|tilemap_ram:u_map_buffer|map_ram~8561     ; Stuck at GND due to stuck port data_in      ;
; bg_engine:u_bg_engine|tilemap_ram:u_map_buffer|map_ram~8569     ; Stuck at GND due to stuck port data_in      ;
; bg_engine:u_bg_engine|tilemap_ram:u_map_buffer|map_ram~8577     ; Stuck at GND due to stuck port data_in      ;
; bg_engine:u_bg_engine|tilemap_ram:u_map_buffer|map_ram~8585     ; Stuck at GND due to stuck port data_in      ;
; bg_engine:u_bg_engine|tilemap_ram:u_map_buffer|map_ram~8593     ; Stuck at GND due to stuck port data_in      ;
; bg_engine:u_bg_engine|tilemap_ram:u_map_buffer|map_ram~8601     ; Stuck at GND due to stuck port data_in      ;
; bg_engine:u_bg_engine|tilemap_ram:u_map_buffer|map_ram~8609     ; Stuck at GND due to stuck port data_in      ;
; bg_engine:u_bg_engine|tilemap_ram:u_map_buffer|map_ram~8617     ; Stuck at GND due to stuck port data_in      ;
; bg_engine:u_bg_engine|tilemap_ram:u_map_buffer|map_ram~8625     ; Stuck at GND due to stuck port data_in      ;
; bg_engine:u_bg_engine|tilemap_ram:u_map_buffer|map_ram~8633     ; Stuck at GND due to stuck port data_in      ;
; bg_engine:u_bg_engine|tilemap_ram:u_map_buffer|map_ram~8641     ; Stuck at GND due to stuck port data_in      ;
; bg_engine:u_bg_engine|tilemap_ram:u_map_buffer|map_ram~8649     ; Stuck at GND due to stuck port data_in      ;
; bg_engine:u_bg_engine|tilemap_ram:u_map_buffer|map_ram~8657     ; Stuck at GND due to stuck port data_in      ;
; bg_engine:u_bg_engine|tilemap_ram:u_map_buffer|map_ram~8665     ; Stuck at GND due to stuck port data_in      ;
; bg_engine:u_bg_engine|tilemap_ram:u_map_buffer|map_ram~8673     ; Stuck at GND due to stuck port data_in      ;
; bg_engine:u_bg_engine|tilemap_ram:u_map_buffer|map_ram~8681     ; Stuck at GND due to stuck port data_in      ;
; bg_engine:u_bg_engine|tilemap_ram:u_map_buffer|map_ram~8689     ; Stuck at GND due to stuck port data_in      ;
; bg_engine:u_bg_engine|tilemap_ram:u_map_buffer|map_ram~8697     ; Stuck at GND due to stuck port data_in      ;
; bg_engine:u_bg_engine|tilemap_ram:u_map_buffer|map_ram~8705     ; Stuck at GND due to stuck port data_in      ;
; bg_engine:u_bg_engine|tilemap_ram:u_map_buffer|map_ram~8713     ; Stuck at GND due to stuck port data_in      ;
; bg_engine:u_bg_engine|tilemap_ram:u_map_buffer|map_ram~8721     ; Stuck at GND due to stuck port data_in      ;
; bg_engine:u_bg_engine|tilemap_ram:u_map_buffer|map_ram~8729     ; Stuck at GND due to stuck port data_in      ;
; bg_engine:u_bg_engine|tilemap_ram:u_map_buffer|map_ram~8737     ; Stuck at GND due to stuck port data_in      ;
; bg_engine:u_bg_engine|tilemap_ram:u_map_buffer|map_ram~8745     ; Stuck at GND due to stuck port data_in      ;
; bg_engine:u_bg_engine|tilemap_ram:u_map_buffer|map_ram~8753     ; Stuck at GND due to stuck port data_in      ;
; bg_engine:u_bg_engine|tilemap_ram:u_map_buffer|map_ram~8761     ; Stuck at GND due to stuck port data_in      ;
; bg_engine:u_bg_engine|tilemap_ram:u_map_buffer|map_ram~8769     ; Stuck at GND due to stuck port data_in      ;
; bg_engine:u_bg_engine|tilemap_ram:u_map_buffer|map_ram~8777     ; Stuck at GND due to stuck port data_in      ;
; bg_engine:u_bg_engine|tilemap_ram:u_map_buffer|map_ram~8785     ; Stuck at GND due to stuck port data_in      ;
; bg_engine:u_bg_engine|tilemap_ram:u_map_buffer|map_ram~8793     ; Stuck at GND due to stuck port data_in      ;
; bg_engine:u_bg_engine|tilemap_ram:u_map_buffer|map_ram~8801     ; Stuck at GND due to stuck port data_in      ;
; bg_engine:u_bg_engine|tilemap_ram:u_map_buffer|map_ram~8809     ; Stuck at GND due to stuck port data_in      ;
; bg_engine:u_bg_engine|tilemap_ram:u_map_buffer|map_ram~8817     ; Stuck at GND due to stuck port data_in      ;
; bg_engine:u_bg_engine|tilemap_ram:u_map_buffer|map_ram~8825     ; Stuck at GND due to stuck port data_in      ;
; bg_engine:u_bg_engine|tilemap_ram:u_map_buffer|map_ram~8833     ; Stuck at GND due to stuck port data_in      ;
; bg_engine:u_bg_engine|tilemap_ram:u_map_buffer|map_ram~8841     ; Stuck at GND due to stuck port data_in      ;
; bg_engine:u_bg_engine|tilemap_ram:u_map_buffer|map_ram~8849     ; Stuck at GND due to stuck port data_in      ;
; bg_engine:u_bg_engine|tilemap_ram:u_map_buffer|map_ram~8857     ; Stuck at GND due to stuck port data_in      ;
; bg_engine:u_bg_engine|tilemap_ram:u_map_buffer|map_ram~8865     ; Stuck at GND due to stuck port data_in      ;
; bg_engine:u_bg_engine|tilemap_ram:u_map_buffer|map_ram~8873     ; Stuck at GND due to stuck port data_in      ;
; bg_engine:u_bg_engine|tilemap_ram:u_map_buffer|map_ram~8881     ; Stuck at GND due to stuck port data_in      ;
; bg_engine:u_bg_engine|tilemap_ram:u_map_buffer|map_ram~8889     ; Stuck at GND due to stuck port data_in      ;
; bg_engine:u_bg_engine|tilemap_ram:u_map_buffer|map_ram~8897     ; Stuck at GND due to stuck port data_in      ;
; bg_engine:u_bg_engine|tilemap_ram:u_map_buffer|map_ram~8905     ; Stuck at GND due to stuck port data_in      ;
; bg_engine:u_bg_engine|tilemap_ram:u_map_buffer|map_ram~8913     ; Stuck at GND due to stuck port data_in      ;
; bg_engine:u_bg_engine|tilemap_ram:u_map_buffer|map_ram~8921     ; Stuck at GND due to stuck port data_in      ;
; bg_engine:u_bg_engine|tilemap_ram:u_map_buffer|map_ram~8929     ; Stuck at GND due to stuck port data_in      ;
; bg_engine:u_bg_engine|tilemap_ram:u_map_buffer|map_ram~8937     ; Stuck at GND due to stuck port data_in      ;
; bg_engine:u_bg_engine|tilemap_ram:u_map_buffer|map_ram~8945     ; Stuck at GND due to stuck port data_in      ;
; bg_engine:u_bg_engine|tilemap_ram:u_map_buffer|map_ram~8953     ; Stuck at GND due to stuck port data_in      ;
; bg_engine:u_bg_engine|tilemap_ram:u_map_buffer|map_ram~8961     ; Stuck at GND due to stuck port data_in      ;
; bg_engine:u_bg_engine|tilemap_ram:u_map_buffer|map_ram~8969     ; Stuck at GND due to stuck port data_in      ;
; bg_engine:u_bg_engine|tilemap_ram:u_map_buffer|map_ram~8977     ; Stuck at GND due to stuck port data_in      ;
; bg_engine:u_bg_engine|tilemap_ram:u_map_buffer|map_ram~8985     ; Stuck at GND due to stuck port data_in      ;
; bg_engine:u_bg_engine|tilemap_ram:u_map_buffer|map_ram~8993     ; Stuck at GND due to stuck port data_in      ;
; bg_engine:u_bg_engine|tilemap_ram:u_map_buffer|map_ram~9001     ; Stuck at GND due to stuck port data_in      ;
; bg_engine:u_bg_engine|tilemap_ram:u_map_buffer|map_ram~9009     ; Stuck at GND due to stuck port data_in      ;
; bg_engine:u_bg_engine|tilemap_ram:u_map_buffer|map_ram~9017     ; Stuck at GND due to stuck port data_in      ;
; bg_engine:u_bg_engine|tilemap_ram:u_map_buffer|map_ram~9025     ; Stuck at GND due to stuck port data_in      ;
; bg_engine:u_bg_engine|tilemap_ram:u_map_buffer|map_ram~9033     ; Stuck at GND due to stuck port data_in      ;
; bg_engine:u_bg_engine|tilemap_ram:u_map_buffer|map_ram~9041     ; Stuck at GND due to stuck port data_in      ;
; bg_engine:u_bg_engine|tilemap_ram:u_map_buffer|map_ram~9049     ; Stuck at GND due to stuck port data_in      ;
; bg_engine:u_bg_engine|tilemap_ram:u_map_buffer|map_ram~9057     ; Stuck at GND due to stuck port data_in      ;
; bg_engine:u_bg_engine|tilemap_ram:u_map_buffer|map_ram~9065     ; Stuck at GND due to stuck port data_in      ;
; bg_engine:u_bg_engine|tilemap_ram:u_map_buffer|map_ram~9073     ; Stuck at GND due to stuck port data_in      ;
; bg_engine:u_bg_engine|tilemap_ram:u_map_buffer|map_ram~9081     ; Stuck at GND due to stuck port data_in      ;
; bg_engine:u_bg_engine|tilemap_ram:u_map_buffer|map_ram~9089     ; Stuck at GND due to stuck port data_in      ;
; bg_engine:u_bg_engine|tilemap_ram:u_map_buffer|map_ram~9097     ; Stuck at GND due to stuck port data_in      ;
; bg_engine:u_bg_engine|tilemap_ram:u_map_buffer|map_ram~9105     ; Stuck at GND due to stuck port data_in      ;
; bg_engine:u_bg_engine|tilemap_ram:u_map_buffer|map_ram~9113     ; Stuck at GND due to stuck port data_in      ;
; bg_engine:u_bg_engine|tilemap_ram:u_map_buffer|map_ram~9121     ; Stuck at GND due to stuck port data_in      ;
; bg_engine:u_bg_engine|tilemap_ram:u_map_buffer|map_ram~9129     ; Stuck at GND due to stuck port data_in      ;
; bg_engine:u_bg_engine|tilemap_ram:u_map_buffer|map_ram~9137     ; Stuck at GND due to stuck port data_in      ;
; bg_engine:u_bg_engine|tilemap_ram:u_map_buffer|map_ram~9145     ; Stuck at GND due to stuck port data_in      ;
; bg_engine:u_bg_engine|tilemap_ram:u_map_buffer|map_ram~9153     ; Stuck at GND due to stuck port data_in      ;
; bg_engine:u_bg_engine|tilemap_ram:u_map_buffer|map_ram~9161     ; Stuck at GND due to stuck port data_in      ;
; bg_engine:u_bg_engine|tilemap_ram:u_map_buffer|map_ram~9169     ; Stuck at GND due to stuck port data_in      ;
; bg_engine:u_bg_engine|tilemap_ram:u_map_buffer|map_ram~9177     ; Stuck at GND due to stuck port data_in      ;
; bg_engine:u_bg_engine|tilemap_ram:u_map_buffer|map_ram~9185     ; Stuck at GND due to stuck port data_in      ;
; bg_engine:u_bg_engine|tilemap_ram:u_map_buffer|map_ram~9193     ; Stuck at GND due to stuck port data_in      ;
; bg_engine:u_bg_engine|tilemap_ram:u_map_buffer|map_ram~9201     ; Stuck at GND due to stuck port data_in      ;
; bg_engine:u_bg_engine|tilemap_ram:u_map_buffer|map_ram~9209     ; Stuck at GND due to stuck port data_in      ;
; bg_engine:u_bg_engine|tilemap_ram:u_map_buffer|map_ram~9217     ; Stuck at GND due to stuck port data_in      ;
; bg_engine:u_bg_engine|tilemap_ram:u_map_buffer|map_ram~9225     ; Stuck at GND due to stuck port data_in      ;
; bg_engine:u_bg_engine|tilemap_ram:u_map_buffer|map_ram~9233     ; Stuck at GND due to stuck port data_in      ;
; bg_engine:u_bg_engine|tilemap_ram:u_map_buffer|map_ram~9241     ; Stuck at GND due to stuck port data_in      ;
; bg_engine:u_bg_engine|tilemap_ram:u_map_buffer|map_ram~9249     ; Stuck at GND due to stuck port data_in      ;
; bg_engine:u_bg_engine|tilemap_ram:u_map_buffer|map_ram~9257     ; Stuck at GND due to stuck port data_in      ;
; bg_engine:u_bg_engine|tilemap_ram:u_map_buffer|map_ram~9265     ; Stuck at GND due to stuck port data_in      ;
; bg_engine:u_bg_engine|tilemap_ram:u_map_buffer|map_ram~9273     ; Stuck at GND due to stuck port data_in      ;
; bg_engine:u_bg_engine|tilemap_ram:u_map_buffer|map_ram~9281     ; Stuck at GND due to stuck port data_in      ;
; bg_engine:u_bg_engine|tilemap_ram:u_map_buffer|map_ram~9289     ; Stuck at GND due to stuck port data_in      ;
; bg_engine:u_bg_engine|tilemap_ram:u_map_buffer|map_ram~9297     ; Stuck at GND due to stuck port data_in      ;
; bg_engine:u_bg_engine|tilemap_ram:u_map_buffer|map_ram~9305     ; Stuck at GND due to stuck port data_in      ;
; bg_engine:u_bg_engine|tilemap_ram:u_map_buffer|map_ram~9313     ; Stuck at GND due to stuck port data_in      ;
; bg_engine:u_bg_engine|tilemap_ram:u_map_buffer|map_ram~9321     ; Stuck at GND due to stuck port data_in      ;
; bg_engine:u_bg_engine|tilemap_ram:u_map_buffer|map_ram~9329     ; Stuck at GND due to stuck port data_in      ;
; bg_engine:u_bg_engine|tilemap_ram:u_map_buffer|map_ram~9337     ; Stuck at GND due to stuck port data_in      ;
; bg_engine:u_bg_engine|tilemap_ram:u_map_buffer|map_ram~9345     ; Stuck at GND due to stuck port data_in      ;
; bg_engine:u_bg_engine|tilemap_ram:u_map_buffer|map_ram~9353     ; Stuck at GND due to stuck port data_in      ;
; bg_engine:u_bg_engine|tilemap_ram:u_map_buffer|map_ram~9361     ; Stuck at GND due to stuck port data_in      ;
; bg_engine:u_bg_engine|tilemap_ram:u_map_buffer|map_ram~9369     ; Stuck at GND due to stuck port data_in      ;
; bg_engine:u_bg_engine|tilemap_ram:u_map_buffer|map_ram~9377     ; Stuck at GND due to stuck port data_in      ;
; bg_engine:u_bg_engine|tilemap_ram:u_map_buffer|map_ram~9385     ; Stuck at GND due to stuck port data_in      ;
; bg_engine:u_bg_engine|tilemap_ram:u_map_buffer|map_ram~9393     ; Stuck at GND due to stuck port data_in      ;
; bg_engine:u_bg_engine|tilemap_ram:u_map_buffer|map_ram~9401     ; Stuck at GND due to stuck port data_in      ;
; bg_engine:u_bg_engine|tilemap_ram:u_map_buffer|map_ram~9409     ; Stuck at GND due to stuck port data_in      ;
; bg_engine:u_bg_engine|tilemap_ram:u_map_buffer|map_ram~9417     ; Stuck at GND due to stuck port data_in      ;
; bg_engine:u_bg_engine|tilemap_ram:u_map_buffer|map_ram~9425     ; Stuck at GND due to stuck port data_in      ;
; bg_engine:u_bg_engine|tilemap_ram:u_map_buffer|map_ram~9433     ; Stuck at GND due to stuck port data_in      ;
; bg_engine:u_bg_engine|tilemap_ram:u_map_buffer|map_ram~9441     ; Stuck at GND due to stuck port data_in      ;
; bg_engine:u_bg_engine|tilemap_ram:u_map_buffer|map_ram~9449     ; Stuck at GND due to stuck port data_in      ;
; bg_engine:u_bg_engine|tilemap_ram:u_map_buffer|map_ram~9457     ; Stuck at GND due to stuck port data_in      ;
; bg_engine:u_bg_engine|tilemap_ram:u_map_buffer|map_ram~9465     ; Stuck at GND due to stuck port data_in      ;
; bg_engine:u_bg_engine|tilemap_ram:u_map_buffer|map_ram~9473     ; Stuck at GND due to stuck port data_in      ;
; bg_engine:u_bg_engine|tilemap_ram:u_map_buffer|map_ram~9481     ; Stuck at GND due to stuck port data_in      ;
; bg_engine:u_bg_engine|tilemap_ram:u_map_buffer|map_ram~9489     ; Stuck at GND due to stuck port data_in      ;
; bg_engine:u_bg_engine|tilemap_ram:u_map_buffer|map_ram~9497     ; Stuck at GND due to stuck port data_in      ;
; bg_engine:u_bg_engine|tilemap_ram:u_map_buffer|map_ram~9505     ; Stuck at GND due to stuck port data_in      ;
; bg_engine:u_bg_engine|tilemap_ram:u_map_buffer|map_ram~9513     ; Stuck at GND due to stuck port data_in      ;
; bg_engine:u_bg_engine|tilemap_ram:u_map_buffer|map_ram~9521     ; Stuck at GND due to stuck port data_in      ;
; bg_engine:u_bg_engine|tilemap_ram:u_map_buffer|map_ram~9529     ; Stuck at GND due to stuck port data_in      ;
; bg_engine:u_bg_engine|tilemap_ram:u_map_buffer|map_ram~9537     ; Stuck at GND due to stuck port data_in      ;
; bg_engine:u_bg_engine|tilemap_ram:u_map_buffer|map_ram~9545     ; Stuck at GND due to stuck port data_in      ;
; bg_engine:u_bg_engine|tilemap_ram:u_map_buffer|map_ram~9553     ; Stuck at GND due to stuck port data_in      ;
; bg_engine:u_bg_engine|tilemap_ram:u_map_buffer|map_ram~9561     ; Stuck at GND due to stuck port data_in      ;
; bg_engine:u_bg_engine|tilemap_ram:u_map_buffer|map_ram~9569     ; Stuck at GND due to stuck port data_in      ;
; bg_engine:u_bg_engine|tilemap_ram:u_map_buffer|map_ram~9577     ; Stuck at GND due to stuck port data_in      ;
; bg_engine:u_bg_engine|tilemap_ram:u_map_buffer|map_ram~9585     ; Stuck at GND due to stuck port data_in      ;
; bg_engine:u_bg_engine|tilemap_ram:u_map_buffer|map_ram~9593     ; Stuck at GND due to stuck port data_in      ;
; bg_engine:u_bg_engine|tilemap_ram:u_map_buffer|map_ram~10       ; Stuck at GND due to stuck port data_in      ;
; bg_engine:u_bg_engine|tilemap_ram:u_map_buffer|map_ram~18       ; Stuck at GND due to stuck port data_in      ;
; bg_engine:u_bg_engine|tilemap_ram:u_map_buffer|map_ram~26       ; Stuck at GND due to stuck port data_in      ;
; bg_engine:u_bg_engine|tilemap_ram:u_map_buffer|map_ram~34       ; Stuck at GND due to stuck port data_in      ;
; bg_engine:u_bg_engine|tilemap_ram:u_map_buffer|map_ram~42       ; Stuck at GND due to stuck port data_in      ;
; bg_engine:u_bg_engine|tilemap_ram:u_map_buffer|map_ram~50       ; Stuck at GND due to stuck port data_in      ;
; bg_engine:u_bg_engine|tilemap_ram:u_map_buffer|map_ram~58       ; Stuck at GND due to stuck port data_in      ;
; bg_engine:u_bg_engine|tilemap_ram:u_map_buffer|map_ram~66       ; Stuck at GND due to stuck port data_in      ;
; bg_engine:u_bg_engine|tilemap_ram:u_map_buffer|map_ram~74       ; Stuck at GND due to stuck port data_in      ;
; bg_engine:u_bg_engine|tilemap_ram:u_map_buffer|map_ram~82       ; Stuck at GND due to stuck port data_in      ;
; bg_engine:u_bg_engine|tilemap_ram:u_map_buffer|map_ram~90       ; Stuck at GND due to stuck port data_in      ;
; bg_engine:u_bg_engine|tilemap_ram:u_map_buffer|map_ram~98       ; Stuck at GND due to stuck port data_in      ;
; bg_engine:u_bg_engine|tilemap_ram:u_map_buffer|map_ram~106      ; Stuck at GND due to stuck port data_in      ;
; bg_engine:u_bg_engine|tilemap_ram:u_map_buffer|map_ram~114      ; Stuck at GND due to stuck port data_in      ;
; bg_engine:u_bg_engine|tilemap_ram:u_map_buffer|map_ram~122      ; Stuck at GND due to stuck port data_in      ;
; bg_engine:u_bg_engine|tilemap_ram:u_map_buffer|map_ram~130      ; Stuck at GND due to stuck port data_in      ;
; bg_engine:u_bg_engine|tilemap_ram:u_map_buffer|map_ram~138      ; Stuck at GND due to stuck port data_in      ;
; bg_engine:u_bg_engine|tilemap_ram:u_map_buffer|map_ram~146      ; Stuck at GND due to stuck port data_in      ;
; bg_engine:u_bg_engine|tilemap_ram:u_map_buffer|map_ram~154      ; Stuck at GND due to stuck port data_in      ;
; bg_engine:u_bg_engine|tilemap_ram:u_map_buffer|map_ram~162      ; Stuck at GND due to stuck port data_in      ;
; bg_engine:u_bg_engine|tilemap_ram:u_map_buffer|map_ram~170      ; Stuck at GND due to stuck port data_in      ;
; bg_engine:u_bg_engine|tilemap_ram:u_map_buffer|map_ram~178      ; Stuck at GND due to stuck port data_in      ;
; bg_engine:u_bg_engine|tilemap_ram:u_map_buffer|map_ram~186      ; Stuck at GND due to stuck port data_in      ;
; bg_engine:u_bg_engine|tilemap_ram:u_map_buffer|map_ram~194      ; Stuck at GND due to stuck port data_in      ;
; bg_engine:u_bg_engine|tilemap_ram:u_map_buffer|map_ram~202      ; Stuck at GND due to stuck port data_in      ;
; bg_engine:u_bg_engine|tilemap_ram:u_map_buffer|map_ram~210      ; Stuck at GND due to stuck port data_in      ;
; bg_engine:u_bg_engine|tilemap_ram:u_map_buffer|map_ram~218      ; Stuck at GND due to stuck port data_in      ;
; bg_engine:u_bg_engine|tilemap_ram:u_map_buffer|map_ram~226      ; Stuck at GND due to stuck port data_in      ;
; bg_engine:u_bg_engine|tilemap_ram:u_map_buffer|map_ram~234      ; Stuck at GND due to stuck port data_in      ;
; bg_engine:u_bg_engine|tilemap_ram:u_map_buffer|map_ram~242      ; Stuck at GND due to stuck port data_in      ;
; bg_engine:u_bg_engine|tilemap_ram:u_map_buffer|map_ram~250      ; Stuck at GND due to stuck port data_in      ;
; bg_engine:u_bg_engine|tilemap_ram:u_map_buffer|map_ram~258      ; Stuck at GND due to stuck port data_in      ;
; bg_engine:u_bg_engine|tilemap_ram:u_map_buffer|map_ram~266      ; Stuck at GND due to stuck port data_in      ;
; bg_engine:u_bg_engine|tilemap_ram:u_map_buffer|map_ram~274      ; Stuck at GND due to stuck port data_in      ;
; bg_engine:u_bg_engine|tilemap_ram:u_map_buffer|map_ram~282      ; Stuck at GND due to stuck port data_in      ;
; bg_engine:u_bg_engine|tilemap_ram:u_map_buffer|map_ram~290      ; Stuck at GND due to stuck port data_in      ;
; bg_engine:u_bg_engine|tilemap_ram:u_map_buffer|map_ram~298      ; Stuck at GND due to stuck port data_in      ;
; bg_engine:u_bg_engine|tilemap_ram:u_map_buffer|map_ram~306      ; Stuck at GND due to stuck port data_in      ;
; bg_engine:u_bg_engine|tilemap_ram:u_map_buffer|map_ram~314      ; Stuck at GND due to stuck port data_in      ;
; bg_engine:u_bg_engine|tilemap_ram:u_map_buffer|map_ram~330      ; Stuck at GND due to stuck port data_in      ;
; bg_engine:u_bg_engine|tilemap_ram:u_map_buffer|map_ram~338      ; Stuck at GND due to stuck port data_in      ;
; bg_engine:u_bg_engine|tilemap_ram:u_map_buffer|map_ram~346      ; Stuck at GND due to stuck port data_in      ;
; bg_engine:u_bg_engine|tilemap_ram:u_map_buffer|map_ram~354      ; Stuck at GND due to stuck port data_in      ;
; bg_engine:u_bg_engine|tilemap_ram:u_map_buffer|map_ram~362      ; Stuck at GND due to stuck port data_in      ;
; bg_engine:u_bg_engine|tilemap_ram:u_map_buffer|map_ram~370      ; Stuck at GND due to stuck port data_in      ;
; bg_engine:u_bg_engine|tilemap_ram:u_map_buffer|map_ram~378      ; Stuck at GND due to stuck port data_in      ;
; bg_engine:u_bg_engine|tilemap_ram:u_map_buffer|map_ram~386      ; Stuck at GND due to stuck port data_in      ;
; bg_engine:u_bg_engine|tilemap_ram:u_map_buffer|map_ram~394      ; Stuck at GND due to stuck port data_in      ;
; bg_engine:u_bg_engine|tilemap_ram:u_map_buffer|map_ram~402      ; Stuck at GND due to stuck port data_in      ;
; bg_engine:u_bg_engine|tilemap_ram:u_map_buffer|map_ram~410      ; Stuck at GND due to stuck port data_in      ;
; bg_engine:u_bg_engine|tilemap_ram:u_map_buffer|map_ram~418      ; Stuck at GND due to stuck port data_in      ;
; bg_engine:u_bg_engine|tilemap_ram:u_map_buffer|map_ram~426      ; Stuck at GND due to stuck port data_in      ;
; bg_engine:u_bg_engine|tilemap_ram:u_map_buffer|map_ram~434      ; Stuck at GND due to stuck port data_in      ;
; bg_engine:u_bg_engine|tilemap_ram:u_map_buffer|map_ram~442      ; Stuck at GND due to stuck port data_in      ;
; bg_engine:u_bg_engine|tilemap_ram:u_map_buffer|map_ram~450      ; Stuck at GND due to stuck port data_in      ;
; bg_engine:u_bg_engine|tilemap_ram:u_map_buffer|map_ram~458      ; Stuck at GND due to stuck port data_in      ;
; bg_engine:u_bg_engine|tilemap_ram:u_map_buffer|map_ram~466      ; Stuck at GND due to stuck port data_in      ;
; bg_engine:u_bg_engine|tilemap_ram:u_map_buffer|map_ram~474      ; Stuck at GND due to stuck port data_in      ;
; bg_engine:u_bg_engine|tilemap_ram:u_map_buffer|map_ram~482      ; Stuck at GND due to stuck port data_in      ;
; bg_engine:u_bg_engine|tilemap_ram:u_map_buffer|map_ram~490      ; Stuck at GND due to stuck port data_in      ;
; bg_engine:u_bg_engine|tilemap_ram:u_map_buffer|map_ram~498      ; Stuck at GND due to stuck port data_in      ;
; bg_engine:u_bg_engine|tilemap_ram:u_map_buffer|map_ram~506      ; Stuck at GND due to stuck port data_in      ;
; bg_engine:u_bg_engine|tilemap_ram:u_map_buffer|map_ram~514      ; Stuck at GND due to stuck port data_in      ;
; bg_engine:u_bg_engine|tilemap_ram:u_map_buffer|map_ram~522      ; Stuck at GND due to stuck port data_in      ;
; bg_engine:u_bg_engine|tilemap_ram:u_map_buffer|map_ram~530      ; Stuck at GND due to stuck port data_in      ;
; bg_engine:u_bg_engine|tilemap_ram:u_map_buffer|map_ram~538      ; Stuck at GND due to stuck port data_in      ;
; bg_engine:u_bg_engine|tilemap_ram:u_map_buffer|map_ram~546      ; Stuck at GND due to stuck port data_in      ;
; bg_engine:u_bg_engine|tilemap_ram:u_map_buffer|map_ram~554      ; Stuck at GND due to stuck port data_in      ;
; bg_engine:u_bg_engine|tilemap_ram:u_map_buffer|map_ram~562      ; Stuck at GND due to stuck port data_in      ;
; bg_engine:u_bg_engine|tilemap_ram:u_map_buffer|map_ram~570      ; Stuck at GND due to stuck port data_in      ;
; bg_engine:u_bg_engine|tilemap_ram:u_map_buffer|map_ram~578      ; Stuck at GND due to stuck port data_in      ;
; bg_engine:u_bg_engine|tilemap_ram:u_map_buffer|map_ram~586      ; Stuck at GND due to stuck port data_in      ;
; bg_engine:u_bg_engine|tilemap_ram:u_map_buffer|map_ram~594      ; Stuck at GND due to stuck port data_in      ;
; bg_engine:u_bg_engine|tilemap_ram:u_map_buffer|map_ram~602      ; Stuck at GND due to stuck port data_in      ;
; bg_engine:u_bg_engine|tilemap_ram:u_map_buffer|map_ram~610      ; Stuck at GND due to stuck port data_in      ;
; bg_engine:u_bg_engine|tilemap_ram:u_map_buffer|map_ram~618      ; Stuck at GND due to stuck port data_in      ;
; bg_engine:u_bg_engine|tilemap_ram:u_map_buffer|map_ram~626      ; Stuck at GND due to stuck port data_in      ;
; bg_engine:u_bg_engine|tilemap_ram:u_map_buffer|map_ram~634      ; Stuck at GND due to stuck port data_in      ;
; bg_engine:u_bg_engine|tilemap_ram:u_map_buffer|map_ram~650      ; Stuck at GND due to stuck port data_in      ;
; bg_engine:u_bg_engine|tilemap_ram:u_map_buffer|map_ram~658      ; Stuck at GND due to stuck port data_in      ;
; bg_engine:u_bg_engine|tilemap_ram:u_map_buffer|map_ram~666      ; Stuck at GND due to stuck port data_in      ;
; bg_engine:u_bg_engine|tilemap_ram:u_map_buffer|map_ram~674      ; Stuck at GND due to stuck port data_in      ;
; bg_engine:u_bg_engine|tilemap_ram:u_map_buffer|map_ram~682      ; Stuck at GND due to stuck port data_in      ;
; bg_engine:u_bg_engine|tilemap_ram:u_map_buffer|map_ram~690      ; Stuck at GND due to stuck port data_in      ;
; bg_engine:u_bg_engine|tilemap_ram:u_map_buffer|map_ram~698      ; Stuck at GND due to stuck port data_in      ;
; bg_engine:u_bg_engine|tilemap_ram:u_map_buffer|map_ram~706      ; Stuck at GND due to stuck port data_in      ;
; bg_engine:u_bg_engine|tilemap_ram:u_map_buffer|map_ram~714      ; Stuck at GND due to stuck port data_in      ;
; bg_engine:u_bg_engine|tilemap_ram:u_map_buffer|map_ram~722      ; Stuck at GND due to stuck port data_in      ;
; bg_engine:u_bg_engine|tilemap_ram:u_map_buffer|map_ram~730      ; Stuck at GND due to stuck port data_in      ;
; bg_engine:u_bg_engine|tilemap_ram:u_map_buffer|map_ram~738      ; Stuck at GND due to stuck port data_in      ;
; bg_engine:u_bg_engine|tilemap_ram:u_map_buffer|map_ram~746      ; Stuck at GND due to stuck port data_in      ;
; bg_engine:u_bg_engine|tilemap_ram:u_map_buffer|map_ram~754      ; Stuck at GND due to stuck port data_in      ;
; bg_engine:u_bg_engine|tilemap_ram:u_map_buffer|map_ram~762      ; Stuck at GND due to stuck port data_in      ;
; bg_engine:u_bg_engine|tilemap_ram:u_map_buffer|map_ram~770      ; Stuck at GND due to stuck port data_in      ;
; bg_engine:u_bg_engine|tilemap_ram:u_map_buffer|map_ram~778      ; Stuck at GND due to stuck port data_in      ;
; bg_engine:u_bg_engine|tilemap_ram:u_map_buffer|map_ram~786      ; Stuck at GND due to stuck port data_in      ;
; bg_engine:u_bg_engine|tilemap_ram:u_map_buffer|map_ram~794      ; Stuck at GND due to stuck port data_in      ;
; bg_engine:u_bg_engine|tilemap_ram:u_map_buffer|map_ram~802      ; Stuck at GND due to stuck port data_in      ;
; bg_engine:u_bg_engine|tilemap_ram:u_map_buffer|map_ram~810      ; Stuck at GND due to stuck port data_in      ;
; bg_engine:u_bg_engine|tilemap_ram:u_map_buffer|map_ram~818      ; Stuck at GND due to stuck port data_in      ;
; bg_engine:u_bg_engine|tilemap_ram:u_map_buffer|map_ram~826      ; Stuck at GND due to stuck port data_in      ;
; bg_engine:u_bg_engine|tilemap_ram:u_map_buffer|map_ram~834      ; Stuck at GND due to stuck port data_in      ;
; bg_engine:u_bg_engine|tilemap_ram:u_map_buffer|map_ram~842      ; Stuck at GND due to stuck port data_in      ;
; bg_engine:u_bg_engine|tilemap_ram:u_map_buffer|map_ram~850      ; Stuck at GND due to stuck port data_in      ;
; bg_engine:u_bg_engine|tilemap_ram:u_map_buffer|map_ram~858      ; Stuck at GND due to stuck port data_in      ;
; bg_engine:u_bg_engine|tilemap_ram:u_map_buffer|map_ram~866      ; Stuck at GND due to stuck port data_in      ;
; bg_engine:u_bg_engine|tilemap_ram:u_map_buffer|map_ram~874      ; Stuck at GND due to stuck port data_in      ;
; bg_engine:u_bg_engine|tilemap_ram:u_map_buffer|map_ram~882      ; Stuck at GND due to stuck port data_in      ;
; bg_engine:u_bg_engine|tilemap_ram:u_map_buffer|map_ram~890      ; Stuck at GND due to stuck port data_in      ;
; bg_engine:u_bg_engine|tilemap_ram:u_map_buffer|map_ram~898      ; Stuck at GND due to stuck port data_in      ;
; bg_engine:u_bg_engine|tilemap_ram:u_map_buffer|map_ram~906      ; Stuck at GND due to stuck port data_in      ;
; bg_engine:u_bg_engine|tilemap_ram:u_map_buffer|map_ram~914      ; Stuck at GND due to stuck port data_in      ;
; bg_engine:u_bg_engine|tilemap_ram:u_map_buffer|map_ram~922      ; Stuck at GND due to stuck port data_in      ;
; bg_engine:u_bg_engine|tilemap_ram:u_map_buffer|map_ram~930      ; Stuck at GND due to stuck port data_in      ;
; bg_engine:u_bg_engine|tilemap_ram:u_map_buffer|map_ram~938      ; Stuck at GND due to stuck port data_in      ;
; bg_engine:u_bg_engine|tilemap_ram:u_map_buffer|map_ram~946      ; Stuck at GND due to stuck port data_in      ;
; bg_engine:u_bg_engine|tilemap_ram:u_map_buffer|map_ram~954      ; Stuck at GND due to stuck port data_in      ;
; bg_engine:u_bg_engine|tilemap_ram:u_map_buffer|map_ram~970      ; Stuck at GND due to stuck port data_in      ;
; bg_engine:u_bg_engine|tilemap_ram:u_map_buffer|map_ram~978      ; Stuck at GND due to stuck port data_in      ;
; bg_engine:u_bg_engine|tilemap_ram:u_map_buffer|map_ram~986      ; Stuck at GND due to stuck port data_in      ;
; bg_engine:u_bg_engine|tilemap_ram:u_map_buffer|map_ram~994      ; Stuck at GND due to stuck port data_in      ;
; bg_engine:u_bg_engine|tilemap_ram:u_map_buffer|map_ram~1002     ; Stuck at GND due to stuck port data_in      ;
; bg_engine:u_bg_engine|tilemap_ram:u_map_buffer|map_ram~1010     ; Stuck at GND due to stuck port data_in      ;
; bg_engine:u_bg_engine|tilemap_ram:u_map_buffer|map_ram~1018     ; Stuck at GND due to stuck port data_in      ;
; bg_engine:u_bg_engine|tilemap_ram:u_map_buffer|map_ram~1026     ; Stuck at GND due to stuck port data_in      ;
; bg_engine:u_bg_engine|tilemap_ram:u_map_buffer|map_ram~1034     ; Stuck at GND due to stuck port data_in      ;
; bg_engine:u_bg_engine|tilemap_ram:u_map_buffer|map_ram~1042     ; Stuck at GND due to stuck port data_in      ;
; bg_engine:u_bg_engine|tilemap_ram:u_map_buffer|map_ram~1050     ; Stuck at GND due to stuck port data_in      ;
; bg_engine:u_bg_engine|tilemap_ram:u_map_buffer|map_ram~1058     ; Stuck at GND due to stuck port data_in      ;
; bg_engine:u_bg_engine|tilemap_ram:u_map_buffer|map_ram~1066     ; Stuck at GND due to stuck port data_in      ;
; bg_engine:u_bg_engine|tilemap_ram:u_map_buffer|map_ram~1074     ; Stuck at GND due to stuck port data_in      ;
; bg_engine:u_bg_engine|tilemap_ram:u_map_buffer|map_ram~1082     ; Stuck at GND due to stuck port data_in      ;
; bg_engine:u_bg_engine|tilemap_ram:u_map_buffer|map_ram~1090     ; Stuck at GND due to stuck port data_in      ;
; bg_engine:u_bg_engine|tilemap_ram:u_map_buffer|map_ram~1098     ; Stuck at GND due to stuck port data_in      ;
; bg_engine:u_bg_engine|tilemap_ram:u_map_buffer|map_ram~1106     ; Stuck at GND due to stuck port data_in      ;
; bg_engine:u_bg_engine|tilemap_ram:u_map_buffer|map_ram~1114     ; Stuck at GND due to stuck port data_in      ;
; bg_engine:u_bg_engine|tilemap_ram:u_map_buffer|map_ram~1122     ; Stuck at GND due to stuck port data_in      ;
; bg_engine:u_bg_engine|tilemap_ram:u_map_buffer|map_ram~1130     ; Stuck at GND due to stuck port data_in      ;
; bg_engine:u_bg_engine|tilemap_ram:u_map_buffer|map_ram~1138     ; Stuck at GND due to stuck port data_in      ;
; bg_engine:u_bg_engine|tilemap_ram:u_map_buffer|map_ram~1146     ; Stuck at GND due to stuck port data_in      ;
; bg_engine:u_bg_engine|tilemap_ram:u_map_buffer|map_ram~1154     ; Stuck at GND due to stuck port data_in      ;
; bg_engine:u_bg_engine|tilemap_ram:u_map_buffer|map_ram~1162     ; Stuck at GND due to stuck port data_in      ;
; bg_engine:u_bg_engine|tilemap_ram:u_map_buffer|map_ram~1170     ; Stuck at GND due to stuck port data_in      ;
; bg_engine:u_bg_engine|tilemap_ram:u_map_buffer|map_ram~1178     ; Stuck at GND due to stuck port data_in      ;
; bg_engine:u_bg_engine|tilemap_ram:u_map_buffer|map_ram~1186     ; Stuck at GND due to stuck port data_in      ;
; bg_engine:u_bg_engine|tilemap_ram:u_map_buffer|map_ram~1194     ; Stuck at GND due to stuck port data_in      ;
; bg_engine:u_bg_engine|tilemap_ram:u_map_buffer|map_ram~1202     ; Stuck at GND due to stuck port data_in      ;
; bg_engine:u_bg_engine|tilemap_ram:u_map_buffer|map_ram~1210     ; Stuck at GND due to stuck port data_in      ;
; bg_engine:u_bg_engine|tilemap_ram:u_map_buffer|map_ram~1218     ; Stuck at GND due to stuck port data_in      ;
; bg_engine:u_bg_engine|tilemap_ram:u_map_buffer|map_ram~1226     ; Stuck at GND due to stuck port data_in      ;
; bg_engine:u_bg_engine|tilemap_ram:u_map_buffer|map_ram~1234     ; Stuck at GND due to stuck port data_in      ;
; bg_engine:u_bg_engine|tilemap_ram:u_map_buffer|map_ram~1242     ; Stuck at GND due to stuck port data_in      ;
; bg_engine:u_bg_engine|tilemap_ram:u_map_buffer|map_ram~1250     ; Stuck at GND due to stuck port data_in      ;
; bg_engine:u_bg_engine|tilemap_ram:u_map_buffer|map_ram~1258     ; Stuck at GND due to stuck port data_in      ;
; bg_engine:u_bg_engine|tilemap_ram:u_map_buffer|map_ram~1266     ; Stuck at GND due to stuck port data_in      ;
; bg_engine:u_bg_engine|tilemap_ram:u_map_buffer|map_ram~1274     ; Stuck at GND due to stuck port data_in      ;
; bg_engine:u_bg_engine|tilemap_ram:u_map_buffer|map_ram~1282     ; Stuck at GND due to stuck port data_in      ;
; bg_engine:u_bg_engine|tilemap_ram:u_map_buffer|map_ram~1290     ; Stuck at GND due to stuck port data_in      ;
; bg_engine:u_bg_engine|tilemap_ram:u_map_buffer|map_ram~1298     ; Stuck at GND due to stuck port data_in      ;
; bg_engine:u_bg_engine|tilemap_ram:u_map_buffer|map_ram~1306     ; Stuck at GND due to stuck port data_in      ;
; bg_engine:u_bg_engine|tilemap_ram:u_map_buffer|map_ram~1314     ; Stuck at GND due to stuck port data_in      ;
; bg_engine:u_bg_engine|tilemap_ram:u_map_buffer|map_ram~1322     ; Stuck at GND due to stuck port data_in      ;
; bg_engine:u_bg_engine|tilemap_ram:u_map_buffer|map_ram~1330     ; Stuck at GND due to stuck port data_in      ;
; bg_engine:u_bg_engine|tilemap_ram:u_map_buffer|map_ram~1338     ; Stuck at GND due to stuck port data_in      ;
; bg_engine:u_bg_engine|tilemap_ram:u_map_buffer|map_ram~1346     ; Stuck at GND due to stuck port data_in      ;
; bg_engine:u_bg_engine|tilemap_ram:u_map_buffer|map_ram~1354     ; Stuck at GND due to stuck port data_in      ;
; bg_engine:u_bg_engine|tilemap_ram:u_map_buffer|map_ram~1362     ; Stuck at GND due to stuck port data_in      ;
; bg_engine:u_bg_engine|tilemap_ram:u_map_buffer|map_ram~1370     ; Stuck at GND due to stuck port data_in      ;
; bg_engine:u_bg_engine|tilemap_ram:u_map_buffer|map_ram~1378     ; Stuck at GND due to stuck port data_in      ;
; bg_engine:u_bg_engine|tilemap_ram:u_map_buffer|map_ram~1386     ; Stuck at GND due to stuck port data_in      ;
; bg_engine:u_bg_engine|tilemap_ram:u_map_buffer|map_ram~1394     ; Stuck at GND due to stuck port data_in      ;
; bg_engine:u_bg_engine|tilemap_ram:u_map_buffer|map_ram~1402     ; Stuck at GND due to stuck port data_in      ;
; bg_engine:u_bg_engine|tilemap_ram:u_map_buffer|map_ram~1410     ; Stuck at GND due to stuck port data_in      ;
; bg_engine:u_bg_engine|tilemap_ram:u_map_buffer|map_ram~1418     ; Stuck at GND due to stuck port data_in      ;
; bg_engine:u_bg_engine|tilemap_ram:u_map_buffer|map_ram~1426     ; Stuck at GND due to stuck port data_in      ;
; bg_engine:u_bg_engine|tilemap_ram:u_map_buffer|map_ram~1434     ; Stuck at GND due to stuck port data_in      ;
; bg_engine:u_bg_engine|tilemap_ram:u_map_buffer|map_ram~1442     ; Stuck at GND due to stuck port data_in      ;
; bg_engine:u_bg_engine|tilemap_ram:u_map_buffer|map_ram~1450     ; Stuck at GND due to stuck port data_in      ;
; bg_engine:u_bg_engine|tilemap_ram:u_map_buffer|map_ram~1458     ; Stuck at GND due to stuck port data_in      ;
; bg_engine:u_bg_engine|tilemap_ram:u_map_buffer|map_ram~1466     ; Stuck at GND due to stuck port data_in      ;
; bg_engine:u_bg_engine|tilemap_ram:u_map_buffer|map_ram~1474     ; Stuck at GND due to stuck port data_in      ;
; bg_engine:u_bg_engine|tilemap_ram:u_map_buffer|map_ram~1482     ; Stuck at GND due to stuck port data_in      ;
; bg_engine:u_bg_engine|tilemap_ram:u_map_buffer|map_ram~1490     ; Stuck at GND due to stuck port data_in      ;
; bg_engine:u_bg_engine|tilemap_ram:u_map_buffer|map_ram~1498     ; Stuck at GND due to stuck port data_in      ;
; bg_engine:u_bg_engine|tilemap_ram:u_map_buffer|map_ram~1506     ; Stuck at GND due to stuck port data_in      ;
; bg_engine:u_bg_engine|tilemap_ram:u_map_buffer|map_ram~1514     ; Stuck at GND due to stuck port data_in      ;
; bg_engine:u_bg_engine|tilemap_ram:u_map_buffer|map_ram~1522     ; Stuck at GND due to stuck port data_in      ;
; bg_engine:u_bg_engine|tilemap_ram:u_map_buffer|map_ram~1530     ; Stuck at GND due to stuck port data_in      ;
; bg_engine:u_bg_engine|tilemap_ram:u_map_buffer|map_ram~1538     ; Stuck at GND due to stuck port data_in      ;
; bg_engine:u_bg_engine|tilemap_ram:u_map_buffer|map_ram~1546     ; Stuck at GND due to stuck port data_in      ;
; bg_engine:u_bg_engine|tilemap_ram:u_map_buffer|map_ram~1554     ; Stuck at GND due to stuck port data_in      ;
; bg_engine:u_bg_engine|tilemap_ram:u_map_buffer|map_ram~1562     ; Stuck at GND due to stuck port data_in      ;
; bg_engine:u_bg_engine|tilemap_ram:u_map_buffer|map_ram~1570     ; Stuck at GND due to stuck port data_in      ;
; bg_engine:u_bg_engine|tilemap_ram:u_map_buffer|map_ram~1578     ; Stuck at GND due to stuck port data_in      ;
; bg_engine:u_bg_engine|tilemap_ram:u_map_buffer|map_ram~1586     ; Stuck at GND due to stuck port data_in      ;
; bg_engine:u_bg_engine|tilemap_ram:u_map_buffer|map_ram~1594     ; Stuck at GND due to stuck port data_in      ;
; bg_engine:u_bg_engine|tilemap_ram:u_map_buffer|map_ram~1602     ; Stuck at GND due to stuck port data_in      ;
; bg_engine:u_bg_engine|tilemap_ram:u_map_buffer|map_ram~1610     ; Stuck at GND due to stuck port data_in      ;
; bg_engine:u_bg_engine|tilemap_ram:u_map_buffer|map_ram~1618     ; Stuck at GND due to stuck port data_in      ;
; bg_engine:u_bg_engine|tilemap_ram:u_map_buffer|map_ram~1626     ; Stuck at GND due to stuck port data_in      ;
; bg_engine:u_bg_engine|tilemap_ram:u_map_buffer|map_ram~1634     ; Stuck at GND due to stuck port data_in      ;
; bg_engine:u_bg_engine|tilemap_ram:u_map_buffer|map_ram~1642     ; Stuck at GND due to stuck port data_in      ;
; bg_engine:u_bg_engine|tilemap_ram:u_map_buffer|map_ram~1650     ; Stuck at GND due to stuck port data_in      ;
; bg_engine:u_bg_engine|tilemap_ram:u_map_buffer|map_ram~1658     ; Stuck at GND due to stuck port data_in      ;
; bg_engine:u_bg_engine|tilemap_ram:u_map_buffer|map_ram~1666     ; Stuck at GND due to stuck port data_in      ;
; bg_engine:u_bg_engine|tilemap_ram:u_map_buffer|map_ram~1674     ; Stuck at GND due to stuck port data_in      ;
; bg_engine:u_bg_engine|tilemap_ram:u_map_buffer|map_ram~1682     ; Stuck at GND due to stuck port data_in      ;
; bg_engine:u_bg_engine|tilemap_ram:u_map_buffer|map_ram~1690     ; Stuck at GND due to stuck port data_in      ;
; bg_engine:u_bg_engine|tilemap_ram:u_map_buffer|map_ram~1698     ; Stuck at GND due to stuck port data_in      ;
; bg_engine:u_bg_engine|tilemap_ram:u_map_buffer|map_ram~1706     ; Stuck at GND due to stuck port data_in      ;
; bg_engine:u_bg_engine|tilemap_ram:u_map_buffer|map_ram~1714     ; Stuck at GND due to stuck port data_in      ;
; bg_engine:u_bg_engine|tilemap_ram:u_map_buffer|map_ram~1722     ; Stuck at GND due to stuck port data_in      ;
; bg_engine:u_bg_engine|tilemap_ram:u_map_buffer|map_ram~1730     ; Stuck at GND due to stuck port data_in      ;
; bg_engine:u_bg_engine|tilemap_ram:u_map_buffer|map_ram~1738     ; Stuck at GND due to stuck port data_in      ;
; bg_engine:u_bg_engine|tilemap_ram:u_map_buffer|map_ram~1746     ; Stuck at GND due to stuck port data_in      ;
; bg_engine:u_bg_engine|tilemap_ram:u_map_buffer|map_ram~1754     ; Stuck at GND due to stuck port data_in      ;
; bg_engine:u_bg_engine|tilemap_ram:u_map_buffer|map_ram~1762     ; Stuck at GND due to stuck port data_in      ;
; bg_engine:u_bg_engine|tilemap_ram:u_map_buffer|map_ram~1770     ; Stuck at GND due to stuck port data_in      ;
; bg_engine:u_bg_engine|tilemap_ram:u_map_buffer|map_ram~1778     ; Stuck at GND due to stuck port data_in      ;
; bg_engine:u_bg_engine|tilemap_ram:u_map_buffer|map_ram~1786     ; Stuck at GND due to stuck port data_in      ;
; bg_engine:u_bg_engine|tilemap_ram:u_map_buffer|map_ram~1794     ; Stuck at GND due to stuck port data_in      ;
; bg_engine:u_bg_engine|tilemap_ram:u_map_buffer|map_ram~1802     ; Stuck at GND due to stuck port data_in      ;
; bg_engine:u_bg_engine|tilemap_ram:u_map_buffer|map_ram~1810     ; Stuck at GND due to stuck port data_in      ;
; bg_engine:u_bg_engine|tilemap_ram:u_map_buffer|map_ram~1818     ; Stuck at GND due to stuck port data_in      ;
; bg_engine:u_bg_engine|tilemap_ram:u_map_buffer|map_ram~1826     ; Stuck at GND due to stuck port data_in      ;
; bg_engine:u_bg_engine|tilemap_ram:u_map_buffer|map_ram~1834     ; Stuck at GND due to stuck port data_in      ;
; bg_engine:u_bg_engine|tilemap_ram:u_map_buffer|map_ram~1842     ; Stuck at GND due to stuck port data_in      ;
; bg_engine:u_bg_engine|tilemap_ram:u_map_buffer|map_ram~1850     ; Stuck at GND due to stuck port data_in      ;
; bg_engine:u_bg_engine|tilemap_ram:u_map_buffer|map_ram~1858     ; Stuck at GND due to stuck port data_in      ;
; bg_engine:u_bg_engine|tilemap_ram:u_map_buffer|map_ram~1866     ; Stuck at GND due to stuck port data_in      ;
; bg_engine:u_bg_engine|tilemap_ram:u_map_buffer|map_ram~1874     ; Stuck at GND due to stuck port data_in      ;
; bg_engine:u_bg_engine|tilemap_ram:u_map_buffer|map_ram~1882     ; Stuck at GND due to stuck port data_in      ;
; bg_engine:u_bg_engine|tilemap_ram:u_map_buffer|map_ram~1890     ; Stuck at GND due to stuck port data_in      ;
; bg_engine:u_bg_engine|tilemap_ram:u_map_buffer|map_ram~1898     ; Stuck at GND due to stuck port data_in      ;
; bg_engine:u_bg_engine|tilemap_ram:u_map_buffer|map_ram~1906     ; Stuck at GND due to stuck port data_in      ;
; bg_engine:u_bg_engine|tilemap_ram:u_map_buffer|map_ram~1914     ; Stuck at GND due to stuck port data_in      ;
; bg_engine:u_bg_engine|tilemap_ram:u_map_buffer|map_ram~1922     ; Stuck at GND due to stuck port data_in      ;
; bg_engine:u_bg_engine|tilemap_ram:u_map_buffer|map_ram~1930     ; Stuck at GND due to stuck port data_in      ;
; bg_engine:u_bg_engine|tilemap_ram:u_map_buffer|map_ram~1938     ; Stuck at GND due to stuck port data_in      ;
; bg_engine:u_bg_engine|tilemap_ram:u_map_buffer|map_ram~1946     ; Stuck at GND due to stuck port data_in      ;
; bg_engine:u_bg_engine|tilemap_ram:u_map_buffer|map_ram~1954     ; Stuck at GND due to stuck port data_in      ;
; bg_engine:u_bg_engine|tilemap_ram:u_map_buffer|map_ram~1962     ; Stuck at GND due to stuck port data_in      ;
; bg_engine:u_bg_engine|tilemap_ram:u_map_buffer|map_ram~1970     ; Stuck at GND due to stuck port data_in      ;
; bg_engine:u_bg_engine|tilemap_ram:u_map_buffer|map_ram~1978     ; Stuck at GND due to stuck port data_in      ;
; bg_engine:u_bg_engine|tilemap_ram:u_map_buffer|map_ram~1986     ; Stuck at GND due to stuck port data_in      ;
; bg_engine:u_bg_engine|tilemap_ram:u_map_buffer|map_ram~1994     ; Stuck at GND due to stuck port data_in      ;
; bg_engine:u_bg_engine|tilemap_ram:u_map_buffer|map_ram~2002     ; Stuck at GND due to stuck port data_in      ;
; bg_engine:u_bg_engine|tilemap_ram:u_map_buffer|map_ram~2010     ; Stuck at GND due to stuck port data_in      ;
; bg_engine:u_bg_engine|tilemap_ram:u_map_buffer|map_ram~2018     ; Stuck at GND due to stuck port data_in      ;
; bg_engine:u_bg_engine|tilemap_ram:u_map_buffer|map_ram~2026     ; Stuck at GND due to stuck port data_in      ;
; bg_engine:u_bg_engine|tilemap_ram:u_map_buffer|map_ram~2034     ; Stuck at GND due to stuck port data_in      ;
; bg_engine:u_bg_engine|tilemap_ram:u_map_buffer|map_ram~2042     ; Stuck at GND due to stuck port data_in      ;
; bg_engine:u_bg_engine|tilemap_ram:u_map_buffer|map_ram~2050     ; Stuck at GND due to stuck port data_in      ;
; bg_engine:u_bg_engine|tilemap_ram:u_map_buffer|map_ram~2058     ; Stuck at GND due to stuck port data_in      ;
; bg_engine:u_bg_engine|tilemap_ram:u_map_buffer|map_ram~2066     ; Stuck at GND due to stuck port data_in      ;
; bg_engine:u_bg_engine|tilemap_ram:u_map_buffer|map_ram~2074     ; Stuck at GND due to stuck port data_in      ;
; bg_engine:u_bg_engine|tilemap_ram:u_map_buffer|map_ram~2082     ; Stuck at GND due to stuck port data_in      ;
; bg_engine:u_bg_engine|tilemap_ram:u_map_buffer|map_ram~2090     ; Stuck at GND due to stuck port data_in      ;
; bg_engine:u_bg_engine|tilemap_ram:u_map_buffer|map_ram~2098     ; Stuck at GND due to stuck port data_in      ;
; bg_engine:u_bg_engine|tilemap_ram:u_map_buffer|map_ram~2106     ; Stuck at GND due to stuck port data_in      ;
; bg_engine:u_bg_engine|tilemap_ram:u_map_buffer|map_ram~2114     ; Stuck at GND due to stuck port data_in      ;
; bg_engine:u_bg_engine|tilemap_ram:u_map_buffer|map_ram~2122     ; Stuck at GND due to stuck port data_in      ;
; bg_engine:u_bg_engine|tilemap_ram:u_map_buffer|map_ram~2130     ; Stuck at GND due to stuck port data_in      ;
; bg_engine:u_bg_engine|tilemap_ram:u_map_buffer|map_ram~2138     ; Stuck at GND due to stuck port data_in      ;
; bg_engine:u_bg_engine|tilemap_ram:u_map_buffer|map_ram~2146     ; Stuck at GND due to stuck port data_in      ;
; bg_engine:u_bg_engine|tilemap_ram:u_map_buffer|map_ram~2154     ; Stuck at GND due to stuck port data_in      ;
; bg_engine:u_bg_engine|tilemap_ram:u_map_buffer|map_ram~2162     ; Stuck at GND due to stuck port data_in      ;
; bg_engine:u_bg_engine|tilemap_ram:u_map_buffer|map_ram~2170     ; Stuck at GND due to stuck port data_in      ;
; bg_engine:u_bg_engine|tilemap_ram:u_map_buffer|map_ram~2178     ; Stuck at GND due to stuck port data_in      ;
; bg_engine:u_bg_engine|tilemap_ram:u_map_buffer|map_ram~2186     ; Stuck at GND due to stuck port data_in      ;
; bg_engine:u_bg_engine|tilemap_ram:u_map_buffer|map_ram~2194     ; Stuck at GND due to stuck port data_in      ;
; bg_engine:u_bg_engine|tilemap_ram:u_map_buffer|map_ram~2202     ; Stuck at GND due to stuck port data_in      ;
; bg_engine:u_bg_engine|tilemap_ram:u_map_buffer|map_ram~2210     ; Stuck at GND due to stuck port data_in      ;
; bg_engine:u_bg_engine|tilemap_ram:u_map_buffer|map_ram~2218     ; Stuck at GND due to stuck port data_in      ;
; bg_engine:u_bg_engine|tilemap_ram:u_map_buffer|map_ram~2226     ; Stuck at GND due to stuck port data_in      ;
; bg_engine:u_bg_engine|tilemap_ram:u_map_buffer|map_ram~2234     ; Stuck at GND due to stuck port data_in      ;
; bg_engine:u_bg_engine|tilemap_ram:u_map_buffer|map_ram~2242     ; Stuck at GND due to stuck port data_in      ;
; bg_engine:u_bg_engine|tilemap_ram:u_map_buffer|map_ram~2250     ; Stuck at GND due to stuck port data_in      ;
; bg_engine:u_bg_engine|tilemap_ram:u_map_buffer|map_ram~2258     ; Stuck at GND due to stuck port data_in      ;
; bg_engine:u_bg_engine|tilemap_ram:u_map_buffer|map_ram~2266     ; Stuck at GND due to stuck port data_in      ;
; bg_engine:u_bg_engine|tilemap_ram:u_map_buffer|map_ram~2274     ; Stuck at GND due to stuck port data_in      ;
; bg_engine:u_bg_engine|tilemap_ram:u_map_buffer|map_ram~2282     ; Stuck at GND due to stuck port data_in      ;
; bg_engine:u_bg_engine|tilemap_ram:u_map_buffer|map_ram~2290     ; Stuck at GND due to stuck port data_in      ;
; bg_engine:u_bg_engine|tilemap_ram:u_map_buffer|map_ram~2298     ; Stuck at GND due to stuck port data_in      ;
; bg_engine:u_bg_engine|tilemap_ram:u_map_buffer|map_ram~2306     ; Stuck at GND due to stuck port data_in      ;
; bg_engine:u_bg_engine|tilemap_ram:u_map_buffer|map_ram~2314     ; Stuck at GND due to stuck port data_in      ;
; bg_engine:u_bg_engine|tilemap_ram:u_map_buffer|map_ram~2322     ; Stuck at GND due to stuck port data_in      ;
; bg_engine:u_bg_engine|tilemap_ram:u_map_buffer|map_ram~2330     ; Stuck at GND due to stuck port data_in      ;
; bg_engine:u_bg_engine|tilemap_ram:u_map_buffer|map_ram~2338     ; Stuck at GND due to stuck port data_in      ;
; bg_engine:u_bg_engine|tilemap_ram:u_map_buffer|map_ram~2346     ; Stuck at GND due to stuck port data_in      ;
; bg_engine:u_bg_engine|tilemap_ram:u_map_buffer|map_ram~2354     ; Stuck at GND due to stuck port data_in      ;
; bg_engine:u_bg_engine|tilemap_ram:u_map_buffer|map_ram~2362     ; Stuck at GND due to stuck port data_in      ;
; bg_engine:u_bg_engine|tilemap_ram:u_map_buffer|map_ram~2370     ; Stuck at GND due to stuck port data_in      ;
; bg_engine:u_bg_engine|tilemap_ram:u_map_buffer|map_ram~2378     ; Stuck at GND due to stuck port data_in      ;
; bg_engine:u_bg_engine|tilemap_ram:u_map_buffer|map_ram~2386     ; Stuck at GND due to stuck port data_in      ;
; bg_engine:u_bg_engine|tilemap_ram:u_map_buffer|map_ram~2394     ; Stuck at GND due to stuck port data_in      ;
; bg_engine:u_bg_engine|tilemap_ram:u_map_buffer|map_ram~2402     ; Stuck at GND due to stuck port data_in      ;
; bg_engine:u_bg_engine|tilemap_ram:u_map_buffer|map_ram~2410     ; Stuck at GND due to stuck port data_in      ;
; bg_engine:u_bg_engine|tilemap_ram:u_map_buffer|map_ram~2418     ; Stuck at GND due to stuck port data_in      ;
; bg_engine:u_bg_engine|tilemap_ram:u_map_buffer|map_ram~2426     ; Stuck at GND due to stuck port data_in      ;
; bg_engine:u_bg_engine|tilemap_ram:u_map_buffer|map_ram~2434     ; Stuck at GND due to stuck port data_in      ;
; bg_engine:u_bg_engine|tilemap_ram:u_map_buffer|map_ram~2442     ; Stuck at GND due to stuck port data_in      ;
; bg_engine:u_bg_engine|tilemap_ram:u_map_buffer|map_ram~2450     ; Stuck at GND due to stuck port data_in      ;
; bg_engine:u_bg_engine|tilemap_ram:u_map_buffer|map_ram~2458     ; Stuck at GND due to stuck port data_in      ;
; bg_engine:u_bg_engine|tilemap_ram:u_map_buffer|map_ram~2466     ; Stuck at GND due to stuck port data_in      ;
; bg_engine:u_bg_engine|tilemap_ram:u_map_buffer|map_ram~2474     ; Stuck at GND due to stuck port data_in      ;
; bg_engine:u_bg_engine|tilemap_ram:u_map_buffer|map_ram~2482     ; Stuck at GND due to stuck port data_in      ;
; bg_engine:u_bg_engine|tilemap_ram:u_map_buffer|map_ram~2490     ; Stuck at GND due to stuck port data_in      ;
; bg_engine:u_bg_engine|tilemap_ram:u_map_buffer|map_ram~2498     ; Stuck at GND due to stuck port data_in      ;
; bg_engine:u_bg_engine|tilemap_ram:u_map_buffer|map_ram~2506     ; Stuck at GND due to stuck port data_in      ;
; bg_engine:u_bg_engine|tilemap_ram:u_map_buffer|map_ram~2514     ; Stuck at GND due to stuck port data_in      ;
; bg_engine:u_bg_engine|tilemap_ram:u_map_buffer|map_ram~2522     ; Stuck at GND due to stuck port data_in      ;
; bg_engine:u_bg_engine|tilemap_ram:u_map_buffer|map_ram~2530     ; Stuck at GND due to stuck port data_in      ;
; bg_engine:u_bg_engine|tilemap_ram:u_map_buffer|map_ram~2538     ; Stuck at GND due to stuck port data_in      ;
; bg_engine:u_bg_engine|tilemap_ram:u_map_buffer|map_ram~2546     ; Stuck at GND due to stuck port data_in      ;
; bg_engine:u_bg_engine|tilemap_ram:u_map_buffer|map_ram~2554     ; Stuck at GND due to stuck port data_in      ;
; bg_engine:u_bg_engine|tilemap_ram:u_map_buffer|map_ram~2562     ; Stuck at GND due to stuck port data_in      ;
; bg_engine:u_bg_engine|tilemap_ram:u_map_buffer|map_ram~2570     ; Stuck at GND due to stuck port data_in      ;
; bg_engine:u_bg_engine|tilemap_ram:u_map_buffer|map_ram~2578     ; Stuck at GND due to stuck port data_in      ;
; bg_engine:u_bg_engine|tilemap_ram:u_map_buffer|map_ram~2586     ; Stuck at GND due to stuck port data_in      ;
; bg_engine:u_bg_engine|tilemap_ram:u_map_buffer|map_ram~2594     ; Stuck at GND due to stuck port data_in      ;
; bg_engine:u_bg_engine|tilemap_ram:u_map_buffer|map_ram~2602     ; Stuck at GND due to stuck port data_in      ;
; bg_engine:u_bg_engine|tilemap_ram:u_map_buffer|map_ram~2610     ; Stuck at GND due to stuck port data_in      ;
; bg_engine:u_bg_engine|tilemap_ram:u_map_buffer|map_ram~2618     ; Stuck at GND due to stuck port data_in      ;
; bg_engine:u_bg_engine|tilemap_ram:u_map_buffer|map_ram~2626     ; Stuck at GND due to stuck port data_in      ;
; bg_engine:u_bg_engine|tilemap_ram:u_map_buffer|map_ram~2634     ; Stuck at GND due to stuck port data_in      ;
; bg_engine:u_bg_engine|tilemap_ram:u_map_buffer|map_ram~2642     ; Stuck at GND due to stuck port data_in      ;
; bg_engine:u_bg_engine|tilemap_ram:u_map_buffer|map_ram~2650     ; Stuck at GND due to stuck port data_in      ;
; bg_engine:u_bg_engine|tilemap_ram:u_map_buffer|map_ram~2658     ; Stuck at GND due to stuck port data_in      ;
; bg_engine:u_bg_engine|tilemap_ram:u_map_buffer|map_ram~2666     ; Stuck at GND due to stuck port data_in      ;
; bg_engine:u_bg_engine|tilemap_ram:u_map_buffer|map_ram~2674     ; Stuck at GND due to stuck port data_in      ;
; bg_engine:u_bg_engine|tilemap_ram:u_map_buffer|map_ram~2682     ; Stuck at GND due to stuck port data_in      ;
; bg_engine:u_bg_engine|tilemap_ram:u_map_buffer|map_ram~2690     ; Stuck at GND due to stuck port data_in      ;
; bg_engine:u_bg_engine|tilemap_ram:u_map_buffer|map_ram~2698     ; Stuck at GND due to stuck port data_in      ;
; bg_engine:u_bg_engine|tilemap_ram:u_map_buffer|map_ram~2706     ; Stuck at GND due to stuck port data_in      ;
; bg_engine:u_bg_engine|tilemap_ram:u_map_buffer|map_ram~2714     ; Stuck at GND due to stuck port data_in      ;
; bg_engine:u_bg_engine|tilemap_ram:u_map_buffer|map_ram~2722     ; Stuck at GND due to stuck port data_in      ;
; bg_engine:u_bg_engine|tilemap_ram:u_map_buffer|map_ram~2730     ; Stuck at GND due to stuck port data_in      ;
; bg_engine:u_bg_engine|tilemap_ram:u_map_buffer|map_ram~2738     ; Stuck at GND due to stuck port data_in      ;
; bg_engine:u_bg_engine|tilemap_ram:u_map_buffer|map_ram~2746     ; Stuck at GND due to stuck port data_in      ;
; bg_engine:u_bg_engine|tilemap_ram:u_map_buffer|map_ram~2754     ; Stuck at GND due to stuck port data_in      ;
; bg_engine:u_bg_engine|tilemap_ram:u_map_buffer|map_ram~2762     ; Stuck at GND due to stuck port data_in      ;
; bg_engine:u_bg_engine|tilemap_ram:u_map_buffer|map_ram~2770     ; Stuck at GND due to stuck port data_in      ;
; bg_engine:u_bg_engine|tilemap_ram:u_map_buffer|map_ram~2778     ; Stuck at GND due to stuck port data_in      ;
; bg_engine:u_bg_engine|tilemap_ram:u_map_buffer|map_ram~2786     ; Stuck at GND due to stuck port data_in      ;
; bg_engine:u_bg_engine|tilemap_ram:u_map_buffer|map_ram~2794     ; Stuck at GND due to stuck port data_in      ;
; bg_engine:u_bg_engine|tilemap_ram:u_map_buffer|map_ram~2802     ; Stuck at GND due to stuck port data_in      ;
; bg_engine:u_bg_engine|tilemap_ram:u_map_buffer|map_ram~2810     ; Stuck at GND due to stuck port data_in      ;
; bg_engine:u_bg_engine|tilemap_ram:u_map_buffer|map_ram~2818     ; Stuck at GND due to stuck port data_in      ;
; bg_engine:u_bg_engine|tilemap_ram:u_map_buffer|map_ram~2826     ; Stuck at GND due to stuck port data_in      ;
; bg_engine:u_bg_engine|tilemap_ram:u_map_buffer|map_ram~2834     ; Stuck at GND due to stuck port data_in      ;
; bg_engine:u_bg_engine|tilemap_ram:u_map_buffer|map_ram~2842     ; Stuck at GND due to stuck port data_in      ;
; bg_engine:u_bg_engine|tilemap_ram:u_map_buffer|map_ram~2850     ; Stuck at GND due to stuck port data_in      ;
; bg_engine:u_bg_engine|tilemap_ram:u_map_buffer|map_ram~2858     ; Stuck at GND due to stuck port data_in      ;
; bg_engine:u_bg_engine|tilemap_ram:u_map_buffer|map_ram~2866     ; Stuck at GND due to stuck port data_in      ;
; bg_engine:u_bg_engine|tilemap_ram:u_map_buffer|map_ram~2874     ; Stuck at GND due to stuck port data_in      ;
; bg_engine:u_bg_engine|tilemap_ram:u_map_buffer|map_ram~2882     ; Stuck at GND due to stuck port data_in      ;
; bg_engine:u_bg_engine|tilemap_ram:u_map_buffer|map_ram~2890     ; Stuck at GND due to stuck port data_in      ;
; bg_engine:u_bg_engine|tilemap_ram:u_map_buffer|map_ram~2898     ; Stuck at GND due to stuck port data_in      ;
; bg_engine:u_bg_engine|tilemap_ram:u_map_buffer|map_ram~2906     ; Stuck at GND due to stuck port data_in      ;
; bg_engine:u_bg_engine|tilemap_ram:u_map_buffer|map_ram~2914     ; Stuck at GND due to stuck port data_in      ;
; bg_engine:u_bg_engine|tilemap_ram:u_map_buffer|map_ram~2922     ; Stuck at GND due to stuck port data_in      ;
; bg_engine:u_bg_engine|tilemap_ram:u_map_buffer|map_ram~2930     ; Stuck at GND due to stuck port data_in      ;
; bg_engine:u_bg_engine|tilemap_ram:u_map_buffer|map_ram~2938     ; Stuck at GND due to stuck port data_in      ;
; bg_engine:u_bg_engine|tilemap_ram:u_map_buffer|map_ram~2946     ; Stuck at GND due to stuck port data_in      ;
; bg_engine:u_bg_engine|tilemap_ram:u_map_buffer|map_ram~2954     ; Stuck at GND due to stuck port data_in      ;
; bg_engine:u_bg_engine|tilemap_ram:u_map_buffer|map_ram~2962     ; Stuck at GND due to stuck port data_in      ;
; bg_engine:u_bg_engine|tilemap_ram:u_map_buffer|map_ram~2970     ; Stuck at GND due to stuck port data_in      ;
; bg_engine:u_bg_engine|tilemap_ram:u_map_buffer|map_ram~2978     ; Stuck at GND due to stuck port data_in      ;
; bg_engine:u_bg_engine|tilemap_ram:u_map_buffer|map_ram~2986     ; Stuck at GND due to stuck port data_in      ;
; bg_engine:u_bg_engine|tilemap_ram:u_map_buffer|map_ram~2994     ; Stuck at GND due to stuck port data_in      ;
; bg_engine:u_bg_engine|tilemap_ram:u_map_buffer|map_ram~3002     ; Stuck at GND due to stuck port data_in      ;
; bg_engine:u_bg_engine|tilemap_ram:u_map_buffer|map_ram~3010     ; Stuck at GND due to stuck port data_in      ;
; bg_engine:u_bg_engine|tilemap_ram:u_map_buffer|map_ram~3018     ; Stuck at GND due to stuck port data_in      ;
; bg_engine:u_bg_engine|tilemap_ram:u_map_buffer|map_ram~3026     ; Stuck at GND due to stuck port data_in      ;
; bg_engine:u_bg_engine|tilemap_ram:u_map_buffer|map_ram~3034     ; Stuck at GND due to stuck port data_in      ;
; bg_engine:u_bg_engine|tilemap_ram:u_map_buffer|map_ram~3042     ; Stuck at GND due to stuck port data_in      ;
; bg_engine:u_bg_engine|tilemap_ram:u_map_buffer|map_ram~3050     ; Stuck at GND due to stuck port data_in      ;
; bg_engine:u_bg_engine|tilemap_ram:u_map_buffer|map_ram~3058     ; Stuck at GND due to stuck port data_in      ;
; bg_engine:u_bg_engine|tilemap_ram:u_map_buffer|map_ram~3066     ; Stuck at GND due to stuck port data_in      ;
; bg_engine:u_bg_engine|tilemap_ram:u_map_buffer|map_ram~3074     ; Stuck at GND due to stuck port data_in      ;
; bg_engine:u_bg_engine|tilemap_ram:u_map_buffer|map_ram~3082     ; Stuck at GND due to stuck port data_in      ;
; bg_engine:u_bg_engine|tilemap_ram:u_map_buffer|map_ram~3090     ; Stuck at GND due to stuck port data_in      ;
; bg_engine:u_bg_engine|tilemap_ram:u_map_buffer|map_ram~3098     ; Stuck at GND due to stuck port data_in      ;
; bg_engine:u_bg_engine|tilemap_ram:u_map_buffer|map_ram~3106     ; Stuck at GND due to stuck port data_in      ;
; bg_engine:u_bg_engine|tilemap_ram:u_map_buffer|map_ram~3114     ; Stuck at GND due to stuck port data_in      ;
; bg_engine:u_bg_engine|tilemap_ram:u_map_buffer|map_ram~3122     ; Stuck at GND due to stuck port data_in      ;
; bg_engine:u_bg_engine|tilemap_ram:u_map_buffer|map_ram~3130     ; Stuck at GND due to stuck port data_in      ;
; bg_engine:u_bg_engine|tilemap_ram:u_map_buffer|map_ram~3138     ; Stuck at GND due to stuck port data_in      ;
; bg_engine:u_bg_engine|tilemap_ram:u_map_buffer|map_ram~3146     ; Stuck at GND due to stuck port data_in      ;
; bg_engine:u_bg_engine|tilemap_ram:u_map_buffer|map_ram~3154     ; Stuck at GND due to stuck port data_in      ;
; bg_engine:u_bg_engine|tilemap_ram:u_map_buffer|map_ram~3162     ; Stuck at GND due to stuck port data_in      ;
; bg_engine:u_bg_engine|tilemap_ram:u_map_buffer|map_ram~3170     ; Stuck at GND due to stuck port data_in      ;
; bg_engine:u_bg_engine|tilemap_ram:u_map_buffer|map_ram~3178     ; Stuck at GND due to stuck port data_in      ;
; bg_engine:u_bg_engine|tilemap_ram:u_map_buffer|map_ram~3186     ; Stuck at GND due to stuck port data_in      ;
; bg_engine:u_bg_engine|tilemap_ram:u_map_buffer|map_ram~3194     ; Stuck at GND due to stuck port data_in      ;
; bg_engine:u_bg_engine|tilemap_ram:u_map_buffer|map_ram~3202     ; Stuck at GND due to stuck port data_in      ;
; bg_engine:u_bg_engine|tilemap_ram:u_map_buffer|map_ram~3210     ; Stuck at GND due to stuck port data_in      ;
; bg_engine:u_bg_engine|tilemap_ram:u_map_buffer|map_ram~3218     ; Stuck at GND due to stuck port data_in      ;
; bg_engine:u_bg_engine|tilemap_ram:u_map_buffer|map_ram~3226     ; Stuck at GND due to stuck port data_in      ;
; bg_engine:u_bg_engine|tilemap_ram:u_map_buffer|map_ram~3234     ; Stuck at GND due to stuck port data_in      ;
; bg_engine:u_bg_engine|tilemap_ram:u_map_buffer|map_ram~3242     ; Stuck at GND due to stuck port data_in      ;
; bg_engine:u_bg_engine|tilemap_ram:u_map_buffer|map_ram~3250     ; Stuck at GND due to stuck port data_in      ;
; bg_engine:u_bg_engine|tilemap_ram:u_map_buffer|map_ram~3258     ; Stuck at GND due to stuck port data_in      ;
; bg_engine:u_bg_engine|tilemap_ram:u_map_buffer|map_ram~3266     ; Stuck at GND due to stuck port data_in      ;
; bg_engine:u_bg_engine|tilemap_ram:u_map_buffer|map_ram~3274     ; Stuck at GND due to stuck port data_in      ;
; bg_engine:u_bg_engine|tilemap_ram:u_map_buffer|map_ram~3282     ; Stuck at GND due to stuck port data_in      ;
; bg_engine:u_bg_engine|tilemap_ram:u_map_buffer|map_ram~3290     ; Stuck at GND due to stuck port data_in      ;
; bg_engine:u_bg_engine|tilemap_ram:u_map_buffer|map_ram~3298     ; Stuck at GND due to stuck port data_in      ;
; bg_engine:u_bg_engine|tilemap_ram:u_map_buffer|map_ram~3306     ; Stuck at GND due to stuck port data_in      ;
; bg_engine:u_bg_engine|tilemap_ram:u_map_buffer|map_ram~3314     ; Stuck at GND due to stuck port data_in      ;
; bg_engine:u_bg_engine|tilemap_ram:u_map_buffer|map_ram~3322     ; Stuck at GND due to stuck port data_in      ;
; bg_engine:u_bg_engine|tilemap_ram:u_map_buffer|map_ram~3330     ; Stuck at GND due to stuck port data_in      ;
; bg_engine:u_bg_engine|tilemap_ram:u_map_buffer|map_ram~3338     ; Stuck at GND due to stuck port data_in      ;
; bg_engine:u_bg_engine|tilemap_ram:u_map_buffer|map_ram~3346     ; Stuck at GND due to stuck port data_in      ;
; bg_engine:u_bg_engine|tilemap_ram:u_map_buffer|map_ram~3354     ; Stuck at GND due to stuck port data_in      ;
; bg_engine:u_bg_engine|tilemap_ram:u_map_buffer|map_ram~3362     ; Stuck at GND due to stuck port data_in      ;
; bg_engine:u_bg_engine|tilemap_ram:u_map_buffer|map_ram~3370     ; Stuck at GND due to stuck port data_in      ;
; bg_engine:u_bg_engine|tilemap_ram:u_map_buffer|map_ram~3378     ; Stuck at GND due to stuck port data_in      ;
; bg_engine:u_bg_engine|tilemap_ram:u_map_buffer|map_ram~3386     ; Stuck at GND due to stuck port data_in      ;
; bg_engine:u_bg_engine|tilemap_ram:u_map_buffer|map_ram~3394     ; Stuck at GND due to stuck port data_in      ;
; bg_engine:u_bg_engine|tilemap_ram:u_map_buffer|map_ram~3402     ; Stuck at GND due to stuck port data_in      ;
; bg_engine:u_bg_engine|tilemap_ram:u_map_buffer|map_ram~3410     ; Stuck at GND due to stuck port data_in      ;
; bg_engine:u_bg_engine|tilemap_ram:u_map_buffer|map_ram~3418     ; Stuck at GND due to stuck port data_in      ;
; bg_engine:u_bg_engine|tilemap_ram:u_map_buffer|map_ram~3426     ; Stuck at GND due to stuck port data_in      ;
; bg_engine:u_bg_engine|tilemap_ram:u_map_buffer|map_ram~3434     ; Stuck at GND due to stuck port data_in      ;
; bg_engine:u_bg_engine|tilemap_ram:u_map_buffer|map_ram~3442     ; Stuck at GND due to stuck port data_in      ;
; bg_engine:u_bg_engine|tilemap_ram:u_map_buffer|map_ram~3450     ; Stuck at GND due to stuck port data_in      ;
; bg_engine:u_bg_engine|tilemap_ram:u_map_buffer|map_ram~3458     ; Stuck at GND due to stuck port data_in      ;
; bg_engine:u_bg_engine|tilemap_ram:u_map_buffer|map_ram~3466     ; Stuck at GND due to stuck port data_in      ;
; bg_engine:u_bg_engine|tilemap_ram:u_map_buffer|map_ram~3474     ; Stuck at GND due to stuck port data_in      ;
; bg_engine:u_bg_engine|tilemap_ram:u_map_buffer|map_ram~3482     ; Stuck at GND due to stuck port data_in      ;
; bg_engine:u_bg_engine|tilemap_ram:u_map_buffer|map_ram~3490     ; Stuck at GND due to stuck port data_in      ;
; bg_engine:u_bg_engine|tilemap_ram:u_map_buffer|map_ram~3498     ; Stuck at GND due to stuck port data_in      ;
; bg_engine:u_bg_engine|tilemap_ram:u_map_buffer|map_ram~3506     ; Stuck at GND due to stuck port data_in      ;
; bg_engine:u_bg_engine|tilemap_ram:u_map_buffer|map_ram~3514     ; Stuck at GND due to stuck port data_in      ;
; bg_engine:u_bg_engine|tilemap_ram:u_map_buffer|map_ram~3522     ; Stuck at GND due to stuck port data_in      ;
; bg_engine:u_bg_engine|tilemap_ram:u_map_buffer|map_ram~3530     ; Stuck at GND due to stuck port data_in      ;
; bg_engine:u_bg_engine|tilemap_ram:u_map_buffer|map_ram~3538     ; Stuck at GND due to stuck port data_in      ;
; bg_engine:u_bg_engine|tilemap_ram:u_map_buffer|map_ram~3546     ; Stuck at GND due to stuck port data_in      ;
; bg_engine:u_bg_engine|tilemap_ram:u_map_buffer|map_ram~3554     ; Stuck at GND due to stuck port data_in      ;
; bg_engine:u_bg_engine|tilemap_ram:u_map_buffer|map_ram~3562     ; Stuck at GND due to stuck port data_in      ;
; bg_engine:u_bg_engine|tilemap_ram:u_map_buffer|map_ram~3570     ; Stuck at GND due to stuck port data_in      ;
; bg_engine:u_bg_engine|tilemap_ram:u_map_buffer|map_ram~3578     ; Stuck at GND due to stuck port data_in      ;
; bg_engine:u_bg_engine|tilemap_ram:u_map_buffer|map_ram~3586     ; Stuck at GND due to stuck port data_in      ;
; bg_engine:u_bg_engine|tilemap_ram:u_map_buffer|map_ram~3594     ; Stuck at GND due to stuck port data_in      ;
; bg_engine:u_bg_engine|tilemap_ram:u_map_buffer|map_ram~3602     ; Stuck at GND due to stuck port data_in      ;
; bg_engine:u_bg_engine|tilemap_ram:u_map_buffer|map_ram~3610     ; Stuck at GND due to stuck port data_in      ;
; bg_engine:u_bg_engine|tilemap_ram:u_map_buffer|map_ram~3618     ; Stuck at GND due to stuck port data_in      ;
; bg_engine:u_bg_engine|tilemap_ram:u_map_buffer|map_ram~3626     ; Stuck at GND due to stuck port data_in      ;
; bg_engine:u_bg_engine|tilemap_ram:u_map_buffer|map_ram~3634     ; Stuck at GND due to stuck port data_in      ;
; bg_engine:u_bg_engine|tilemap_ram:u_map_buffer|map_ram~3642     ; Stuck at GND due to stuck port data_in      ;
; bg_engine:u_bg_engine|tilemap_ram:u_map_buffer|map_ram~3650     ; Stuck at GND due to stuck port data_in      ;
; bg_engine:u_bg_engine|tilemap_ram:u_map_buffer|map_ram~3658     ; Stuck at GND due to stuck port data_in      ;
; bg_engine:u_bg_engine|tilemap_ram:u_map_buffer|map_ram~3666     ; Stuck at GND due to stuck port data_in      ;
; bg_engine:u_bg_engine|tilemap_ram:u_map_buffer|map_ram~3674     ; Stuck at GND due to stuck port data_in      ;
; bg_engine:u_bg_engine|tilemap_ram:u_map_buffer|map_ram~3682     ; Stuck at GND due to stuck port data_in      ;
; bg_engine:u_bg_engine|tilemap_ram:u_map_buffer|map_ram~3690     ; Stuck at GND due to stuck port data_in      ;
; bg_engine:u_bg_engine|tilemap_ram:u_map_buffer|map_ram~3698     ; Stuck at GND due to stuck port data_in      ;
; bg_engine:u_bg_engine|tilemap_ram:u_map_buffer|map_ram~3706     ; Stuck at GND due to stuck port data_in      ;
; bg_engine:u_bg_engine|tilemap_ram:u_map_buffer|map_ram~3714     ; Stuck at GND due to stuck port data_in      ;
; bg_engine:u_bg_engine|tilemap_ram:u_map_buffer|map_ram~3722     ; Stuck at GND due to stuck port data_in      ;
; bg_engine:u_bg_engine|tilemap_ram:u_map_buffer|map_ram~3730     ; Stuck at GND due to stuck port data_in      ;
; bg_engine:u_bg_engine|tilemap_ram:u_map_buffer|map_ram~3738     ; Stuck at GND due to stuck port data_in      ;
; bg_engine:u_bg_engine|tilemap_ram:u_map_buffer|map_ram~3746     ; Stuck at GND due to stuck port data_in      ;
; bg_engine:u_bg_engine|tilemap_ram:u_map_buffer|map_ram~3754     ; Stuck at GND due to stuck port data_in      ;
; bg_engine:u_bg_engine|tilemap_ram:u_map_buffer|map_ram~3762     ; Stuck at GND due to stuck port data_in      ;
; bg_engine:u_bg_engine|tilemap_ram:u_map_buffer|map_ram~3770     ; Stuck at GND due to stuck port data_in      ;
; bg_engine:u_bg_engine|tilemap_ram:u_map_buffer|map_ram~3778     ; Stuck at GND due to stuck port data_in      ;
; bg_engine:u_bg_engine|tilemap_ram:u_map_buffer|map_ram~3786     ; Stuck at GND due to stuck port data_in      ;
; bg_engine:u_bg_engine|tilemap_ram:u_map_buffer|map_ram~3794     ; Stuck at GND due to stuck port data_in      ;
; bg_engine:u_bg_engine|tilemap_ram:u_map_buffer|map_ram~3802     ; Stuck at GND due to stuck port data_in      ;
; bg_engine:u_bg_engine|tilemap_ram:u_map_buffer|map_ram~3810     ; Stuck at GND due to stuck port data_in      ;
; bg_engine:u_bg_engine|tilemap_ram:u_map_buffer|map_ram~3818     ; Stuck at GND due to stuck port data_in      ;
; bg_engine:u_bg_engine|tilemap_ram:u_map_buffer|map_ram~3826     ; Stuck at GND due to stuck port data_in      ;
; bg_engine:u_bg_engine|tilemap_ram:u_map_buffer|map_ram~3834     ; Stuck at GND due to stuck port data_in      ;
; bg_engine:u_bg_engine|tilemap_ram:u_map_buffer|map_ram~3842     ; Stuck at GND due to stuck port data_in      ;
; bg_engine:u_bg_engine|tilemap_ram:u_map_buffer|map_ram~3850     ; Stuck at GND due to stuck port data_in      ;
; bg_engine:u_bg_engine|tilemap_ram:u_map_buffer|map_ram~3858     ; Stuck at GND due to stuck port data_in      ;
; bg_engine:u_bg_engine|tilemap_ram:u_map_buffer|map_ram~3866     ; Stuck at GND due to stuck port data_in      ;
; bg_engine:u_bg_engine|tilemap_ram:u_map_buffer|map_ram~3874     ; Stuck at GND due to stuck port data_in      ;
; bg_engine:u_bg_engine|tilemap_ram:u_map_buffer|map_ram~3882     ; Stuck at GND due to stuck port data_in      ;
; bg_engine:u_bg_engine|tilemap_ram:u_map_buffer|map_ram~3890     ; Stuck at GND due to stuck port data_in      ;
; bg_engine:u_bg_engine|tilemap_ram:u_map_buffer|map_ram~3898     ; Stuck at GND due to stuck port data_in      ;
; bg_engine:u_bg_engine|tilemap_ram:u_map_buffer|map_ram~3906     ; Stuck at GND due to stuck port data_in      ;
; bg_engine:u_bg_engine|tilemap_ram:u_map_buffer|map_ram~3914     ; Stuck at GND due to stuck port data_in      ;
; bg_engine:u_bg_engine|tilemap_ram:u_map_buffer|map_ram~3922     ; Stuck at GND due to stuck port data_in      ;
; bg_engine:u_bg_engine|tilemap_ram:u_map_buffer|map_ram~3930     ; Stuck at GND due to stuck port data_in      ;
; bg_engine:u_bg_engine|tilemap_ram:u_map_buffer|map_ram~3938     ; Stuck at GND due to stuck port data_in      ;
; bg_engine:u_bg_engine|tilemap_ram:u_map_buffer|map_ram~3946     ; Stuck at GND due to stuck port data_in      ;
; bg_engine:u_bg_engine|tilemap_ram:u_map_buffer|map_ram~3954     ; Stuck at GND due to stuck port data_in      ;
; bg_engine:u_bg_engine|tilemap_ram:u_map_buffer|map_ram~3962     ; Stuck at GND due to stuck port data_in      ;
; bg_engine:u_bg_engine|tilemap_ram:u_map_buffer|map_ram~3970     ; Stuck at GND due to stuck port data_in      ;
; bg_engine:u_bg_engine|tilemap_ram:u_map_buffer|map_ram~3978     ; Stuck at GND due to stuck port data_in      ;
; bg_engine:u_bg_engine|tilemap_ram:u_map_buffer|map_ram~3986     ; Stuck at GND due to stuck port data_in      ;
; bg_engine:u_bg_engine|tilemap_ram:u_map_buffer|map_ram~3994     ; Stuck at GND due to stuck port data_in      ;
; bg_engine:u_bg_engine|tilemap_ram:u_map_buffer|map_ram~4002     ; Stuck at GND due to stuck port data_in      ;
; bg_engine:u_bg_engine|tilemap_ram:u_map_buffer|map_ram~4010     ; Stuck at GND due to stuck port data_in      ;
; bg_engine:u_bg_engine|tilemap_ram:u_map_buffer|map_ram~4018     ; Stuck at GND due to stuck port data_in      ;
; bg_engine:u_bg_engine|tilemap_ram:u_map_buffer|map_ram~4026     ; Stuck at GND due to stuck port data_in      ;
; bg_engine:u_bg_engine|tilemap_ram:u_map_buffer|map_ram~4034     ; Stuck at GND due to stuck port data_in      ;
; bg_engine:u_bg_engine|tilemap_ram:u_map_buffer|map_ram~4042     ; Stuck at GND due to stuck port data_in      ;
; bg_engine:u_bg_engine|tilemap_ram:u_map_buffer|map_ram~4050     ; Stuck at GND due to stuck port data_in      ;
; bg_engine:u_bg_engine|tilemap_ram:u_map_buffer|map_ram~4058     ; Stuck at GND due to stuck port data_in      ;
; bg_engine:u_bg_engine|tilemap_ram:u_map_buffer|map_ram~4066     ; Stuck at GND due to stuck port data_in      ;
; bg_engine:u_bg_engine|tilemap_ram:u_map_buffer|map_ram~4074     ; Stuck at GND due to stuck port data_in      ;
; bg_engine:u_bg_engine|tilemap_ram:u_map_buffer|map_ram~4082     ; Stuck at GND due to stuck port data_in      ;
; bg_engine:u_bg_engine|tilemap_ram:u_map_buffer|map_ram~4090     ; Stuck at GND due to stuck port data_in      ;
; bg_engine:u_bg_engine|tilemap_ram:u_map_buffer|map_ram~4098     ; Stuck at GND due to stuck port data_in      ;
; bg_engine:u_bg_engine|tilemap_ram:u_map_buffer|map_ram~4106     ; Stuck at GND due to stuck port data_in      ;
; bg_engine:u_bg_engine|tilemap_ram:u_map_buffer|map_ram~4114     ; Stuck at GND due to stuck port data_in      ;
; bg_engine:u_bg_engine|tilemap_ram:u_map_buffer|map_ram~4122     ; Stuck at GND due to stuck port data_in      ;
; bg_engine:u_bg_engine|tilemap_ram:u_map_buffer|map_ram~4130     ; Stuck at GND due to stuck port data_in      ;
; bg_engine:u_bg_engine|tilemap_ram:u_map_buffer|map_ram~4138     ; Stuck at GND due to stuck port data_in      ;
; bg_engine:u_bg_engine|tilemap_ram:u_map_buffer|map_ram~4146     ; Stuck at GND due to stuck port data_in      ;
; bg_engine:u_bg_engine|tilemap_ram:u_map_buffer|map_ram~4154     ; Stuck at GND due to stuck port data_in      ;
; bg_engine:u_bg_engine|tilemap_ram:u_map_buffer|map_ram~4162     ; Stuck at GND due to stuck port data_in      ;
; bg_engine:u_bg_engine|tilemap_ram:u_map_buffer|map_ram~4170     ; Stuck at GND due to stuck port data_in      ;
; bg_engine:u_bg_engine|tilemap_ram:u_map_buffer|map_ram~4178     ; Stuck at GND due to stuck port data_in      ;
; bg_engine:u_bg_engine|tilemap_ram:u_map_buffer|map_ram~4186     ; Stuck at GND due to stuck port data_in      ;
; bg_engine:u_bg_engine|tilemap_ram:u_map_buffer|map_ram~4194     ; Stuck at GND due to stuck port data_in      ;
; bg_engine:u_bg_engine|tilemap_ram:u_map_buffer|map_ram~4202     ; Stuck at GND due to stuck port data_in      ;
; bg_engine:u_bg_engine|tilemap_ram:u_map_buffer|map_ram~4210     ; Stuck at GND due to stuck port data_in      ;
; bg_engine:u_bg_engine|tilemap_ram:u_map_buffer|map_ram~4218     ; Stuck at GND due to stuck port data_in      ;
; bg_engine:u_bg_engine|tilemap_ram:u_map_buffer|map_ram~4226     ; Stuck at GND due to stuck port data_in      ;
; bg_engine:u_bg_engine|tilemap_ram:u_map_buffer|map_ram~4234     ; Stuck at GND due to stuck port data_in      ;
; bg_engine:u_bg_engine|tilemap_ram:u_map_buffer|map_ram~4242     ; Stuck at GND due to stuck port data_in      ;
; bg_engine:u_bg_engine|tilemap_ram:u_map_buffer|map_ram~4250     ; Stuck at GND due to stuck port data_in      ;
; bg_engine:u_bg_engine|tilemap_ram:u_map_buffer|map_ram~4258     ; Stuck at GND due to stuck port data_in      ;
; bg_engine:u_bg_engine|tilemap_ram:u_map_buffer|map_ram~4266     ; Stuck at GND due to stuck port data_in      ;
; bg_engine:u_bg_engine|tilemap_ram:u_map_buffer|map_ram~4274     ; Stuck at GND due to stuck port data_in      ;
; bg_engine:u_bg_engine|tilemap_ram:u_map_buffer|map_ram~4282     ; Stuck at GND due to stuck port data_in      ;
; bg_engine:u_bg_engine|tilemap_ram:u_map_buffer|map_ram~4290     ; Stuck at GND due to stuck port data_in      ;
; bg_engine:u_bg_engine|tilemap_ram:u_map_buffer|map_ram~4298     ; Stuck at GND due to stuck port data_in      ;
; bg_engine:u_bg_engine|tilemap_ram:u_map_buffer|map_ram~4306     ; Stuck at GND due to stuck port data_in      ;
; bg_engine:u_bg_engine|tilemap_ram:u_map_buffer|map_ram~4314     ; Stuck at GND due to stuck port data_in      ;
; bg_engine:u_bg_engine|tilemap_ram:u_map_buffer|map_ram~4322     ; Stuck at GND due to stuck port data_in      ;
; bg_engine:u_bg_engine|tilemap_ram:u_map_buffer|map_ram~4330     ; Stuck at GND due to stuck port data_in      ;
; bg_engine:u_bg_engine|tilemap_ram:u_map_buffer|map_ram~4338     ; Stuck at GND due to stuck port data_in      ;
; bg_engine:u_bg_engine|tilemap_ram:u_map_buffer|map_ram~4346     ; Stuck at GND due to stuck port data_in      ;
; bg_engine:u_bg_engine|tilemap_ram:u_map_buffer|map_ram~4354     ; Stuck at GND due to stuck port data_in      ;
; bg_engine:u_bg_engine|tilemap_ram:u_map_buffer|map_ram~4362     ; Stuck at GND due to stuck port data_in      ;
; bg_engine:u_bg_engine|tilemap_ram:u_map_buffer|map_ram~4370     ; Stuck at GND due to stuck port data_in      ;
; bg_engine:u_bg_engine|tilemap_ram:u_map_buffer|map_ram~4378     ; Stuck at GND due to stuck port data_in      ;
; bg_engine:u_bg_engine|tilemap_ram:u_map_buffer|map_ram~4386     ; Stuck at GND due to stuck port data_in      ;
; bg_engine:u_bg_engine|tilemap_ram:u_map_buffer|map_ram~4394     ; Stuck at GND due to stuck port data_in      ;
; bg_engine:u_bg_engine|tilemap_ram:u_map_buffer|map_ram~4402     ; Stuck at GND due to stuck port data_in      ;
; bg_engine:u_bg_engine|tilemap_ram:u_map_buffer|map_ram~4410     ; Stuck at GND due to stuck port data_in      ;
; bg_engine:u_bg_engine|tilemap_ram:u_map_buffer|map_ram~4418     ; Stuck at GND due to stuck port data_in      ;
; bg_engine:u_bg_engine|tilemap_ram:u_map_buffer|map_ram~4426     ; Stuck at GND due to stuck port data_in      ;
; bg_engine:u_bg_engine|tilemap_ram:u_map_buffer|map_ram~4434     ; Stuck at GND due to stuck port data_in      ;
; bg_engine:u_bg_engine|tilemap_ram:u_map_buffer|map_ram~4442     ; Stuck at GND due to stuck port data_in      ;
; bg_engine:u_bg_engine|tilemap_ram:u_map_buffer|map_ram~4450     ; Stuck at GND due to stuck port data_in      ;
; bg_engine:u_bg_engine|tilemap_ram:u_map_buffer|map_ram~4458     ; Stuck at GND due to stuck port data_in      ;
; bg_engine:u_bg_engine|tilemap_ram:u_map_buffer|map_ram~4466     ; Stuck at GND due to stuck port data_in      ;
; bg_engine:u_bg_engine|tilemap_ram:u_map_buffer|map_ram~4474     ; Stuck at GND due to stuck port data_in      ;
; bg_engine:u_bg_engine|tilemap_ram:u_map_buffer|map_ram~4482     ; Stuck at GND due to stuck port data_in      ;
; bg_engine:u_bg_engine|tilemap_ram:u_map_buffer|map_ram~4490     ; Stuck at GND due to stuck port data_in      ;
; bg_engine:u_bg_engine|tilemap_ram:u_map_buffer|map_ram~4498     ; Stuck at GND due to stuck port data_in      ;
; bg_engine:u_bg_engine|tilemap_ram:u_map_buffer|map_ram~4506     ; Stuck at GND due to stuck port data_in      ;
; bg_engine:u_bg_engine|tilemap_ram:u_map_buffer|map_ram~4514     ; Stuck at GND due to stuck port data_in      ;
; bg_engine:u_bg_engine|tilemap_ram:u_map_buffer|map_ram~4522     ; Stuck at GND due to stuck port data_in      ;
; bg_engine:u_bg_engine|tilemap_ram:u_map_buffer|map_ram~4530     ; Stuck at GND due to stuck port data_in      ;
; bg_engine:u_bg_engine|tilemap_ram:u_map_buffer|map_ram~4538     ; Stuck at GND due to stuck port data_in      ;
; bg_engine:u_bg_engine|tilemap_ram:u_map_buffer|map_ram~4546     ; Stuck at GND due to stuck port data_in      ;
; bg_engine:u_bg_engine|tilemap_ram:u_map_buffer|map_ram~4554     ; Stuck at GND due to stuck port data_in      ;
; bg_engine:u_bg_engine|tilemap_ram:u_map_buffer|map_ram~4562     ; Stuck at GND due to stuck port data_in      ;
; bg_engine:u_bg_engine|tilemap_ram:u_map_buffer|map_ram~4570     ; Stuck at GND due to stuck port data_in      ;
; bg_engine:u_bg_engine|tilemap_ram:u_map_buffer|map_ram~4578     ; Stuck at GND due to stuck port data_in      ;
; bg_engine:u_bg_engine|tilemap_ram:u_map_buffer|map_ram~4586     ; Stuck at GND due to stuck port data_in      ;
; bg_engine:u_bg_engine|tilemap_ram:u_map_buffer|map_ram~4594     ; Stuck at GND due to stuck port data_in      ;
; bg_engine:u_bg_engine|tilemap_ram:u_map_buffer|map_ram~4602     ; Stuck at GND due to stuck port data_in      ;
; bg_engine:u_bg_engine|tilemap_ram:u_map_buffer|map_ram~4610     ; Stuck at GND due to stuck port data_in      ;
; bg_engine:u_bg_engine|tilemap_ram:u_map_buffer|map_ram~4618     ; Stuck at GND due to stuck port data_in      ;
; bg_engine:u_bg_engine|tilemap_ram:u_map_buffer|map_ram~4626     ; Stuck at GND due to stuck port data_in      ;
; bg_engine:u_bg_engine|tilemap_ram:u_map_buffer|map_ram~4634     ; Stuck at GND due to stuck port data_in      ;
; bg_engine:u_bg_engine|tilemap_ram:u_map_buffer|map_ram~4642     ; Stuck at GND due to stuck port data_in      ;
; bg_engine:u_bg_engine|tilemap_ram:u_map_buffer|map_ram~4650     ; Stuck at GND due to stuck port data_in      ;
; bg_engine:u_bg_engine|tilemap_ram:u_map_buffer|map_ram~4658     ; Stuck at GND due to stuck port data_in      ;
; bg_engine:u_bg_engine|tilemap_ram:u_map_buffer|map_ram~4666     ; Stuck at GND due to stuck port data_in      ;
; bg_engine:u_bg_engine|tilemap_ram:u_map_buffer|map_ram~4674     ; Stuck at GND due to stuck port data_in      ;
; bg_engine:u_bg_engine|tilemap_ram:u_map_buffer|map_ram~4682     ; Stuck at GND due to stuck port data_in      ;
; bg_engine:u_bg_engine|tilemap_ram:u_map_buffer|map_ram~4690     ; Stuck at GND due to stuck port data_in      ;
; bg_engine:u_bg_engine|tilemap_ram:u_map_buffer|map_ram~4698     ; Stuck at GND due to stuck port data_in      ;
; bg_engine:u_bg_engine|tilemap_ram:u_map_buffer|map_ram~4706     ; Stuck at GND due to stuck port data_in      ;
; bg_engine:u_bg_engine|tilemap_ram:u_map_buffer|map_ram~4714     ; Stuck at GND due to stuck port data_in      ;
; bg_engine:u_bg_engine|tilemap_ram:u_map_buffer|map_ram~4722     ; Stuck at GND due to stuck port data_in      ;
; bg_engine:u_bg_engine|tilemap_ram:u_map_buffer|map_ram~4730     ; Stuck at GND due to stuck port data_in      ;
; bg_engine:u_bg_engine|tilemap_ram:u_map_buffer|map_ram~4738     ; Stuck at GND due to stuck port data_in      ;
; bg_engine:u_bg_engine|tilemap_ram:u_map_buffer|map_ram~4746     ; Stuck at GND due to stuck port data_in      ;
; bg_engine:u_bg_engine|tilemap_ram:u_map_buffer|map_ram~4754     ; Stuck at GND due to stuck port data_in      ;
; bg_engine:u_bg_engine|tilemap_ram:u_map_buffer|map_ram~4762     ; Stuck at GND due to stuck port data_in      ;
; bg_engine:u_bg_engine|tilemap_ram:u_map_buffer|map_ram~4770     ; Stuck at GND due to stuck port data_in      ;
; bg_engine:u_bg_engine|tilemap_ram:u_map_buffer|map_ram~4778     ; Stuck at GND due to stuck port data_in      ;
; bg_engine:u_bg_engine|tilemap_ram:u_map_buffer|map_ram~4786     ; Stuck at GND due to stuck port data_in      ;
; bg_engine:u_bg_engine|tilemap_ram:u_map_buffer|map_ram~4794     ; Stuck at GND due to stuck port data_in      ;
; bg_engine:u_bg_engine|tilemap_ram:u_map_buffer|map_ram~4802     ; Stuck at GND due to stuck port data_in      ;
; bg_engine:u_bg_engine|tilemap_ram:u_map_buffer|map_ram~4810     ; Stuck at GND due to stuck port data_in      ;
; bg_engine:u_bg_engine|tilemap_ram:u_map_buffer|map_ram~4818     ; Stuck at GND due to stuck port data_in      ;
; bg_engine:u_bg_engine|tilemap_ram:u_map_buffer|map_ram~4826     ; Stuck at GND due to stuck port data_in      ;
; bg_engine:u_bg_engine|tilemap_ram:u_map_buffer|map_ram~4834     ; Stuck at GND due to stuck port data_in      ;
; bg_engine:u_bg_engine|tilemap_ram:u_map_buffer|map_ram~4842     ; Stuck at GND due to stuck port data_in      ;
; bg_engine:u_bg_engine|tilemap_ram:u_map_buffer|map_ram~4850     ; Stuck at GND due to stuck port data_in      ;
; bg_engine:u_bg_engine|tilemap_ram:u_map_buffer|map_ram~4858     ; Stuck at GND due to stuck port data_in      ;
; bg_engine:u_bg_engine|tilemap_ram:u_map_buffer|map_ram~4866     ; Stuck at GND due to stuck port data_in      ;
; bg_engine:u_bg_engine|tilemap_ram:u_map_buffer|map_ram~4874     ; Stuck at GND due to stuck port data_in      ;
; bg_engine:u_bg_engine|tilemap_ram:u_map_buffer|map_ram~4882     ; Stuck at GND due to stuck port data_in      ;
; bg_engine:u_bg_engine|tilemap_ram:u_map_buffer|map_ram~4890     ; Stuck at GND due to stuck port data_in      ;
; bg_engine:u_bg_engine|tilemap_ram:u_map_buffer|map_ram~4898     ; Stuck at GND due to stuck port data_in      ;
; bg_engine:u_bg_engine|tilemap_ram:u_map_buffer|map_ram~4906     ; Stuck at GND due to stuck port data_in      ;
; bg_engine:u_bg_engine|tilemap_ram:u_map_buffer|map_ram~4914     ; Stuck at GND due to stuck port data_in      ;
; bg_engine:u_bg_engine|tilemap_ram:u_map_buffer|map_ram~4922     ; Stuck at GND due to stuck port data_in      ;
; bg_engine:u_bg_engine|tilemap_ram:u_map_buffer|map_ram~4930     ; Stuck at GND due to stuck port data_in      ;
; bg_engine:u_bg_engine|tilemap_ram:u_map_buffer|map_ram~4938     ; Stuck at GND due to stuck port data_in      ;
; bg_engine:u_bg_engine|tilemap_ram:u_map_buffer|map_ram~4946     ; Stuck at GND due to stuck port data_in      ;
; bg_engine:u_bg_engine|tilemap_ram:u_map_buffer|map_ram~4954     ; Stuck at GND due to stuck port data_in      ;
; bg_engine:u_bg_engine|tilemap_ram:u_map_buffer|map_ram~4962     ; Stuck at GND due to stuck port data_in      ;
; bg_engine:u_bg_engine|tilemap_ram:u_map_buffer|map_ram~4970     ; Stuck at GND due to stuck port data_in      ;
; bg_engine:u_bg_engine|tilemap_ram:u_map_buffer|map_ram~4978     ; Stuck at GND due to stuck port data_in      ;
; bg_engine:u_bg_engine|tilemap_ram:u_map_buffer|map_ram~4986     ; Stuck at GND due to stuck port data_in      ;
; bg_engine:u_bg_engine|tilemap_ram:u_map_buffer|map_ram~4994     ; Stuck at GND due to stuck port data_in      ;
; bg_engine:u_bg_engine|tilemap_ram:u_map_buffer|map_ram~5002     ; Stuck at GND due to stuck port data_in      ;
; bg_engine:u_bg_engine|tilemap_ram:u_map_buffer|map_ram~5010     ; Stuck at GND due to stuck port data_in      ;
; bg_engine:u_bg_engine|tilemap_ram:u_map_buffer|map_ram~5018     ; Stuck at GND due to stuck port data_in      ;
; bg_engine:u_bg_engine|tilemap_ram:u_map_buffer|map_ram~5026     ; Stuck at GND due to stuck port data_in      ;
; bg_engine:u_bg_engine|tilemap_ram:u_map_buffer|map_ram~5034     ; Stuck at GND due to stuck port data_in      ;
; bg_engine:u_bg_engine|tilemap_ram:u_map_buffer|map_ram~5042     ; Stuck at GND due to stuck port data_in      ;
; bg_engine:u_bg_engine|tilemap_ram:u_map_buffer|map_ram~5050     ; Stuck at GND due to stuck port data_in      ;
; bg_engine:u_bg_engine|tilemap_ram:u_map_buffer|map_ram~5058     ; Stuck at GND due to stuck port data_in      ;
; bg_engine:u_bg_engine|tilemap_ram:u_map_buffer|map_ram~5066     ; Stuck at GND due to stuck port data_in      ;
; bg_engine:u_bg_engine|tilemap_ram:u_map_buffer|map_ram~5074     ; Stuck at GND due to stuck port data_in      ;
; bg_engine:u_bg_engine|tilemap_ram:u_map_buffer|map_ram~5082     ; Stuck at GND due to stuck port data_in      ;
; bg_engine:u_bg_engine|tilemap_ram:u_map_buffer|map_ram~5090     ; Stuck at GND due to stuck port data_in      ;
; bg_engine:u_bg_engine|tilemap_ram:u_map_buffer|map_ram~5098     ; Stuck at GND due to stuck port data_in      ;
; bg_engine:u_bg_engine|tilemap_ram:u_map_buffer|map_ram~5106     ; Stuck at GND due to stuck port data_in      ;
; bg_engine:u_bg_engine|tilemap_ram:u_map_buffer|map_ram~5114     ; Stuck at GND due to stuck port data_in      ;
; bg_engine:u_bg_engine|tilemap_ram:u_map_buffer|map_ram~5130     ; Stuck at GND due to stuck port data_in      ;
; bg_engine:u_bg_engine|tilemap_ram:u_map_buffer|map_ram~5138     ; Stuck at GND due to stuck port data_in      ;
; bg_engine:u_bg_engine|tilemap_ram:u_map_buffer|map_ram~5146     ; Stuck at GND due to stuck port data_in      ;
; bg_engine:u_bg_engine|tilemap_ram:u_map_buffer|map_ram~5154     ; Stuck at GND due to stuck port data_in      ;
; bg_engine:u_bg_engine|tilemap_ram:u_map_buffer|map_ram~5162     ; Stuck at GND due to stuck port data_in      ;
; bg_engine:u_bg_engine|tilemap_ram:u_map_buffer|map_ram~5170     ; Stuck at GND due to stuck port data_in      ;
; bg_engine:u_bg_engine|tilemap_ram:u_map_buffer|map_ram~5178     ; Stuck at GND due to stuck port data_in      ;
; bg_engine:u_bg_engine|tilemap_ram:u_map_buffer|map_ram~5186     ; Stuck at GND due to stuck port data_in      ;
; bg_engine:u_bg_engine|tilemap_ram:u_map_buffer|map_ram~5194     ; Stuck at GND due to stuck port data_in      ;
; bg_engine:u_bg_engine|tilemap_ram:u_map_buffer|map_ram~5202     ; Stuck at GND due to stuck port data_in      ;
; bg_engine:u_bg_engine|tilemap_ram:u_map_buffer|map_ram~5210     ; Stuck at GND due to stuck port data_in      ;
; bg_engine:u_bg_engine|tilemap_ram:u_map_buffer|map_ram~5218     ; Stuck at GND due to stuck port data_in      ;
; bg_engine:u_bg_engine|tilemap_ram:u_map_buffer|map_ram~5226     ; Stuck at GND due to stuck port data_in      ;
; bg_engine:u_bg_engine|tilemap_ram:u_map_buffer|map_ram~5234     ; Stuck at GND due to stuck port data_in      ;
; bg_engine:u_bg_engine|tilemap_ram:u_map_buffer|map_ram~5242     ; Stuck at GND due to stuck port data_in      ;
; bg_engine:u_bg_engine|tilemap_ram:u_map_buffer|map_ram~5250     ; Stuck at GND due to stuck port data_in      ;
; bg_engine:u_bg_engine|tilemap_ram:u_map_buffer|map_ram~5258     ; Stuck at GND due to stuck port data_in      ;
; bg_engine:u_bg_engine|tilemap_ram:u_map_buffer|map_ram~5266     ; Stuck at GND due to stuck port data_in      ;
; bg_engine:u_bg_engine|tilemap_ram:u_map_buffer|map_ram~5274     ; Stuck at GND due to stuck port data_in      ;
; bg_engine:u_bg_engine|tilemap_ram:u_map_buffer|map_ram~5282     ; Stuck at GND due to stuck port data_in      ;
; bg_engine:u_bg_engine|tilemap_ram:u_map_buffer|map_ram~5290     ; Stuck at GND due to stuck port data_in      ;
; bg_engine:u_bg_engine|tilemap_ram:u_map_buffer|map_ram~5298     ; Stuck at GND due to stuck port data_in      ;
; bg_engine:u_bg_engine|tilemap_ram:u_map_buffer|map_ram~5306     ; Stuck at GND due to stuck port data_in      ;
; bg_engine:u_bg_engine|tilemap_ram:u_map_buffer|map_ram~5314     ; Stuck at GND due to stuck port data_in      ;
; bg_engine:u_bg_engine|tilemap_ram:u_map_buffer|map_ram~5322     ; Stuck at GND due to stuck port data_in      ;
; bg_engine:u_bg_engine|tilemap_ram:u_map_buffer|map_ram~5330     ; Stuck at GND due to stuck port data_in      ;
; bg_engine:u_bg_engine|tilemap_ram:u_map_buffer|map_ram~5338     ; Stuck at GND due to stuck port data_in      ;
; bg_engine:u_bg_engine|tilemap_ram:u_map_buffer|map_ram~5346     ; Stuck at GND due to stuck port data_in      ;
; bg_engine:u_bg_engine|tilemap_ram:u_map_buffer|map_ram~5354     ; Stuck at GND due to stuck port data_in      ;
; bg_engine:u_bg_engine|tilemap_ram:u_map_buffer|map_ram~5362     ; Stuck at GND due to stuck port data_in      ;
; bg_engine:u_bg_engine|tilemap_ram:u_map_buffer|map_ram~5370     ; Stuck at GND due to stuck port data_in      ;
; bg_engine:u_bg_engine|tilemap_ram:u_map_buffer|map_ram~5378     ; Stuck at GND due to stuck port data_in      ;
; bg_engine:u_bg_engine|tilemap_ram:u_map_buffer|map_ram~5386     ; Stuck at GND due to stuck port data_in      ;
; bg_engine:u_bg_engine|tilemap_ram:u_map_buffer|map_ram~5394     ; Stuck at GND due to stuck port data_in      ;
; bg_engine:u_bg_engine|tilemap_ram:u_map_buffer|map_ram~5402     ; Stuck at GND due to stuck port data_in      ;
; bg_engine:u_bg_engine|tilemap_ram:u_map_buffer|map_ram~5410     ; Stuck at GND due to stuck port data_in      ;
; bg_engine:u_bg_engine|tilemap_ram:u_map_buffer|map_ram~5418     ; Stuck at GND due to stuck port data_in      ;
; bg_engine:u_bg_engine|tilemap_ram:u_map_buffer|map_ram~5426     ; Stuck at GND due to stuck port data_in      ;
; bg_engine:u_bg_engine|tilemap_ram:u_map_buffer|map_ram~5434     ; Stuck at GND due to stuck port data_in      ;
; bg_engine:u_bg_engine|tilemap_ram:u_map_buffer|map_ram~5450     ; Stuck at GND due to stuck port data_in      ;
; bg_engine:u_bg_engine|tilemap_ram:u_map_buffer|map_ram~5458     ; Stuck at GND due to stuck port data_in      ;
; bg_engine:u_bg_engine|tilemap_ram:u_map_buffer|map_ram~5466     ; Stuck at GND due to stuck port data_in      ;
; bg_engine:u_bg_engine|tilemap_ram:u_map_buffer|map_ram~5474     ; Stuck at GND due to stuck port data_in      ;
; bg_engine:u_bg_engine|tilemap_ram:u_map_buffer|map_ram~5482     ; Stuck at GND due to stuck port data_in      ;
; bg_engine:u_bg_engine|tilemap_ram:u_map_buffer|map_ram~5490     ; Stuck at GND due to stuck port data_in      ;
; bg_engine:u_bg_engine|tilemap_ram:u_map_buffer|map_ram~5498     ; Stuck at GND due to stuck port data_in      ;
; bg_engine:u_bg_engine|tilemap_ram:u_map_buffer|map_ram~5506     ; Stuck at GND due to stuck port data_in      ;
; bg_engine:u_bg_engine|tilemap_ram:u_map_buffer|map_ram~5514     ; Stuck at GND due to stuck port data_in      ;
; bg_engine:u_bg_engine|tilemap_ram:u_map_buffer|map_ram~5522     ; Stuck at GND due to stuck port data_in      ;
; bg_engine:u_bg_engine|tilemap_ram:u_map_buffer|map_ram~5530     ; Stuck at GND due to stuck port data_in      ;
; bg_engine:u_bg_engine|tilemap_ram:u_map_buffer|map_ram~5538     ; Stuck at GND due to stuck port data_in      ;
; bg_engine:u_bg_engine|tilemap_ram:u_map_buffer|map_ram~5546     ; Stuck at GND due to stuck port data_in      ;
; bg_engine:u_bg_engine|tilemap_ram:u_map_buffer|map_ram~5554     ; Stuck at GND due to stuck port data_in      ;
; bg_engine:u_bg_engine|tilemap_ram:u_map_buffer|map_ram~5562     ; Stuck at GND due to stuck port data_in      ;
; bg_engine:u_bg_engine|tilemap_ram:u_map_buffer|map_ram~5570     ; Stuck at GND due to stuck port data_in      ;
; bg_engine:u_bg_engine|tilemap_ram:u_map_buffer|map_ram~5578     ; Stuck at GND due to stuck port data_in      ;
; bg_engine:u_bg_engine|tilemap_ram:u_map_buffer|map_ram~5586     ; Stuck at GND due to stuck port data_in      ;
; bg_engine:u_bg_engine|tilemap_ram:u_map_buffer|map_ram~5594     ; Stuck at GND due to stuck port data_in      ;
; bg_engine:u_bg_engine|tilemap_ram:u_map_buffer|map_ram~5602     ; Stuck at GND due to stuck port data_in      ;
; bg_engine:u_bg_engine|tilemap_ram:u_map_buffer|map_ram~5610     ; Stuck at GND due to stuck port data_in      ;
; bg_engine:u_bg_engine|tilemap_ram:u_map_buffer|map_ram~5618     ; Stuck at GND due to stuck port data_in      ;
; bg_engine:u_bg_engine|tilemap_ram:u_map_buffer|map_ram~5626     ; Stuck at GND due to stuck port data_in      ;
; bg_engine:u_bg_engine|tilemap_ram:u_map_buffer|map_ram~5634     ; Stuck at GND due to stuck port data_in      ;
; bg_engine:u_bg_engine|tilemap_ram:u_map_buffer|map_ram~5642     ; Stuck at GND due to stuck port data_in      ;
; bg_engine:u_bg_engine|tilemap_ram:u_map_buffer|map_ram~5650     ; Stuck at GND due to stuck port data_in      ;
; bg_engine:u_bg_engine|tilemap_ram:u_map_buffer|map_ram~5658     ; Stuck at GND due to stuck port data_in      ;
; bg_engine:u_bg_engine|tilemap_ram:u_map_buffer|map_ram~5666     ; Stuck at GND due to stuck port data_in      ;
; bg_engine:u_bg_engine|tilemap_ram:u_map_buffer|map_ram~5674     ; Stuck at GND due to stuck port data_in      ;
; bg_engine:u_bg_engine|tilemap_ram:u_map_buffer|map_ram~5682     ; Stuck at GND due to stuck port data_in      ;
; bg_engine:u_bg_engine|tilemap_ram:u_map_buffer|map_ram~5690     ; Stuck at GND due to stuck port data_in      ;
; bg_engine:u_bg_engine|tilemap_ram:u_map_buffer|map_ram~5698     ; Stuck at GND due to stuck port data_in      ;
; bg_engine:u_bg_engine|tilemap_ram:u_map_buffer|map_ram~5706     ; Stuck at GND due to stuck port data_in      ;
; bg_engine:u_bg_engine|tilemap_ram:u_map_buffer|map_ram~5714     ; Stuck at GND due to stuck port data_in      ;
; bg_engine:u_bg_engine|tilemap_ram:u_map_buffer|map_ram~5722     ; Stuck at GND due to stuck port data_in      ;
; bg_engine:u_bg_engine|tilemap_ram:u_map_buffer|map_ram~5730     ; Stuck at GND due to stuck port data_in      ;
; bg_engine:u_bg_engine|tilemap_ram:u_map_buffer|map_ram~5738     ; Stuck at GND due to stuck port data_in      ;
; bg_engine:u_bg_engine|tilemap_ram:u_map_buffer|map_ram~5746     ; Stuck at GND due to stuck port data_in      ;
; bg_engine:u_bg_engine|tilemap_ram:u_map_buffer|map_ram~5754     ; Stuck at GND due to stuck port data_in      ;
; bg_engine:u_bg_engine|tilemap_ram:u_map_buffer|map_ram~5770     ; Stuck at GND due to stuck port data_in      ;
; bg_engine:u_bg_engine|tilemap_ram:u_map_buffer|map_ram~5778     ; Stuck at GND due to stuck port data_in      ;
; bg_engine:u_bg_engine|tilemap_ram:u_map_buffer|map_ram~5786     ; Stuck at GND due to stuck port data_in      ;
; bg_engine:u_bg_engine|tilemap_ram:u_map_buffer|map_ram~5794     ; Stuck at GND due to stuck port data_in      ;
; bg_engine:u_bg_engine|tilemap_ram:u_map_buffer|map_ram~5802     ; Stuck at GND due to stuck port data_in      ;
; bg_engine:u_bg_engine|tilemap_ram:u_map_buffer|map_ram~5810     ; Stuck at GND due to stuck port data_in      ;
; bg_engine:u_bg_engine|tilemap_ram:u_map_buffer|map_ram~5818     ; Stuck at GND due to stuck port data_in      ;
; bg_engine:u_bg_engine|tilemap_ram:u_map_buffer|map_ram~5826     ; Stuck at GND due to stuck port data_in      ;
; bg_engine:u_bg_engine|tilemap_ram:u_map_buffer|map_ram~5834     ; Stuck at GND due to stuck port data_in      ;
; bg_engine:u_bg_engine|tilemap_ram:u_map_buffer|map_ram~5842     ; Stuck at GND due to stuck port data_in      ;
; bg_engine:u_bg_engine|tilemap_ram:u_map_buffer|map_ram~5850     ; Stuck at GND due to stuck port data_in      ;
; bg_engine:u_bg_engine|tilemap_ram:u_map_buffer|map_ram~5858     ; Stuck at GND due to stuck port data_in      ;
; bg_engine:u_bg_engine|tilemap_ram:u_map_buffer|map_ram~5866     ; Stuck at GND due to stuck port data_in      ;
; bg_engine:u_bg_engine|tilemap_ram:u_map_buffer|map_ram~5874     ; Stuck at GND due to stuck port data_in      ;
; bg_engine:u_bg_engine|tilemap_ram:u_map_buffer|map_ram~5882     ; Stuck at GND due to stuck port data_in      ;
; bg_engine:u_bg_engine|tilemap_ram:u_map_buffer|map_ram~5890     ; Stuck at GND due to stuck port data_in      ;
; bg_engine:u_bg_engine|tilemap_ram:u_map_buffer|map_ram~5898     ; Stuck at GND due to stuck port data_in      ;
; bg_engine:u_bg_engine|tilemap_ram:u_map_buffer|map_ram~5906     ; Stuck at GND due to stuck port data_in      ;
; bg_engine:u_bg_engine|tilemap_ram:u_map_buffer|map_ram~5914     ; Stuck at GND due to stuck port data_in      ;
; bg_engine:u_bg_engine|tilemap_ram:u_map_buffer|map_ram~5922     ; Stuck at GND due to stuck port data_in      ;
; bg_engine:u_bg_engine|tilemap_ram:u_map_buffer|map_ram~5930     ; Stuck at GND due to stuck port data_in      ;
; bg_engine:u_bg_engine|tilemap_ram:u_map_buffer|map_ram~5938     ; Stuck at GND due to stuck port data_in      ;
; bg_engine:u_bg_engine|tilemap_ram:u_map_buffer|map_ram~5946     ; Stuck at GND due to stuck port data_in      ;
; bg_engine:u_bg_engine|tilemap_ram:u_map_buffer|map_ram~5954     ; Stuck at GND due to stuck port data_in      ;
; bg_engine:u_bg_engine|tilemap_ram:u_map_buffer|map_ram~5962     ; Stuck at GND due to stuck port data_in      ;
; bg_engine:u_bg_engine|tilemap_ram:u_map_buffer|map_ram~5970     ; Stuck at GND due to stuck port data_in      ;
; bg_engine:u_bg_engine|tilemap_ram:u_map_buffer|map_ram~5978     ; Stuck at GND due to stuck port data_in      ;
; bg_engine:u_bg_engine|tilemap_ram:u_map_buffer|map_ram~5986     ; Stuck at GND due to stuck port data_in      ;
; bg_engine:u_bg_engine|tilemap_ram:u_map_buffer|map_ram~5994     ; Stuck at GND due to stuck port data_in      ;
; bg_engine:u_bg_engine|tilemap_ram:u_map_buffer|map_ram~6002     ; Stuck at GND due to stuck port data_in      ;
; bg_engine:u_bg_engine|tilemap_ram:u_map_buffer|map_ram~6010     ; Stuck at GND due to stuck port data_in      ;
; bg_engine:u_bg_engine|tilemap_ram:u_map_buffer|map_ram~6018     ; Stuck at GND due to stuck port data_in      ;
; bg_engine:u_bg_engine|tilemap_ram:u_map_buffer|map_ram~6026     ; Stuck at GND due to stuck port data_in      ;
; bg_engine:u_bg_engine|tilemap_ram:u_map_buffer|map_ram~6034     ; Stuck at GND due to stuck port data_in      ;
; bg_engine:u_bg_engine|tilemap_ram:u_map_buffer|map_ram~6042     ; Stuck at GND due to stuck port data_in      ;
; bg_engine:u_bg_engine|tilemap_ram:u_map_buffer|map_ram~6050     ; Stuck at GND due to stuck port data_in      ;
; bg_engine:u_bg_engine|tilemap_ram:u_map_buffer|map_ram~6058     ; Stuck at GND due to stuck port data_in      ;
; bg_engine:u_bg_engine|tilemap_ram:u_map_buffer|map_ram~6066     ; Stuck at GND due to stuck port data_in      ;
; bg_engine:u_bg_engine|tilemap_ram:u_map_buffer|map_ram~6074     ; Stuck at GND due to stuck port data_in      ;
; bg_engine:u_bg_engine|tilemap_ram:u_map_buffer|map_ram~6090     ; Stuck at GND due to stuck port data_in      ;
; bg_engine:u_bg_engine|tilemap_ram:u_map_buffer|map_ram~6098     ; Stuck at GND due to stuck port data_in      ;
; bg_engine:u_bg_engine|tilemap_ram:u_map_buffer|map_ram~6106     ; Stuck at GND due to stuck port data_in      ;
; bg_engine:u_bg_engine|tilemap_ram:u_map_buffer|map_ram~6114     ; Stuck at GND due to stuck port data_in      ;
; bg_engine:u_bg_engine|tilemap_ram:u_map_buffer|map_ram~6122     ; Stuck at GND due to stuck port data_in      ;
; bg_engine:u_bg_engine|tilemap_ram:u_map_buffer|map_ram~6130     ; Stuck at GND due to stuck port data_in      ;
; bg_engine:u_bg_engine|tilemap_ram:u_map_buffer|map_ram~6138     ; Stuck at GND due to stuck port data_in      ;
; bg_engine:u_bg_engine|tilemap_ram:u_map_buffer|map_ram~6146     ; Stuck at GND due to stuck port data_in      ;
; bg_engine:u_bg_engine|tilemap_ram:u_map_buffer|map_ram~6154     ; Stuck at GND due to stuck port data_in      ;
; bg_engine:u_bg_engine|tilemap_ram:u_map_buffer|map_ram~6162     ; Stuck at GND due to stuck port data_in      ;
; bg_engine:u_bg_engine|tilemap_ram:u_map_buffer|map_ram~6170     ; Stuck at GND due to stuck port data_in      ;
; bg_engine:u_bg_engine|tilemap_ram:u_map_buffer|map_ram~6178     ; Stuck at GND due to stuck port data_in      ;
; bg_engine:u_bg_engine|tilemap_ram:u_map_buffer|map_ram~6186     ; Stuck at GND due to stuck port data_in      ;
; bg_engine:u_bg_engine|tilemap_ram:u_map_buffer|map_ram~6194     ; Stuck at GND due to stuck port data_in      ;
; bg_engine:u_bg_engine|tilemap_ram:u_map_buffer|map_ram~6202     ; Stuck at GND due to stuck port data_in      ;
; bg_engine:u_bg_engine|tilemap_ram:u_map_buffer|map_ram~6210     ; Stuck at GND due to stuck port data_in      ;
; bg_engine:u_bg_engine|tilemap_ram:u_map_buffer|map_ram~6218     ; Stuck at GND due to stuck port data_in      ;
; bg_engine:u_bg_engine|tilemap_ram:u_map_buffer|map_ram~6226     ; Stuck at GND due to stuck port data_in      ;
; bg_engine:u_bg_engine|tilemap_ram:u_map_buffer|map_ram~6234     ; Stuck at GND due to stuck port data_in      ;
; bg_engine:u_bg_engine|tilemap_ram:u_map_buffer|map_ram~6242     ; Stuck at GND due to stuck port data_in      ;
; bg_engine:u_bg_engine|tilemap_ram:u_map_buffer|map_ram~6250     ; Stuck at GND due to stuck port data_in      ;
; bg_engine:u_bg_engine|tilemap_ram:u_map_buffer|map_ram~6258     ; Stuck at GND due to stuck port data_in      ;
; bg_engine:u_bg_engine|tilemap_ram:u_map_buffer|map_ram~6266     ; Stuck at GND due to stuck port data_in      ;
; bg_engine:u_bg_engine|tilemap_ram:u_map_buffer|map_ram~6274     ; Stuck at GND due to stuck port data_in      ;
; bg_engine:u_bg_engine|tilemap_ram:u_map_buffer|map_ram~6282     ; Stuck at GND due to stuck port data_in      ;
; bg_engine:u_bg_engine|tilemap_ram:u_map_buffer|map_ram~6290     ; Stuck at GND due to stuck port data_in      ;
; bg_engine:u_bg_engine|tilemap_ram:u_map_buffer|map_ram~6298     ; Stuck at GND due to stuck port data_in      ;
; bg_engine:u_bg_engine|tilemap_ram:u_map_buffer|map_ram~6306     ; Stuck at GND due to stuck port data_in      ;
; bg_engine:u_bg_engine|tilemap_ram:u_map_buffer|map_ram~6314     ; Stuck at GND due to stuck port data_in      ;
; bg_engine:u_bg_engine|tilemap_ram:u_map_buffer|map_ram~6322     ; Stuck at GND due to stuck port data_in      ;
; bg_engine:u_bg_engine|tilemap_ram:u_map_buffer|map_ram~6330     ; Stuck at GND due to stuck port data_in      ;
; bg_engine:u_bg_engine|tilemap_ram:u_map_buffer|map_ram~6338     ; Stuck at GND due to stuck port data_in      ;
; bg_engine:u_bg_engine|tilemap_ram:u_map_buffer|map_ram~6346     ; Stuck at GND due to stuck port data_in      ;
; bg_engine:u_bg_engine|tilemap_ram:u_map_buffer|map_ram~6354     ; Stuck at GND due to stuck port data_in      ;
; bg_engine:u_bg_engine|tilemap_ram:u_map_buffer|map_ram~6362     ; Stuck at GND due to stuck port data_in      ;
; bg_engine:u_bg_engine|tilemap_ram:u_map_buffer|map_ram~6370     ; Stuck at GND due to stuck port data_in      ;
; bg_engine:u_bg_engine|tilemap_ram:u_map_buffer|map_ram~6378     ; Stuck at GND due to stuck port data_in      ;
; bg_engine:u_bg_engine|tilemap_ram:u_map_buffer|map_ram~6386     ; Stuck at GND due to stuck port data_in      ;
; bg_engine:u_bg_engine|tilemap_ram:u_map_buffer|map_ram~6394     ; Stuck at GND due to stuck port data_in      ;
; bg_engine:u_bg_engine|tilemap_ram:u_map_buffer|map_ram~6402     ; Stuck at GND due to stuck port data_in      ;
; bg_engine:u_bg_engine|tilemap_ram:u_map_buffer|map_ram~6410     ; Stuck at GND due to stuck port data_in      ;
; bg_engine:u_bg_engine|tilemap_ram:u_map_buffer|map_ram~6418     ; Stuck at GND due to stuck port data_in      ;
; bg_engine:u_bg_engine|tilemap_ram:u_map_buffer|map_ram~6426     ; Stuck at GND due to stuck port data_in      ;
; bg_engine:u_bg_engine|tilemap_ram:u_map_buffer|map_ram~6434     ; Stuck at GND due to stuck port data_in      ;
; bg_engine:u_bg_engine|tilemap_ram:u_map_buffer|map_ram~6442     ; Stuck at GND due to stuck port data_in      ;
; bg_engine:u_bg_engine|tilemap_ram:u_map_buffer|map_ram~6450     ; Stuck at GND due to stuck port data_in      ;
; bg_engine:u_bg_engine|tilemap_ram:u_map_buffer|map_ram~6458     ; Stuck at GND due to stuck port data_in      ;
; bg_engine:u_bg_engine|tilemap_ram:u_map_buffer|map_ram~6466     ; Stuck at GND due to stuck port data_in      ;
; bg_engine:u_bg_engine|tilemap_ram:u_map_buffer|map_ram~6474     ; Stuck at GND due to stuck port data_in      ;
; bg_engine:u_bg_engine|tilemap_ram:u_map_buffer|map_ram~6482     ; Stuck at GND due to stuck port data_in      ;
; bg_engine:u_bg_engine|tilemap_ram:u_map_buffer|map_ram~6490     ; Stuck at GND due to stuck port data_in      ;
; bg_engine:u_bg_engine|tilemap_ram:u_map_buffer|map_ram~6498     ; Stuck at GND due to stuck port data_in      ;
; bg_engine:u_bg_engine|tilemap_ram:u_map_buffer|map_ram~6506     ; Stuck at GND due to stuck port data_in      ;
; bg_engine:u_bg_engine|tilemap_ram:u_map_buffer|map_ram~6514     ; Stuck at GND due to stuck port data_in      ;
; bg_engine:u_bg_engine|tilemap_ram:u_map_buffer|map_ram~6522     ; Stuck at GND due to stuck port data_in      ;
; bg_engine:u_bg_engine|tilemap_ram:u_map_buffer|map_ram~6530     ; Stuck at GND due to stuck port data_in      ;
; bg_engine:u_bg_engine|tilemap_ram:u_map_buffer|map_ram~6538     ; Stuck at GND due to stuck port data_in      ;
; bg_engine:u_bg_engine|tilemap_ram:u_map_buffer|map_ram~6546     ; Stuck at GND due to stuck port data_in      ;
; bg_engine:u_bg_engine|tilemap_ram:u_map_buffer|map_ram~6554     ; Stuck at GND due to stuck port data_in      ;
; bg_engine:u_bg_engine|tilemap_ram:u_map_buffer|map_ram~6562     ; Stuck at GND due to stuck port data_in      ;
; bg_engine:u_bg_engine|tilemap_ram:u_map_buffer|map_ram~6570     ; Stuck at GND due to stuck port data_in      ;
; bg_engine:u_bg_engine|tilemap_ram:u_map_buffer|map_ram~6578     ; Stuck at GND due to stuck port data_in      ;
; bg_engine:u_bg_engine|tilemap_ram:u_map_buffer|map_ram~6586     ; Stuck at GND due to stuck port data_in      ;
; bg_engine:u_bg_engine|tilemap_ram:u_map_buffer|map_ram~6594     ; Stuck at GND due to stuck port data_in      ;
; bg_engine:u_bg_engine|tilemap_ram:u_map_buffer|map_ram~6602     ; Stuck at GND due to stuck port data_in      ;
; bg_engine:u_bg_engine|tilemap_ram:u_map_buffer|map_ram~6610     ; Stuck at GND due to stuck port data_in      ;
; bg_engine:u_bg_engine|tilemap_ram:u_map_buffer|map_ram~6618     ; Stuck at GND due to stuck port data_in      ;
; bg_engine:u_bg_engine|tilemap_ram:u_map_buffer|map_ram~6626     ; Stuck at GND due to stuck port data_in      ;
; bg_engine:u_bg_engine|tilemap_ram:u_map_buffer|map_ram~6634     ; Stuck at GND due to stuck port data_in      ;
; bg_engine:u_bg_engine|tilemap_ram:u_map_buffer|map_ram~6642     ; Stuck at GND due to stuck port data_in      ;
; bg_engine:u_bg_engine|tilemap_ram:u_map_buffer|map_ram~6650     ; Stuck at GND due to stuck port data_in      ;
; bg_engine:u_bg_engine|tilemap_ram:u_map_buffer|map_ram~6658     ; Stuck at GND due to stuck port data_in      ;
; bg_engine:u_bg_engine|tilemap_ram:u_map_buffer|map_ram~6666     ; Stuck at GND due to stuck port data_in      ;
; bg_engine:u_bg_engine|tilemap_ram:u_map_buffer|map_ram~6674     ; Stuck at GND due to stuck port data_in      ;
; bg_engine:u_bg_engine|tilemap_ram:u_map_buffer|map_ram~6682     ; Stuck at GND due to stuck port data_in      ;
; bg_engine:u_bg_engine|tilemap_ram:u_map_buffer|map_ram~6690     ; Stuck at GND due to stuck port data_in      ;
; bg_engine:u_bg_engine|tilemap_ram:u_map_buffer|map_ram~6698     ; Stuck at GND due to stuck port data_in      ;
; bg_engine:u_bg_engine|tilemap_ram:u_map_buffer|map_ram~6706     ; Stuck at GND due to stuck port data_in      ;
; bg_engine:u_bg_engine|tilemap_ram:u_map_buffer|map_ram~6714     ; Stuck at GND due to stuck port data_in      ;
; bg_engine:u_bg_engine|tilemap_ram:u_map_buffer|map_ram~6722     ; Stuck at GND due to stuck port data_in      ;
; bg_engine:u_bg_engine|tilemap_ram:u_map_buffer|map_ram~6730     ; Stuck at GND due to stuck port data_in      ;
; bg_engine:u_bg_engine|tilemap_ram:u_map_buffer|map_ram~6738     ; Stuck at GND due to stuck port data_in      ;
; bg_engine:u_bg_engine|tilemap_ram:u_map_buffer|map_ram~6746     ; Stuck at GND due to stuck port data_in      ;
; bg_engine:u_bg_engine|tilemap_ram:u_map_buffer|map_ram~6754     ; Stuck at GND due to stuck port data_in      ;
; bg_engine:u_bg_engine|tilemap_ram:u_map_buffer|map_ram~6762     ; Stuck at GND due to stuck port data_in      ;
; bg_engine:u_bg_engine|tilemap_ram:u_map_buffer|map_ram~6770     ; Stuck at GND due to stuck port data_in      ;
; bg_engine:u_bg_engine|tilemap_ram:u_map_buffer|map_ram~6778     ; Stuck at GND due to stuck port data_in      ;
; bg_engine:u_bg_engine|tilemap_ram:u_map_buffer|map_ram~6786     ; Stuck at GND due to stuck port data_in      ;
; bg_engine:u_bg_engine|tilemap_ram:u_map_buffer|map_ram~6794     ; Stuck at GND due to stuck port data_in      ;
; bg_engine:u_bg_engine|tilemap_ram:u_map_buffer|map_ram~6802     ; Stuck at GND due to stuck port data_in      ;
; bg_engine:u_bg_engine|tilemap_ram:u_map_buffer|map_ram~6810     ; Stuck at GND due to stuck port data_in      ;
; bg_engine:u_bg_engine|tilemap_ram:u_map_buffer|map_ram~6818     ; Stuck at GND due to stuck port data_in      ;
; bg_engine:u_bg_engine|tilemap_ram:u_map_buffer|map_ram~6826     ; Stuck at GND due to stuck port data_in      ;
; bg_engine:u_bg_engine|tilemap_ram:u_map_buffer|map_ram~6834     ; Stuck at GND due to stuck port data_in      ;
; bg_engine:u_bg_engine|tilemap_ram:u_map_buffer|map_ram~6842     ; Stuck at GND due to stuck port data_in      ;
; bg_engine:u_bg_engine|tilemap_ram:u_map_buffer|map_ram~6850     ; Stuck at GND due to stuck port data_in      ;
; bg_engine:u_bg_engine|tilemap_ram:u_map_buffer|map_ram~6858     ; Stuck at GND due to stuck port data_in      ;
; bg_engine:u_bg_engine|tilemap_ram:u_map_buffer|map_ram~6866     ; Stuck at GND due to stuck port data_in      ;
; bg_engine:u_bg_engine|tilemap_ram:u_map_buffer|map_ram~6874     ; Stuck at GND due to stuck port data_in      ;
; bg_engine:u_bg_engine|tilemap_ram:u_map_buffer|map_ram~6882     ; Stuck at GND due to stuck port data_in      ;
; bg_engine:u_bg_engine|tilemap_ram:u_map_buffer|map_ram~6890     ; Stuck at GND due to stuck port data_in      ;
; bg_engine:u_bg_engine|tilemap_ram:u_map_buffer|map_ram~6898     ; Stuck at GND due to stuck port data_in      ;
; bg_engine:u_bg_engine|tilemap_ram:u_map_buffer|map_ram~6906     ; Stuck at GND due to stuck port data_in      ;
; bg_engine:u_bg_engine|tilemap_ram:u_map_buffer|map_ram~6914     ; Stuck at GND due to stuck port data_in      ;
; bg_engine:u_bg_engine|tilemap_ram:u_map_buffer|map_ram~6922     ; Stuck at GND due to stuck port data_in      ;
; bg_engine:u_bg_engine|tilemap_ram:u_map_buffer|map_ram~6930     ; Stuck at GND due to stuck port data_in      ;
; bg_engine:u_bg_engine|tilemap_ram:u_map_buffer|map_ram~6938     ; Stuck at GND due to stuck port data_in      ;
; bg_engine:u_bg_engine|tilemap_ram:u_map_buffer|map_ram~6946     ; Stuck at GND due to stuck port data_in      ;
; bg_engine:u_bg_engine|tilemap_ram:u_map_buffer|map_ram~6954     ; Stuck at GND due to stuck port data_in      ;
; bg_engine:u_bg_engine|tilemap_ram:u_map_buffer|map_ram~6962     ; Stuck at GND due to stuck port data_in      ;
; bg_engine:u_bg_engine|tilemap_ram:u_map_buffer|map_ram~6970     ; Stuck at GND due to stuck port data_in      ;
; bg_engine:u_bg_engine|tilemap_ram:u_map_buffer|map_ram~6978     ; Stuck at GND due to stuck port data_in      ;
; bg_engine:u_bg_engine|tilemap_ram:u_map_buffer|map_ram~6986     ; Stuck at GND due to stuck port data_in      ;
; bg_engine:u_bg_engine|tilemap_ram:u_map_buffer|map_ram~6994     ; Stuck at GND due to stuck port data_in      ;
; bg_engine:u_bg_engine|tilemap_ram:u_map_buffer|map_ram~7002     ; Stuck at GND due to stuck port data_in      ;
; bg_engine:u_bg_engine|tilemap_ram:u_map_buffer|map_ram~7010     ; Stuck at GND due to stuck port data_in      ;
; bg_engine:u_bg_engine|tilemap_ram:u_map_buffer|map_ram~7018     ; Stuck at GND due to stuck port data_in      ;
; bg_engine:u_bg_engine|tilemap_ram:u_map_buffer|map_ram~7026     ; Stuck at GND due to stuck port data_in      ;
; bg_engine:u_bg_engine|tilemap_ram:u_map_buffer|map_ram~7034     ; Stuck at GND due to stuck port data_in      ;
; bg_engine:u_bg_engine|tilemap_ram:u_map_buffer|map_ram~7042     ; Stuck at GND due to stuck port data_in      ;
; bg_engine:u_bg_engine|tilemap_ram:u_map_buffer|map_ram~7050     ; Stuck at GND due to stuck port data_in      ;
; bg_engine:u_bg_engine|tilemap_ram:u_map_buffer|map_ram~7058     ; Stuck at GND due to stuck port data_in      ;
; bg_engine:u_bg_engine|tilemap_ram:u_map_buffer|map_ram~7066     ; Stuck at GND due to stuck port data_in      ;
; bg_engine:u_bg_engine|tilemap_ram:u_map_buffer|map_ram~7074     ; Stuck at GND due to stuck port data_in      ;
; bg_engine:u_bg_engine|tilemap_ram:u_map_buffer|map_ram~7082     ; Stuck at GND due to stuck port data_in      ;
; bg_engine:u_bg_engine|tilemap_ram:u_map_buffer|map_ram~7090     ; Stuck at GND due to stuck port data_in      ;
; bg_engine:u_bg_engine|tilemap_ram:u_map_buffer|map_ram~7098     ; Stuck at GND due to stuck port data_in      ;
; bg_engine:u_bg_engine|tilemap_ram:u_map_buffer|map_ram~7106     ; Stuck at GND due to stuck port data_in      ;
; bg_engine:u_bg_engine|tilemap_ram:u_map_buffer|map_ram~7114     ; Stuck at GND due to stuck port data_in      ;
; bg_engine:u_bg_engine|tilemap_ram:u_map_buffer|map_ram~7122     ; Stuck at GND due to stuck port data_in      ;
; bg_engine:u_bg_engine|tilemap_ram:u_map_buffer|map_ram~7130     ; Stuck at GND due to stuck port data_in      ;
; bg_engine:u_bg_engine|tilemap_ram:u_map_buffer|map_ram~7138     ; Stuck at GND due to stuck port data_in      ;
; bg_engine:u_bg_engine|tilemap_ram:u_map_buffer|map_ram~7146     ; Stuck at GND due to stuck port data_in      ;
; bg_engine:u_bg_engine|tilemap_ram:u_map_buffer|map_ram~7154     ; Stuck at GND due to stuck port data_in      ;
; bg_engine:u_bg_engine|tilemap_ram:u_map_buffer|map_ram~7162     ; Stuck at GND due to stuck port data_in      ;
; bg_engine:u_bg_engine|tilemap_ram:u_map_buffer|map_ram~7170     ; Stuck at GND due to stuck port data_in      ;
; bg_engine:u_bg_engine|tilemap_ram:u_map_buffer|map_ram~7178     ; Stuck at GND due to stuck port data_in      ;
; bg_engine:u_bg_engine|tilemap_ram:u_map_buffer|map_ram~7186     ; Stuck at GND due to stuck port data_in      ;
; bg_engine:u_bg_engine|tilemap_ram:u_map_buffer|map_ram~7194     ; Stuck at GND due to stuck port data_in      ;
; bg_engine:u_bg_engine|tilemap_ram:u_map_buffer|map_ram~7202     ; Stuck at GND due to stuck port data_in      ;
; bg_engine:u_bg_engine|tilemap_ram:u_map_buffer|map_ram~7210     ; Stuck at GND due to stuck port data_in      ;
; bg_engine:u_bg_engine|tilemap_ram:u_map_buffer|map_ram~7218     ; Stuck at GND due to stuck port data_in      ;
; bg_engine:u_bg_engine|tilemap_ram:u_map_buffer|map_ram~7226     ; Stuck at GND due to stuck port data_in      ;
; bg_engine:u_bg_engine|tilemap_ram:u_map_buffer|map_ram~7234     ; Stuck at GND due to stuck port data_in      ;
; bg_engine:u_bg_engine|tilemap_ram:u_map_buffer|map_ram~7242     ; Stuck at GND due to stuck port data_in      ;
; bg_engine:u_bg_engine|tilemap_ram:u_map_buffer|map_ram~7250     ; Stuck at GND due to stuck port data_in      ;
; bg_engine:u_bg_engine|tilemap_ram:u_map_buffer|map_ram~7258     ; Stuck at GND due to stuck port data_in      ;
; bg_engine:u_bg_engine|tilemap_ram:u_map_buffer|map_ram~7266     ; Stuck at GND due to stuck port data_in      ;
; bg_engine:u_bg_engine|tilemap_ram:u_map_buffer|map_ram~7274     ; Stuck at GND due to stuck port data_in      ;
; bg_engine:u_bg_engine|tilemap_ram:u_map_buffer|map_ram~7282     ; Stuck at GND due to stuck port data_in      ;
; bg_engine:u_bg_engine|tilemap_ram:u_map_buffer|map_ram~7290     ; Stuck at GND due to stuck port data_in      ;
; bg_engine:u_bg_engine|tilemap_ram:u_map_buffer|map_ram~7298     ; Stuck at GND due to stuck port data_in      ;
; bg_engine:u_bg_engine|tilemap_ram:u_map_buffer|map_ram~7306     ; Stuck at GND due to stuck port data_in      ;
; bg_engine:u_bg_engine|tilemap_ram:u_map_buffer|map_ram~7314     ; Stuck at GND due to stuck port data_in      ;
; bg_engine:u_bg_engine|tilemap_ram:u_map_buffer|map_ram~7322     ; Stuck at GND due to stuck port data_in      ;
; bg_engine:u_bg_engine|tilemap_ram:u_map_buffer|map_ram~7330     ; Stuck at GND due to stuck port data_in      ;
; bg_engine:u_bg_engine|tilemap_ram:u_map_buffer|map_ram~7338     ; Stuck at GND due to stuck port data_in      ;
; bg_engine:u_bg_engine|tilemap_ram:u_map_buffer|map_ram~7346     ; Stuck at GND due to stuck port data_in      ;
; bg_engine:u_bg_engine|tilemap_ram:u_map_buffer|map_ram~7354     ; Stuck at GND due to stuck port data_in      ;
; bg_engine:u_bg_engine|tilemap_ram:u_map_buffer|map_ram~7362     ; Stuck at GND due to stuck port data_in      ;
; bg_engine:u_bg_engine|tilemap_ram:u_map_buffer|map_ram~7370     ; Stuck at GND due to stuck port data_in      ;
; bg_engine:u_bg_engine|tilemap_ram:u_map_buffer|map_ram~7378     ; Stuck at GND due to stuck port data_in      ;
; bg_engine:u_bg_engine|tilemap_ram:u_map_buffer|map_ram~7386     ; Stuck at GND due to stuck port data_in      ;
; bg_engine:u_bg_engine|tilemap_ram:u_map_buffer|map_ram~7394     ; Stuck at GND due to stuck port data_in      ;
; bg_engine:u_bg_engine|tilemap_ram:u_map_buffer|map_ram~7402     ; Stuck at GND due to stuck port data_in      ;
; bg_engine:u_bg_engine|tilemap_ram:u_map_buffer|map_ram~7410     ; Stuck at GND due to stuck port data_in      ;
; bg_engine:u_bg_engine|tilemap_ram:u_map_buffer|map_ram~7418     ; Stuck at GND due to stuck port data_in      ;
; bg_engine:u_bg_engine|tilemap_ram:u_map_buffer|map_ram~7426     ; Stuck at GND due to stuck port data_in      ;
; bg_engine:u_bg_engine|tilemap_ram:u_map_buffer|map_ram~7434     ; Stuck at GND due to stuck port data_in      ;
; bg_engine:u_bg_engine|tilemap_ram:u_map_buffer|map_ram~7442     ; Stuck at GND due to stuck port data_in      ;
; bg_engine:u_bg_engine|tilemap_ram:u_map_buffer|map_ram~7450     ; Stuck at GND due to stuck port data_in      ;
; bg_engine:u_bg_engine|tilemap_ram:u_map_buffer|map_ram~7458     ; Stuck at GND due to stuck port data_in      ;
; bg_engine:u_bg_engine|tilemap_ram:u_map_buffer|map_ram~7466     ; Stuck at GND due to stuck port data_in      ;
; bg_engine:u_bg_engine|tilemap_ram:u_map_buffer|map_ram~7474     ; Stuck at GND due to stuck port data_in      ;
; bg_engine:u_bg_engine|tilemap_ram:u_map_buffer|map_ram~7482     ; Stuck at GND due to stuck port data_in      ;
; bg_engine:u_bg_engine|tilemap_ram:u_map_buffer|map_ram~7490     ; Stuck at GND due to stuck port data_in      ;
; bg_engine:u_bg_engine|tilemap_ram:u_map_buffer|map_ram~7498     ; Stuck at GND due to stuck port data_in      ;
; bg_engine:u_bg_engine|tilemap_ram:u_map_buffer|map_ram~7506     ; Stuck at GND due to stuck port data_in      ;
; bg_engine:u_bg_engine|tilemap_ram:u_map_buffer|map_ram~7514     ; Stuck at GND due to stuck port data_in      ;
; bg_engine:u_bg_engine|tilemap_ram:u_map_buffer|map_ram~7522     ; Stuck at GND due to stuck port data_in      ;
; bg_engine:u_bg_engine|tilemap_ram:u_map_buffer|map_ram~7530     ; Stuck at GND due to stuck port data_in      ;
; bg_engine:u_bg_engine|tilemap_ram:u_map_buffer|map_ram~7538     ; Stuck at GND due to stuck port data_in      ;
; bg_engine:u_bg_engine|tilemap_ram:u_map_buffer|map_ram~7546     ; Stuck at GND due to stuck port data_in      ;
; bg_engine:u_bg_engine|tilemap_ram:u_map_buffer|map_ram~7554     ; Stuck at GND due to stuck port data_in      ;
; bg_engine:u_bg_engine|tilemap_ram:u_map_buffer|map_ram~7562     ; Stuck at GND due to stuck port data_in      ;
; bg_engine:u_bg_engine|tilemap_ram:u_map_buffer|map_ram~7570     ; Stuck at GND due to stuck port data_in      ;
; bg_engine:u_bg_engine|tilemap_ram:u_map_buffer|map_ram~7578     ; Stuck at GND due to stuck port data_in      ;
; bg_engine:u_bg_engine|tilemap_ram:u_map_buffer|map_ram~7586     ; Stuck at GND due to stuck port data_in      ;
; bg_engine:u_bg_engine|tilemap_ram:u_map_buffer|map_ram~7594     ; Stuck at GND due to stuck port data_in      ;
; bg_engine:u_bg_engine|tilemap_ram:u_map_buffer|map_ram~7602     ; Stuck at GND due to stuck port data_in      ;
; bg_engine:u_bg_engine|tilemap_ram:u_map_buffer|map_ram~7610     ; Stuck at GND due to stuck port data_in      ;
; bg_engine:u_bg_engine|tilemap_ram:u_map_buffer|map_ram~7618     ; Stuck at GND due to stuck port data_in      ;
; bg_engine:u_bg_engine|tilemap_ram:u_map_buffer|map_ram~7626     ; Stuck at GND due to stuck port data_in      ;
; bg_engine:u_bg_engine|tilemap_ram:u_map_buffer|map_ram~7634     ; Stuck at GND due to stuck port data_in      ;
; bg_engine:u_bg_engine|tilemap_ram:u_map_buffer|map_ram~7642     ; Stuck at GND due to stuck port data_in      ;
; bg_engine:u_bg_engine|tilemap_ram:u_map_buffer|map_ram~7650     ; Stuck at GND due to stuck port data_in      ;
; bg_engine:u_bg_engine|tilemap_ram:u_map_buffer|map_ram~7658     ; Stuck at GND due to stuck port data_in      ;
; bg_engine:u_bg_engine|tilemap_ram:u_map_buffer|map_ram~7666     ; Stuck at GND due to stuck port data_in      ;
; bg_engine:u_bg_engine|tilemap_ram:u_map_buffer|map_ram~7674     ; Stuck at GND due to stuck port data_in      ;
; bg_engine:u_bg_engine|tilemap_ram:u_map_buffer|map_ram~7682     ; Stuck at GND due to stuck port data_in      ;
; bg_engine:u_bg_engine|tilemap_ram:u_map_buffer|map_ram~7690     ; Stuck at GND due to stuck port data_in      ;
; bg_engine:u_bg_engine|tilemap_ram:u_map_buffer|map_ram~7698     ; Stuck at GND due to stuck port data_in      ;
; bg_engine:u_bg_engine|tilemap_ram:u_map_buffer|map_ram~7706     ; Stuck at GND due to stuck port data_in      ;
; bg_engine:u_bg_engine|tilemap_ram:u_map_buffer|map_ram~7714     ; Stuck at GND due to stuck port data_in      ;
; bg_engine:u_bg_engine|tilemap_ram:u_map_buffer|map_ram~7722     ; Stuck at GND due to stuck port data_in      ;
; bg_engine:u_bg_engine|tilemap_ram:u_map_buffer|map_ram~7730     ; Stuck at GND due to stuck port data_in      ;
; bg_engine:u_bg_engine|tilemap_ram:u_map_buffer|map_ram~7738     ; Stuck at GND due to stuck port data_in      ;
; bg_engine:u_bg_engine|tilemap_ram:u_map_buffer|map_ram~7746     ; Stuck at GND due to stuck port data_in      ;
; bg_engine:u_bg_engine|tilemap_ram:u_map_buffer|map_ram~7754     ; Stuck at GND due to stuck port data_in      ;
; bg_engine:u_bg_engine|tilemap_ram:u_map_buffer|map_ram~7762     ; Stuck at GND due to stuck port data_in      ;
; bg_engine:u_bg_engine|tilemap_ram:u_map_buffer|map_ram~7770     ; Stuck at GND due to stuck port data_in      ;
; bg_engine:u_bg_engine|tilemap_ram:u_map_buffer|map_ram~7778     ; Stuck at GND due to stuck port data_in      ;
; bg_engine:u_bg_engine|tilemap_ram:u_map_buffer|map_ram~7786     ; Stuck at GND due to stuck port data_in      ;
; bg_engine:u_bg_engine|tilemap_ram:u_map_buffer|map_ram~7794     ; Stuck at GND due to stuck port data_in      ;
; bg_engine:u_bg_engine|tilemap_ram:u_map_buffer|map_ram~7802     ; Stuck at GND due to stuck port data_in      ;
; bg_engine:u_bg_engine|tilemap_ram:u_map_buffer|map_ram~7810     ; Stuck at GND due to stuck port data_in      ;
; bg_engine:u_bg_engine|tilemap_ram:u_map_buffer|map_ram~7818     ; Stuck at GND due to stuck port data_in      ;
; bg_engine:u_bg_engine|tilemap_ram:u_map_buffer|map_ram~7826     ; Stuck at GND due to stuck port data_in      ;
; bg_engine:u_bg_engine|tilemap_ram:u_map_buffer|map_ram~7834     ; Stuck at GND due to stuck port data_in      ;
; bg_engine:u_bg_engine|tilemap_ram:u_map_buffer|map_ram~7842     ; Stuck at GND due to stuck port data_in      ;
; bg_engine:u_bg_engine|tilemap_ram:u_map_buffer|map_ram~7850     ; Stuck at GND due to stuck port data_in      ;
; bg_engine:u_bg_engine|tilemap_ram:u_map_buffer|map_ram~7858     ; Stuck at GND due to stuck port data_in      ;
; bg_engine:u_bg_engine|tilemap_ram:u_map_buffer|map_ram~7866     ; Stuck at GND due to stuck port data_in      ;
; bg_engine:u_bg_engine|tilemap_ram:u_map_buffer|map_ram~7874     ; Stuck at GND due to stuck port data_in      ;
; bg_engine:u_bg_engine|tilemap_ram:u_map_buffer|map_ram~7882     ; Stuck at GND due to stuck port data_in      ;
; bg_engine:u_bg_engine|tilemap_ram:u_map_buffer|map_ram~7890     ; Stuck at GND due to stuck port data_in      ;
; bg_engine:u_bg_engine|tilemap_ram:u_map_buffer|map_ram~7898     ; Stuck at GND due to stuck port data_in      ;
; bg_engine:u_bg_engine|tilemap_ram:u_map_buffer|map_ram~7906     ; Stuck at GND due to stuck port data_in      ;
; bg_engine:u_bg_engine|tilemap_ram:u_map_buffer|map_ram~7914     ; Stuck at GND due to stuck port data_in      ;
; bg_engine:u_bg_engine|tilemap_ram:u_map_buffer|map_ram~7922     ; Stuck at GND due to stuck port data_in      ;
; bg_engine:u_bg_engine|tilemap_ram:u_map_buffer|map_ram~7930     ; Stuck at GND due to stuck port data_in      ;
; bg_engine:u_bg_engine|tilemap_ram:u_map_buffer|map_ram~7938     ; Stuck at GND due to stuck port data_in      ;
; bg_engine:u_bg_engine|tilemap_ram:u_map_buffer|map_ram~7946     ; Stuck at GND due to stuck port data_in      ;
; bg_engine:u_bg_engine|tilemap_ram:u_map_buffer|map_ram~7954     ; Stuck at GND due to stuck port data_in      ;
; bg_engine:u_bg_engine|tilemap_ram:u_map_buffer|map_ram~7962     ; Stuck at GND due to stuck port data_in      ;
; bg_engine:u_bg_engine|tilemap_ram:u_map_buffer|map_ram~7970     ; Stuck at GND due to stuck port data_in      ;
; bg_engine:u_bg_engine|tilemap_ram:u_map_buffer|map_ram~7978     ; Stuck at GND due to stuck port data_in      ;
; bg_engine:u_bg_engine|tilemap_ram:u_map_buffer|map_ram~7986     ; Stuck at GND due to stuck port data_in      ;
; bg_engine:u_bg_engine|tilemap_ram:u_map_buffer|map_ram~7994     ; Stuck at GND due to stuck port data_in      ;
; bg_engine:u_bg_engine|tilemap_ram:u_map_buffer|map_ram~8002     ; Stuck at GND due to stuck port data_in      ;
; bg_engine:u_bg_engine|tilemap_ram:u_map_buffer|map_ram~8010     ; Stuck at GND due to stuck port data_in      ;
; bg_engine:u_bg_engine|tilemap_ram:u_map_buffer|map_ram~8018     ; Stuck at GND due to stuck port data_in      ;
; bg_engine:u_bg_engine|tilemap_ram:u_map_buffer|map_ram~8026     ; Stuck at GND due to stuck port data_in      ;
; bg_engine:u_bg_engine|tilemap_ram:u_map_buffer|map_ram~8034     ; Stuck at GND due to stuck port data_in      ;
; bg_engine:u_bg_engine|tilemap_ram:u_map_buffer|map_ram~8042     ; Stuck at GND due to stuck port data_in      ;
; bg_engine:u_bg_engine|tilemap_ram:u_map_buffer|map_ram~8050     ; Stuck at GND due to stuck port data_in      ;
; bg_engine:u_bg_engine|tilemap_ram:u_map_buffer|map_ram~8058     ; Stuck at GND due to stuck port data_in      ;
; bg_engine:u_bg_engine|tilemap_ram:u_map_buffer|map_ram~8066     ; Stuck at GND due to stuck port data_in      ;
; bg_engine:u_bg_engine|tilemap_ram:u_map_buffer|map_ram~8074     ; Stuck at GND due to stuck port data_in      ;
; bg_engine:u_bg_engine|tilemap_ram:u_map_buffer|map_ram~8082     ; Stuck at GND due to stuck port data_in      ;
; bg_engine:u_bg_engine|tilemap_ram:u_map_buffer|map_ram~8090     ; Stuck at GND due to stuck port data_in      ;
; bg_engine:u_bg_engine|tilemap_ram:u_map_buffer|map_ram~8098     ; Stuck at GND due to stuck port data_in      ;
; bg_engine:u_bg_engine|tilemap_ram:u_map_buffer|map_ram~8106     ; Stuck at GND due to stuck port data_in      ;
; bg_engine:u_bg_engine|tilemap_ram:u_map_buffer|map_ram~8114     ; Stuck at GND due to stuck port data_in      ;
; bg_engine:u_bg_engine|tilemap_ram:u_map_buffer|map_ram~8122     ; Stuck at GND due to stuck port data_in      ;
; bg_engine:u_bg_engine|tilemap_ram:u_map_buffer|map_ram~8130     ; Stuck at GND due to stuck port data_in      ;
; bg_engine:u_bg_engine|tilemap_ram:u_map_buffer|map_ram~8138     ; Stuck at GND due to stuck port data_in      ;
; bg_engine:u_bg_engine|tilemap_ram:u_map_buffer|map_ram~8146     ; Stuck at GND due to stuck port data_in      ;
; bg_engine:u_bg_engine|tilemap_ram:u_map_buffer|map_ram~8154     ; Stuck at GND due to stuck port data_in      ;
; bg_engine:u_bg_engine|tilemap_ram:u_map_buffer|map_ram~8162     ; Stuck at GND due to stuck port data_in      ;
; bg_engine:u_bg_engine|tilemap_ram:u_map_buffer|map_ram~8170     ; Stuck at GND due to stuck port data_in      ;
; bg_engine:u_bg_engine|tilemap_ram:u_map_buffer|map_ram~8178     ; Stuck at GND due to stuck port data_in      ;
; bg_engine:u_bg_engine|tilemap_ram:u_map_buffer|map_ram~8186     ; Stuck at GND due to stuck port data_in      ;
; bg_engine:u_bg_engine|tilemap_ram:u_map_buffer|map_ram~8194     ; Stuck at GND due to stuck port data_in      ;
; bg_engine:u_bg_engine|tilemap_ram:u_map_buffer|map_ram~8202     ; Stuck at GND due to stuck port data_in      ;
; bg_engine:u_bg_engine|tilemap_ram:u_map_buffer|map_ram~8210     ; Stuck at GND due to stuck port data_in      ;
; bg_engine:u_bg_engine|tilemap_ram:u_map_buffer|map_ram~8218     ; Stuck at GND due to stuck port data_in      ;
; bg_engine:u_bg_engine|tilemap_ram:u_map_buffer|map_ram~8226     ; Stuck at GND due to stuck port data_in      ;
; bg_engine:u_bg_engine|tilemap_ram:u_map_buffer|map_ram~8234     ; Stuck at GND due to stuck port data_in      ;
; bg_engine:u_bg_engine|tilemap_ram:u_map_buffer|map_ram~8242     ; Stuck at GND due to stuck port data_in      ;
; bg_engine:u_bg_engine|tilemap_ram:u_map_buffer|map_ram~8250     ; Stuck at GND due to stuck port data_in      ;
; bg_engine:u_bg_engine|tilemap_ram:u_map_buffer|map_ram~8258     ; Stuck at GND due to stuck port data_in      ;
; bg_engine:u_bg_engine|tilemap_ram:u_map_buffer|map_ram~8266     ; Stuck at GND due to stuck port data_in      ;
; bg_engine:u_bg_engine|tilemap_ram:u_map_buffer|map_ram~8274     ; Stuck at GND due to stuck port data_in      ;
; bg_engine:u_bg_engine|tilemap_ram:u_map_buffer|map_ram~8282     ; Stuck at GND due to stuck port data_in      ;
; bg_engine:u_bg_engine|tilemap_ram:u_map_buffer|map_ram~8290     ; Stuck at GND due to stuck port data_in      ;
; bg_engine:u_bg_engine|tilemap_ram:u_map_buffer|map_ram~8298     ; Stuck at GND due to stuck port data_in      ;
; bg_engine:u_bg_engine|tilemap_ram:u_map_buffer|map_ram~8306     ; Stuck at GND due to stuck port data_in      ;
; bg_engine:u_bg_engine|tilemap_ram:u_map_buffer|map_ram~8314     ; Stuck at GND due to stuck port data_in      ;
; bg_engine:u_bg_engine|tilemap_ram:u_map_buffer|map_ram~8322     ; Stuck at GND due to stuck port data_in      ;
; bg_engine:u_bg_engine|tilemap_ram:u_map_buffer|map_ram~8330     ; Stuck at GND due to stuck port data_in      ;
; bg_engine:u_bg_engine|tilemap_ram:u_map_buffer|map_ram~8338     ; Stuck at GND due to stuck port data_in      ;
; bg_engine:u_bg_engine|tilemap_ram:u_map_buffer|map_ram~8346     ; Stuck at GND due to stuck port data_in      ;
; bg_engine:u_bg_engine|tilemap_ram:u_map_buffer|map_ram~8354     ; Stuck at GND due to stuck port data_in      ;
; bg_engine:u_bg_engine|tilemap_ram:u_map_buffer|map_ram~8362     ; Stuck at GND due to stuck port data_in      ;
; bg_engine:u_bg_engine|tilemap_ram:u_map_buffer|map_ram~8370     ; Stuck at GND due to stuck port data_in      ;
; bg_engine:u_bg_engine|tilemap_ram:u_map_buffer|map_ram~8378     ; Stuck at GND due to stuck port data_in      ;
; bg_engine:u_bg_engine|tilemap_ram:u_map_buffer|map_ram~8386     ; Stuck at GND due to stuck port data_in      ;
; bg_engine:u_bg_engine|tilemap_ram:u_map_buffer|map_ram~8394     ; Stuck at GND due to stuck port data_in      ;
; bg_engine:u_bg_engine|tilemap_ram:u_map_buffer|map_ram~8402     ; Stuck at GND due to stuck port data_in      ;
; bg_engine:u_bg_engine|tilemap_ram:u_map_buffer|map_ram~8410     ; Stuck at GND due to stuck port data_in      ;
; bg_engine:u_bg_engine|tilemap_ram:u_map_buffer|map_ram~8418     ; Stuck at GND due to stuck port data_in      ;
; bg_engine:u_bg_engine|tilemap_ram:u_map_buffer|map_ram~8426     ; Stuck at GND due to stuck port data_in      ;
; bg_engine:u_bg_engine|tilemap_ram:u_map_buffer|map_ram~8434     ; Stuck at GND due to stuck port data_in      ;
; bg_engine:u_bg_engine|tilemap_ram:u_map_buffer|map_ram~8442     ; Stuck at GND due to stuck port data_in      ;
; bg_engine:u_bg_engine|tilemap_ram:u_map_buffer|map_ram~8450     ; Stuck at GND due to stuck port data_in      ;
; bg_engine:u_bg_engine|tilemap_ram:u_map_buffer|map_ram~8458     ; Stuck at GND due to stuck port data_in      ;
; bg_engine:u_bg_engine|tilemap_ram:u_map_buffer|map_ram~8466     ; Stuck at GND due to stuck port data_in      ;
; bg_engine:u_bg_engine|tilemap_ram:u_map_buffer|map_ram~8474     ; Stuck at GND due to stuck port data_in      ;
; bg_engine:u_bg_engine|tilemap_ram:u_map_buffer|map_ram~8482     ; Stuck at GND due to stuck port data_in      ;
; bg_engine:u_bg_engine|tilemap_ram:u_map_buffer|map_ram~8490     ; Stuck at GND due to stuck port data_in      ;
; bg_engine:u_bg_engine|tilemap_ram:u_map_buffer|map_ram~8498     ; Stuck at GND due to stuck port data_in      ;
; bg_engine:u_bg_engine|tilemap_ram:u_map_buffer|map_ram~8506     ; Stuck at GND due to stuck port data_in      ;
; bg_engine:u_bg_engine|tilemap_ram:u_map_buffer|map_ram~8514     ; Stuck at GND due to stuck port data_in      ;
; bg_engine:u_bg_engine|tilemap_ram:u_map_buffer|map_ram~8522     ; Stuck at GND due to stuck port data_in      ;
; bg_engine:u_bg_engine|tilemap_ram:u_map_buffer|map_ram~8530     ; Stuck at GND due to stuck port data_in      ;
; bg_engine:u_bg_engine|tilemap_ram:u_map_buffer|map_ram~8538     ; Stuck at GND due to stuck port data_in      ;
; bg_engine:u_bg_engine|tilemap_ram:u_map_buffer|map_ram~8546     ; Stuck at GND due to stuck port data_in      ;
; bg_engine:u_bg_engine|tilemap_ram:u_map_buffer|map_ram~8554     ; Stuck at GND due to stuck port data_in      ;
; bg_engine:u_bg_engine|tilemap_ram:u_map_buffer|map_ram~8562     ; Stuck at GND due to stuck port data_in      ;
; bg_engine:u_bg_engine|tilemap_ram:u_map_buffer|map_ram~8570     ; Stuck at GND due to stuck port data_in      ;
; bg_engine:u_bg_engine|tilemap_ram:u_map_buffer|map_ram~8578     ; Stuck at GND due to stuck port data_in      ;
; bg_engine:u_bg_engine|tilemap_ram:u_map_buffer|map_ram~8586     ; Stuck at GND due to stuck port data_in      ;
; bg_engine:u_bg_engine|tilemap_ram:u_map_buffer|map_ram~8594     ; Stuck at GND due to stuck port data_in      ;
; bg_engine:u_bg_engine|tilemap_ram:u_map_buffer|map_ram~8602     ; Stuck at GND due to stuck port data_in      ;
; bg_engine:u_bg_engine|tilemap_ram:u_map_buffer|map_ram~8610     ; Stuck at GND due to stuck port data_in      ;
; bg_engine:u_bg_engine|tilemap_ram:u_map_buffer|map_ram~8618     ; Stuck at GND due to stuck port data_in      ;
; bg_engine:u_bg_engine|tilemap_ram:u_map_buffer|map_ram~8626     ; Stuck at GND due to stuck port data_in      ;
; bg_engine:u_bg_engine|tilemap_ram:u_map_buffer|map_ram~8634     ; Stuck at GND due to stuck port data_in      ;
; bg_engine:u_bg_engine|tilemap_ram:u_map_buffer|map_ram~8642     ; Stuck at GND due to stuck port data_in      ;
; bg_engine:u_bg_engine|tilemap_ram:u_map_buffer|map_ram~8650     ; Stuck at GND due to stuck port data_in      ;
; bg_engine:u_bg_engine|tilemap_ram:u_map_buffer|map_ram~8658     ; Stuck at GND due to stuck port data_in      ;
; bg_engine:u_bg_engine|tilemap_ram:u_map_buffer|map_ram~8666     ; Stuck at GND due to stuck port data_in      ;
; bg_engine:u_bg_engine|tilemap_ram:u_map_buffer|map_ram~8674     ; Stuck at GND due to stuck port data_in      ;
; bg_engine:u_bg_engine|tilemap_ram:u_map_buffer|map_ram~8682     ; Stuck at GND due to stuck port data_in      ;
; bg_engine:u_bg_engine|tilemap_ram:u_map_buffer|map_ram~8690     ; Stuck at GND due to stuck port data_in      ;
; bg_engine:u_bg_engine|tilemap_ram:u_map_buffer|map_ram~8698     ; Stuck at GND due to stuck port data_in      ;
; bg_engine:u_bg_engine|tilemap_ram:u_map_buffer|map_ram~8706     ; Stuck at GND due to stuck port data_in      ;
; bg_engine:u_bg_engine|tilemap_ram:u_map_buffer|map_ram~8714     ; Stuck at GND due to stuck port data_in      ;
; bg_engine:u_bg_engine|tilemap_ram:u_map_buffer|map_ram~8722     ; Stuck at GND due to stuck port data_in      ;
; bg_engine:u_bg_engine|tilemap_ram:u_map_buffer|map_ram~8730     ; Stuck at GND due to stuck port data_in      ;
; bg_engine:u_bg_engine|tilemap_ram:u_map_buffer|map_ram~8738     ; Stuck at GND due to stuck port data_in      ;
; bg_engine:u_bg_engine|tilemap_ram:u_map_buffer|map_ram~8746     ; Stuck at GND due to stuck port data_in      ;
; bg_engine:u_bg_engine|tilemap_ram:u_map_buffer|map_ram~8754     ; Stuck at GND due to stuck port data_in      ;
; bg_engine:u_bg_engine|tilemap_ram:u_map_buffer|map_ram~8762     ; Stuck at GND due to stuck port data_in      ;
; bg_engine:u_bg_engine|tilemap_ram:u_map_buffer|map_ram~8770     ; Stuck at GND due to stuck port data_in      ;
; bg_engine:u_bg_engine|tilemap_ram:u_map_buffer|map_ram~8778     ; Stuck at GND due to stuck port data_in      ;
; bg_engine:u_bg_engine|tilemap_ram:u_map_buffer|map_ram~8786     ; Stuck at GND due to stuck port data_in      ;
; bg_engine:u_bg_engine|tilemap_ram:u_map_buffer|map_ram~8794     ; Stuck at GND due to stuck port data_in      ;
; bg_engine:u_bg_engine|tilemap_ram:u_map_buffer|map_ram~8802     ; Stuck at GND due to stuck port data_in      ;
; bg_engine:u_bg_engine|tilemap_ram:u_map_buffer|map_ram~8810     ; Stuck at GND due to stuck port data_in      ;
; bg_engine:u_bg_engine|tilemap_ram:u_map_buffer|map_ram~8818     ; Stuck at GND due to stuck port data_in      ;
; bg_engine:u_bg_engine|tilemap_ram:u_map_buffer|map_ram~8826     ; Stuck at GND due to stuck port data_in      ;
; bg_engine:u_bg_engine|tilemap_ram:u_map_buffer|map_ram~8834     ; Stuck at GND due to stuck port data_in      ;
; bg_engine:u_bg_engine|tilemap_ram:u_map_buffer|map_ram~8842     ; Stuck at GND due to stuck port data_in      ;
; bg_engine:u_bg_engine|tilemap_ram:u_map_buffer|map_ram~8850     ; Stuck at GND due to stuck port data_in      ;
; bg_engine:u_bg_engine|tilemap_ram:u_map_buffer|map_ram~8858     ; Stuck at GND due to stuck port data_in      ;
; bg_engine:u_bg_engine|tilemap_ram:u_map_buffer|map_ram~8866     ; Stuck at GND due to stuck port data_in      ;
; bg_engine:u_bg_engine|tilemap_ram:u_map_buffer|map_ram~8874     ; Stuck at GND due to stuck port data_in      ;
; bg_engine:u_bg_engine|tilemap_ram:u_map_buffer|map_ram~8882     ; Stuck at GND due to stuck port data_in      ;
; bg_engine:u_bg_engine|tilemap_ram:u_map_buffer|map_ram~8890     ; Stuck at GND due to stuck port data_in      ;
; bg_engine:u_bg_engine|tilemap_ram:u_map_buffer|map_ram~8898     ; Stuck at GND due to stuck port data_in      ;
; bg_engine:u_bg_engine|tilemap_ram:u_map_buffer|map_ram~8906     ; Stuck at GND due to stuck port data_in      ;
; bg_engine:u_bg_engine|tilemap_ram:u_map_buffer|map_ram~8914     ; Stuck at GND due to stuck port data_in      ;
; bg_engine:u_bg_engine|tilemap_ram:u_map_buffer|map_ram~8922     ; Stuck at GND due to stuck port data_in      ;
; bg_engine:u_bg_engine|tilemap_ram:u_map_buffer|map_ram~8930     ; Stuck at GND due to stuck port data_in      ;
; bg_engine:u_bg_engine|tilemap_ram:u_map_buffer|map_ram~8938     ; Stuck at GND due to stuck port data_in      ;
; bg_engine:u_bg_engine|tilemap_ram:u_map_buffer|map_ram~8946     ; Stuck at GND due to stuck port data_in      ;
; bg_engine:u_bg_engine|tilemap_ram:u_map_buffer|map_ram~8954     ; Stuck at GND due to stuck port data_in      ;
; bg_engine:u_bg_engine|tilemap_ram:u_map_buffer|map_ram~8962     ; Stuck at GND due to stuck port data_in      ;
; bg_engine:u_bg_engine|tilemap_ram:u_map_buffer|map_ram~8970     ; Stuck at GND due to stuck port data_in      ;
; bg_engine:u_bg_engine|tilemap_ram:u_map_buffer|map_ram~8978     ; Stuck at GND due to stuck port data_in      ;
; bg_engine:u_bg_engine|tilemap_ram:u_map_buffer|map_ram~8986     ; Stuck at GND due to stuck port data_in      ;
; bg_engine:u_bg_engine|tilemap_ram:u_map_buffer|map_ram~8994     ; Stuck at GND due to stuck port data_in      ;
; bg_engine:u_bg_engine|tilemap_ram:u_map_buffer|map_ram~9002     ; Stuck at GND due to stuck port data_in      ;
; bg_engine:u_bg_engine|tilemap_ram:u_map_buffer|map_ram~9010     ; Stuck at GND due to stuck port data_in      ;
; bg_engine:u_bg_engine|tilemap_ram:u_map_buffer|map_ram~9018     ; Stuck at GND due to stuck port data_in      ;
; bg_engine:u_bg_engine|tilemap_ram:u_map_buffer|map_ram~9026     ; Stuck at GND due to stuck port data_in      ;
; bg_engine:u_bg_engine|tilemap_ram:u_map_buffer|map_ram~9034     ; Stuck at GND due to stuck port data_in      ;
; bg_engine:u_bg_engine|tilemap_ram:u_map_buffer|map_ram~9042     ; Stuck at GND due to stuck port data_in      ;
; bg_engine:u_bg_engine|tilemap_ram:u_map_buffer|map_ram~9050     ; Stuck at GND due to stuck port data_in      ;
; bg_engine:u_bg_engine|tilemap_ram:u_map_buffer|map_ram~9058     ; Stuck at GND due to stuck port data_in      ;
; bg_engine:u_bg_engine|tilemap_ram:u_map_buffer|map_ram~9066     ; Stuck at GND due to stuck port data_in      ;
; bg_engine:u_bg_engine|tilemap_ram:u_map_buffer|map_ram~9074     ; Stuck at GND due to stuck port data_in      ;
; bg_engine:u_bg_engine|tilemap_ram:u_map_buffer|map_ram~9082     ; Stuck at GND due to stuck port data_in      ;
; bg_engine:u_bg_engine|tilemap_ram:u_map_buffer|map_ram~9090     ; Stuck at GND due to stuck port data_in      ;
; bg_engine:u_bg_engine|tilemap_ram:u_map_buffer|map_ram~9098     ; Stuck at GND due to stuck port data_in      ;
; bg_engine:u_bg_engine|tilemap_ram:u_map_buffer|map_ram~9106     ; Stuck at GND due to stuck port data_in      ;
; bg_engine:u_bg_engine|tilemap_ram:u_map_buffer|map_ram~9114     ; Stuck at GND due to stuck port data_in      ;
; bg_engine:u_bg_engine|tilemap_ram:u_map_buffer|map_ram~9122     ; Stuck at GND due to stuck port data_in      ;
; bg_engine:u_bg_engine|tilemap_ram:u_map_buffer|map_ram~9130     ; Stuck at GND due to stuck port data_in      ;
; bg_engine:u_bg_engine|tilemap_ram:u_map_buffer|map_ram~9138     ; Stuck at GND due to stuck port data_in      ;
; bg_engine:u_bg_engine|tilemap_ram:u_map_buffer|map_ram~9146     ; Stuck at GND due to stuck port data_in      ;
; bg_engine:u_bg_engine|tilemap_ram:u_map_buffer|map_ram~9154     ; Stuck at GND due to stuck port data_in      ;
; bg_engine:u_bg_engine|tilemap_ram:u_map_buffer|map_ram~9162     ; Stuck at GND due to stuck port data_in      ;
; bg_engine:u_bg_engine|tilemap_ram:u_map_buffer|map_ram~9170     ; Stuck at GND due to stuck port data_in      ;
; bg_engine:u_bg_engine|tilemap_ram:u_map_buffer|map_ram~9178     ; Stuck at GND due to stuck port data_in      ;
; bg_engine:u_bg_engine|tilemap_ram:u_map_buffer|map_ram~9186     ; Stuck at GND due to stuck port data_in      ;
; bg_engine:u_bg_engine|tilemap_ram:u_map_buffer|map_ram~9194     ; Stuck at GND due to stuck port data_in      ;
; bg_engine:u_bg_engine|tilemap_ram:u_map_buffer|map_ram~9202     ; Stuck at GND due to stuck port data_in      ;
; bg_engine:u_bg_engine|tilemap_ram:u_map_buffer|map_ram~9210     ; Stuck at GND due to stuck port data_in      ;
; bg_engine:u_bg_engine|tilemap_ram:u_map_buffer|map_ram~9218     ; Stuck at GND due to stuck port data_in      ;
; bg_engine:u_bg_engine|tilemap_ram:u_map_buffer|map_ram~9226     ; Stuck at GND due to stuck port data_in      ;
; bg_engine:u_bg_engine|tilemap_ram:u_map_buffer|map_ram~9234     ; Stuck at GND due to stuck port data_in      ;
; bg_engine:u_bg_engine|tilemap_ram:u_map_buffer|map_ram~9242     ; Stuck at GND due to stuck port data_in      ;
; bg_engine:u_bg_engine|tilemap_ram:u_map_buffer|map_ram~9250     ; Stuck at GND due to stuck port data_in      ;
; bg_engine:u_bg_engine|tilemap_ram:u_map_buffer|map_ram~9258     ; Stuck at GND due to stuck port data_in      ;
; bg_engine:u_bg_engine|tilemap_ram:u_map_buffer|map_ram~9266     ; Stuck at GND due to stuck port data_in      ;
; bg_engine:u_bg_engine|tilemap_ram:u_map_buffer|map_ram~9274     ; Stuck at GND due to stuck port data_in      ;
; bg_engine:u_bg_engine|tilemap_ram:u_map_buffer|map_ram~9282     ; Stuck at GND due to stuck port data_in      ;
; bg_engine:u_bg_engine|tilemap_ram:u_map_buffer|map_ram~9290     ; Stuck at GND due to stuck port data_in      ;
; bg_engine:u_bg_engine|tilemap_ram:u_map_buffer|map_ram~9298     ; Stuck at GND due to stuck port data_in      ;
; bg_engine:u_bg_engine|tilemap_ram:u_map_buffer|map_ram~9306     ; Stuck at GND due to stuck port data_in      ;
; bg_engine:u_bg_engine|tilemap_ram:u_map_buffer|map_ram~9314     ; Stuck at GND due to stuck port data_in      ;
; bg_engine:u_bg_engine|tilemap_ram:u_map_buffer|map_ram~9322     ; Stuck at GND due to stuck port data_in      ;
; bg_engine:u_bg_engine|tilemap_ram:u_map_buffer|map_ram~9330     ; Stuck at GND due to stuck port data_in      ;
; bg_engine:u_bg_engine|tilemap_ram:u_map_buffer|map_ram~9338     ; Stuck at GND due to stuck port data_in      ;
; bg_engine:u_bg_engine|tilemap_ram:u_map_buffer|map_ram~9346     ; Stuck at GND due to stuck port data_in      ;
; bg_engine:u_bg_engine|tilemap_ram:u_map_buffer|map_ram~9354     ; Stuck at GND due to stuck port data_in      ;
; bg_engine:u_bg_engine|tilemap_ram:u_map_buffer|map_ram~9362     ; Stuck at GND due to stuck port data_in      ;
; bg_engine:u_bg_engine|tilemap_ram:u_map_buffer|map_ram~9370     ; Stuck at GND due to stuck port data_in      ;
; bg_engine:u_bg_engine|tilemap_ram:u_map_buffer|map_ram~9378     ; Stuck at GND due to stuck port data_in      ;
; bg_engine:u_bg_engine|tilemap_ram:u_map_buffer|map_ram~9386     ; Stuck at GND due to stuck port data_in      ;
; bg_engine:u_bg_engine|tilemap_ram:u_map_buffer|map_ram~9394     ; Stuck at GND due to stuck port data_in      ;
; bg_engine:u_bg_engine|tilemap_ram:u_map_buffer|map_ram~9402     ; Stuck at GND due to stuck port data_in      ;
; bg_engine:u_bg_engine|tilemap_ram:u_map_buffer|map_ram~9410     ; Stuck at GND due to stuck port data_in      ;
; bg_engine:u_bg_engine|tilemap_ram:u_map_buffer|map_ram~9418     ; Stuck at GND due to stuck port data_in      ;
; bg_engine:u_bg_engine|tilemap_ram:u_map_buffer|map_ram~9426     ; Stuck at GND due to stuck port data_in      ;
; bg_engine:u_bg_engine|tilemap_ram:u_map_buffer|map_ram~9434     ; Stuck at GND due to stuck port data_in      ;
; bg_engine:u_bg_engine|tilemap_ram:u_map_buffer|map_ram~9442     ; Stuck at GND due to stuck port data_in      ;
; bg_engine:u_bg_engine|tilemap_ram:u_map_buffer|map_ram~9450     ; Stuck at GND due to stuck port data_in      ;
; bg_engine:u_bg_engine|tilemap_ram:u_map_buffer|map_ram~9458     ; Stuck at GND due to stuck port data_in      ;
; bg_engine:u_bg_engine|tilemap_ram:u_map_buffer|map_ram~9466     ; Stuck at GND due to stuck port data_in      ;
; bg_engine:u_bg_engine|tilemap_ram:u_map_buffer|map_ram~9474     ; Stuck at GND due to stuck port data_in      ;
; bg_engine:u_bg_engine|tilemap_ram:u_map_buffer|map_ram~9482     ; Stuck at GND due to stuck port data_in      ;
; bg_engine:u_bg_engine|tilemap_ram:u_map_buffer|map_ram~9490     ; Stuck at GND due to stuck port data_in      ;
; bg_engine:u_bg_engine|tilemap_ram:u_map_buffer|map_ram~9498     ; Stuck at GND due to stuck port data_in      ;
; bg_engine:u_bg_engine|tilemap_ram:u_map_buffer|map_ram~9506     ; Stuck at GND due to stuck port data_in      ;
; bg_engine:u_bg_engine|tilemap_ram:u_map_buffer|map_ram~9514     ; Stuck at GND due to stuck port data_in      ;
; bg_engine:u_bg_engine|tilemap_ram:u_map_buffer|map_ram~9522     ; Stuck at GND due to stuck port data_in      ;
; bg_engine:u_bg_engine|tilemap_ram:u_map_buffer|map_ram~9530     ; Stuck at GND due to stuck port data_in      ;
; bg_engine:u_bg_engine|tilemap_ram:u_map_buffer|map_ram~9538     ; Stuck at GND due to stuck port data_in      ;
; bg_engine:u_bg_engine|tilemap_ram:u_map_buffer|map_ram~9546     ; Stuck at GND due to stuck port data_in      ;
; bg_engine:u_bg_engine|tilemap_ram:u_map_buffer|map_ram~9554     ; Stuck at GND due to stuck port data_in      ;
; bg_engine:u_bg_engine|tilemap_ram:u_map_buffer|map_ram~9562     ; Stuck at GND due to stuck port data_in      ;
; bg_engine:u_bg_engine|tilemap_ram:u_map_buffer|map_ram~9570     ; Stuck at GND due to stuck port data_in      ;
; bg_engine:u_bg_engine|tilemap_ram:u_map_buffer|map_ram~9578     ; Stuck at GND due to stuck port data_in      ;
; bg_engine:u_bg_engine|tilemap_ram:u_map_buffer|map_ram~9586     ; Stuck at GND due to stuck port data_in      ;
; bg_engine:u_bg_engine|tilemap_ram:u_map_buffer|map_ram~9594     ; Stuck at GND due to stuck port data_in      ;
; bg_engine:u_bg_engine|tilemap_ram:u_map_buffer|map_ram~11       ; Stuck at GND due to stuck port data_in      ;
; bg_engine:u_bg_engine|tilemap_ram:u_map_buffer|map_ram~19       ; Stuck at GND due to stuck port data_in      ;
; bg_engine:u_bg_engine|tilemap_ram:u_map_buffer|map_ram~27       ; Stuck at GND due to stuck port data_in      ;
; bg_engine:u_bg_engine|tilemap_ram:u_map_buffer|map_ram~35       ; Stuck at GND due to stuck port data_in      ;
; bg_engine:u_bg_engine|tilemap_ram:u_map_buffer|map_ram~43       ; Stuck at GND due to stuck port data_in      ;
; bg_engine:u_bg_engine|tilemap_ram:u_map_buffer|map_ram~51       ; Stuck at GND due to stuck port data_in      ;
; bg_engine:u_bg_engine|tilemap_ram:u_map_buffer|map_ram~59       ; Stuck at GND due to stuck port data_in      ;
; bg_engine:u_bg_engine|tilemap_ram:u_map_buffer|map_ram~67       ; Stuck at GND due to stuck port data_in      ;
; bg_engine:u_bg_engine|tilemap_ram:u_map_buffer|map_ram~75       ; Stuck at GND due to stuck port data_in      ;
; bg_engine:u_bg_engine|tilemap_ram:u_map_buffer|map_ram~83       ; Stuck at GND due to stuck port data_in      ;
; bg_engine:u_bg_engine|tilemap_ram:u_map_buffer|map_ram~91       ; Stuck at GND due to stuck port data_in      ;
; bg_engine:u_bg_engine|tilemap_ram:u_map_buffer|map_ram~99       ; Stuck at GND due to stuck port data_in      ;
; bg_engine:u_bg_engine|tilemap_ram:u_map_buffer|map_ram~107      ; Stuck at GND due to stuck port data_in      ;
; bg_engine:u_bg_engine|tilemap_ram:u_map_buffer|map_ram~115      ; Stuck at GND due to stuck port data_in      ;
; bg_engine:u_bg_engine|tilemap_ram:u_map_buffer|map_ram~123      ; Stuck at GND due to stuck port data_in      ;
; bg_engine:u_bg_engine|tilemap_ram:u_map_buffer|map_ram~131      ; Stuck at GND due to stuck port data_in      ;
; bg_engine:u_bg_engine|tilemap_ram:u_map_buffer|map_ram~139      ; Stuck at GND due to stuck port data_in      ;
; bg_engine:u_bg_engine|tilemap_ram:u_map_buffer|map_ram~147      ; Stuck at GND due to stuck port data_in      ;
; bg_engine:u_bg_engine|tilemap_ram:u_map_buffer|map_ram~155      ; Stuck at GND due to stuck port data_in      ;
; bg_engine:u_bg_engine|tilemap_ram:u_map_buffer|map_ram~163      ; Stuck at GND due to stuck port data_in      ;
; bg_engine:u_bg_engine|tilemap_ram:u_map_buffer|map_ram~171      ; Stuck at GND due to stuck port data_in      ;
; bg_engine:u_bg_engine|tilemap_ram:u_map_buffer|map_ram~179      ; Stuck at GND due to stuck port data_in      ;
; bg_engine:u_bg_engine|tilemap_ram:u_map_buffer|map_ram~187      ; Stuck at GND due to stuck port data_in      ;
; bg_engine:u_bg_engine|tilemap_ram:u_map_buffer|map_ram~195      ; Stuck at GND due to stuck port data_in      ;
; bg_engine:u_bg_engine|tilemap_ram:u_map_buffer|map_ram~203      ; Stuck at GND due to stuck port data_in      ;
; bg_engine:u_bg_engine|tilemap_ram:u_map_buffer|map_ram~211      ; Stuck at GND due to stuck port data_in      ;
; bg_engine:u_bg_engine|tilemap_ram:u_map_buffer|map_ram~219      ; Stuck at GND due to stuck port data_in      ;
; bg_engine:u_bg_engine|tilemap_ram:u_map_buffer|map_ram~227      ; Stuck at GND due to stuck port data_in      ;
; bg_engine:u_bg_engine|tilemap_ram:u_map_buffer|map_ram~235      ; Stuck at GND due to stuck port data_in      ;
; bg_engine:u_bg_engine|tilemap_ram:u_map_buffer|map_ram~243      ; Stuck at GND due to stuck port data_in      ;
; bg_engine:u_bg_engine|tilemap_ram:u_map_buffer|map_ram~251      ; Stuck at GND due to stuck port data_in      ;
; bg_engine:u_bg_engine|tilemap_ram:u_map_buffer|map_ram~259      ; Stuck at GND due to stuck port data_in      ;
; bg_engine:u_bg_engine|tilemap_ram:u_map_buffer|map_ram~267      ; Stuck at GND due to stuck port data_in      ;
; bg_engine:u_bg_engine|tilemap_ram:u_map_buffer|map_ram~275      ; Stuck at GND due to stuck port data_in      ;
; bg_engine:u_bg_engine|tilemap_ram:u_map_buffer|map_ram~283      ; Stuck at GND due to stuck port data_in      ;
; bg_engine:u_bg_engine|tilemap_ram:u_map_buffer|map_ram~291      ; Stuck at GND due to stuck port data_in      ;
; bg_engine:u_bg_engine|tilemap_ram:u_map_buffer|map_ram~299      ; Stuck at GND due to stuck port data_in      ;
; bg_engine:u_bg_engine|tilemap_ram:u_map_buffer|map_ram~307      ; Stuck at GND due to stuck port data_in      ;
; bg_engine:u_bg_engine|tilemap_ram:u_map_buffer|map_ram~315      ; Stuck at GND due to stuck port data_in      ;
; bg_engine:u_bg_engine|tilemap_ram:u_map_buffer|map_ram~331      ; Stuck at GND due to stuck port data_in      ;
; bg_engine:u_bg_engine|tilemap_ram:u_map_buffer|map_ram~339      ; Stuck at GND due to stuck port data_in      ;
; bg_engine:u_bg_engine|tilemap_ram:u_map_buffer|map_ram~347      ; Stuck at GND due to stuck port data_in      ;
; bg_engine:u_bg_engine|tilemap_ram:u_map_buffer|map_ram~355      ; Stuck at GND due to stuck port data_in      ;
; bg_engine:u_bg_engine|tilemap_ram:u_map_buffer|map_ram~363      ; Stuck at GND due to stuck port data_in      ;
; bg_engine:u_bg_engine|tilemap_ram:u_map_buffer|map_ram~371      ; Stuck at GND due to stuck port data_in      ;
; bg_engine:u_bg_engine|tilemap_ram:u_map_buffer|map_ram~379      ; Stuck at GND due to stuck port data_in      ;
; bg_engine:u_bg_engine|tilemap_ram:u_map_buffer|map_ram~387      ; Stuck at GND due to stuck port data_in      ;
; bg_engine:u_bg_engine|tilemap_ram:u_map_buffer|map_ram~395      ; Stuck at GND due to stuck port data_in      ;
; bg_engine:u_bg_engine|tilemap_ram:u_map_buffer|map_ram~403      ; Stuck at GND due to stuck port data_in      ;
; bg_engine:u_bg_engine|tilemap_ram:u_map_buffer|map_ram~411      ; Stuck at GND due to stuck port data_in      ;
; bg_engine:u_bg_engine|tilemap_ram:u_map_buffer|map_ram~419      ; Stuck at GND due to stuck port data_in      ;
; bg_engine:u_bg_engine|tilemap_ram:u_map_buffer|map_ram~427      ; Stuck at GND due to stuck port data_in      ;
; bg_engine:u_bg_engine|tilemap_ram:u_map_buffer|map_ram~435      ; Stuck at GND due to stuck port data_in      ;
; bg_engine:u_bg_engine|tilemap_ram:u_map_buffer|map_ram~443      ; Stuck at GND due to stuck port data_in      ;
; bg_engine:u_bg_engine|tilemap_ram:u_map_buffer|map_ram~451      ; Stuck at GND due to stuck port data_in      ;
; bg_engine:u_bg_engine|tilemap_ram:u_map_buffer|map_ram~459      ; Stuck at GND due to stuck port data_in      ;
; bg_engine:u_bg_engine|tilemap_ram:u_map_buffer|map_ram~467      ; Stuck at GND due to stuck port data_in      ;
; bg_engine:u_bg_engine|tilemap_ram:u_map_buffer|map_ram~475      ; Stuck at GND due to stuck port data_in      ;
; bg_engine:u_bg_engine|tilemap_ram:u_map_buffer|map_ram~483      ; Stuck at GND due to stuck port data_in      ;
; bg_engine:u_bg_engine|tilemap_ram:u_map_buffer|map_ram~491      ; Stuck at GND due to stuck port data_in      ;
; bg_engine:u_bg_engine|tilemap_ram:u_map_buffer|map_ram~499      ; Stuck at GND due to stuck port data_in      ;
; bg_engine:u_bg_engine|tilemap_ram:u_map_buffer|map_ram~507      ; Stuck at GND due to stuck port data_in      ;
; bg_engine:u_bg_engine|tilemap_ram:u_map_buffer|map_ram~515      ; Stuck at GND due to stuck port data_in      ;
; bg_engine:u_bg_engine|tilemap_ram:u_map_buffer|map_ram~523      ; Stuck at GND due to stuck port data_in      ;
; bg_engine:u_bg_engine|tilemap_ram:u_map_buffer|map_ram~531      ; Stuck at GND due to stuck port data_in      ;
; bg_engine:u_bg_engine|tilemap_ram:u_map_buffer|map_ram~539      ; Stuck at GND due to stuck port data_in      ;
; bg_engine:u_bg_engine|tilemap_ram:u_map_buffer|map_ram~547      ; Stuck at GND due to stuck port data_in      ;
; bg_engine:u_bg_engine|tilemap_ram:u_map_buffer|map_ram~555      ; Stuck at GND due to stuck port data_in      ;
; bg_engine:u_bg_engine|tilemap_ram:u_map_buffer|map_ram~563      ; Stuck at GND due to stuck port data_in      ;
; bg_engine:u_bg_engine|tilemap_ram:u_map_buffer|map_ram~571      ; Stuck at GND due to stuck port data_in      ;
; bg_engine:u_bg_engine|tilemap_ram:u_map_buffer|map_ram~579      ; Stuck at GND due to stuck port data_in      ;
; bg_engine:u_bg_engine|tilemap_ram:u_map_buffer|map_ram~587      ; Stuck at GND due to stuck port data_in      ;
; bg_engine:u_bg_engine|tilemap_ram:u_map_buffer|map_ram~595      ; Stuck at GND due to stuck port data_in      ;
; bg_engine:u_bg_engine|tilemap_ram:u_map_buffer|map_ram~603      ; Stuck at GND due to stuck port data_in      ;
; bg_engine:u_bg_engine|tilemap_ram:u_map_buffer|map_ram~611      ; Stuck at GND due to stuck port data_in      ;
; bg_engine:u_bg_engine|tilemap_ram:u_map_buffer|map_ram~619      ; Stuck at GND due to stuck port data_in      ;
; bg_engine:u_bg_engine|tilemap_ram:u_map_buffer|map_ram~627      ; Stuck at GND due to stuck port data_in      ;
; bg_engine:u_bg_engine|tilemap_ram:u_map_buffer|map_ram~635      ; Stuck at GND due to stuck port data_in      ;
; bg_engine:u_bg_engine|tilemap_ram:u_map_buffer|map_ram~651      ; Stuck at GND due to stuck port data_in      ;
; bg_engine:u_bg_engine|tilemap_ram:u_map_buffer|map_ram~659      ; Stuck at GND due to stuck port data_in      ;
; bg_engine:u_bg_engine|tilemap_ram:u_map_buffer|map_ram~667      ; Stuck at GND due to stuck port data_in      ;
; bg_engine:u_bg_engine|tilemap_ram:u_map_buffer|map_ram~675      ; Stuck at GND due to stuck port data_in      ;
; bg_engine:u_bg_engine|tilemap_ram:u_map_buffer|map_ram~683      ; Stuck at GND due to stuck port data_in      ;
; bg_engine:u_bg_engine|tilemap_ram:u_map_buffer|map_ram~691      ; Stuck at GND due to stuck port data_in      ;
; bg_engine:u_bg_engine|tilemap_ram:u_map_buffer|map_ram~699      ; Stuck at GND due to stuck port data_in      ;
; bg_engine:u_bg_engine|tilemap_ram:u_map_buffer|map_ram~707      ; Stuck at GND due to stuck port data_in      ;
; bg_engine:u_bg_engine|tilemap_ram:u_map_buffer|map_ram~715      ; Stuck at GND due to stuck port data_in      ;
; bg_engine:u_bg_engine|tilemap_ram:u_map_buffer|map_ram~723      ; Stuck at GND due to stuck port data_in      ;
; bg_engine:u_bg_engine|tilemap_ram:u_map_buffer|map_ram~731      ; Stuck at GND due to stuck port data_in      ;
; bg_engine:u_bg_engine|tilemap_ram:u_map_buffer|map_ram~739      ; Stuck at GND due to stuck port data_in      ;
; bg_engine:u_bg_engine|tilemap_ram:u_map_buffer|map_ram~747      ; Stuck at GND due to stuck port data_in      ;
; bg_engine:u_bg_engine|tilemap_ram:u_map_buffer|map_ram~755      ; Stuck at GND due to stuck port data_in      ;
; bg_engine:u_bg_engine|tilemap_ram:u_map_buffer|map_ram~763      ; Stuck at GND due to stuck port data_in      ;
; bg_engine:u_bg_engine|tilemap_ram:u_map_buffer|map_ram~771      ; Stuck at GND due to stuck port data_in      ;
; bg_engine:u_bg_engine|tilemap_ram:u_map_buffer|map_ram~779      ; Stuck at GND due to stuck port data_in      ;
; bg_engine:u_bg_engine|tilemap_ram:u_map_buffer|map_ram~787      ; Stuck at GND due to stuck port data_in      ;
; bg_engine:u_bg_engine|tilemap_ram:u_map_buffer|map_ram~795      ; Stuck at GND due to stuck port data_in      ;
; bg_engine:u_bg_engine|tilemap_ram:u_map_buffer|map_ram~803      ; Stuck at GND due to stuck port data_in      ;
; bg_engine:u_bg_engine|tilemap_ram:u_map_buffer|map_ram~811      ; Stuck at GND due to stuck port data_in      ;
; bg_engine:u_bg_engine|tilemap_ram:u_map_buffer|map_ram~819      ; Stuck at GND due to stuck port data_in      ;
; bg_engine:u_bg_engine|tilemap_ram:u_map_buffer|map_ram~827      ; Stuck at GND due to stuck port data_in      ;
; bg_engine:u_bg_engine|tilemap_ram:u_map_buffer|map_ram~835      ; Stuck at GND due to stuck port data_in      ;
; bg_engine:u_bg_engine|tilemap_ram:u_map_buffer|map_ram~843      ; Stuck at GND due to stuck port data_in      ;
; bg_engine:u_bg_engine|tilemap_ram:u_map_buffer|map_ram~851      ; Stuck at GND due to stuck port data_in      ;
; bg_engine:u_bg_engine|tilemap_ram:u_map_buffer|map_ram~859      ; Stuck at GND due to stuck port data_in      ;
; bg_engine:u_bg_engine|tilemap_ram:u_map_buffer|map_ram~867      ; Stuck at GND due to stuck port data_in      ;
; bg_engine:u_bg_engine|tilemap_ram:u_map_buffer|map_ram~875      ; Stuck at GND due to stuck port data_in      ;
; bg_engine:u_bg_engine|tilemap_ram:u_map_buffer|map_ram~883      ; Stuck at GND due to stuck port data_in      ;
; bg_engine:u_bg_engine|tilemap_ram:u_map_buffer|map_ram~891      ; Stuck at GND due to stuck port data_in      ;
; bg_engine:u_bg_engine|tilemap_ram:u_map_buffer|map_ram~899      ; Stuck at GND due to stuck port data_in      ;
; bg_engine:u_bg_engine|tilemap_ram:u_map_buffer|map_ram~907      ; Stuck at GND due to stuck port data_in      ;
; bg_engine:u_bg_engine|tilemap_ram:u_map_buffer|map_ram~915      ; Stuck at GND due to stuck port data_in      ;
; bg_engine:u_bg_engine|tilemap_ram:u_map_buffer|map_ram~923      ; Stuck at GND due to stuck port data_in      ;
; bg_engine:u_bg_engine|tilemap_ram:u_map_buffer|map_ram~931      ; Stuck at GND due to stuck port data_in      ;
; bg_engine:u_bg_engine|tilemap_ram:u_map_buffer|map_ram~939      ; Stuck at GND due to stuck port data_in      ;
; bg_engine:u_bg_engine|tilemap_ram:u_map_buffer|map_ram~947      ; Stuck at GND due to stuck port data_in      ;
; bg_engine:u_bg_engine|tilemap_ram:u_map_buffer|map_ram~955      ; Stuck at GND due to stuck port data_in      ;
; bg_engine:u_bg_engine|tilemap_ram:u_map_buffer|map_ram~971      ; Stuck at GND due to stuck port data_in      ;
; bg_engine:u_bg_engine|tilemap_ram:u_map_buffer|map_ram~979      ; Stuck at GND due to stuck port data_in      ;
; bg_engine:u_bg_engine|tilemap_ram:u_map_buffer|map_ram~987      ; Stuck at GND due to stuck port data_in      ;
; bg_engine:u_bg_engine|tilemap_ram:u_map_buffer|map_ram~995      ; Stuck at GND due to stuck port data_in      ;
; bg_engine:u_bg_engine|tilemap_ram:u_map_buffer|map_ram~1003     ; Stuck at GND due to stuck port data_in      ;
; bg_engine:u_bg_engine|tilemap_ram:u_map_buffer|map_ram~1011     ; Stuck at GND due to stuck port data_in      ;
; bg_engine:u_bg_engine|tilemap_ram:u_map_buffer|map_ram~1019     ; Stuck at GND due to stuck port data_in      ;
; bg_engine:u_bg_engine|tilemap_ram:u_map_buffer|map_ram~1027     ; Stuck at GND due to stuck port data_in      ;
; bg_engine:u_bg_engine|tilemap_ram:u_map_buffer|map_ram~1035     ; Stuck at GND due to stuck port data_in      ;
; bg_engine:u_bg_engine|tilemap_ram:u_map_buffer|map_ram~1043     ; Stuck at GND due to stuck port data_in      ;
; bg_engine:u_bg_engine|tilemap_ram:u_map_buffer|map_ram~1051     ; Stuck at GND due to stuck port data_in      ;
; bg_engine:u_bg_engine|tilemap_ram:u_map_buffer|map_ram~1059     ; Stuck at GND due to stuck port data_in      ;
; bg_engine:u_bg_engine|tilemap_ram:u_map_buffer|map_ram~1067     ; Stuck at GND due to stuck port data_in      ;
; bg_engine:u_bg_engine|tilemap_ram:u_map_buffer|map_ram~1075     ; Stuck at GND due to stuck port data_in      ;
; bg_engine:u_bg_engine|tilemap_ram:u_map_buffer|map_ram~1083     ; Stuck at GND due to stuck port data_in      ;
; bg_engine:u_bg_engine|tilemap_ram:u_map_buffer|map_ram~1091     ; Stuck at GND due to stuck port data_in      ;
; bg_engine:u_bg_engine|tilemap_ram:u_map_buffer|map_ram~1099     ; Stuck at GND due to stuck port data_in      ;
; bg_engine:u_bg_engine|tilemap_ram:u_map_buffer|map_ram~1107     ; Stuck at GND due to stuck port data_in      ;
; bg_engine:u_bg_engine|tilemap_ram:u_map_buffer|map_ram~1115     ; Stuck at GND due to stuck port data_in      ;
; bg_engine:u_bg_engine|tilemap_ram:u_map_buffer|map_ram~1123     ; Stuck at GND due to stuck port data_in      ;
; bg_engine:u_bg_engine|tilemap_ram:u_map_buffer|map_ram~1131     ; Stuck at GND due to stuck port data_in      ;
; bg_engine:u_bg_engine|tilemap_ram:u_map_buffer|map_ram~1139     ; Stuck at GND due to stuck port data_in      ;
; bg_engine:u_bg_engine|tilemap_ram:u_map_buffer|map_ram~1147     ; Stuck at GND due to stuck port data_in      ;
; bg_engine:u_bg_engine|tilemap_ram:u_map_buffer|map_ram~1155     ; Stuck at GND due to stuck port data_in      ;
; bg_engine:u_bg_engine|tilemap_ram:u_map_buffer|map_ram~1163     ; Stuck at GND due to stuck port data_in      ;
; bg_engine:u_bg_engine|tilemap_ram:u_map_buffer|map_ram~1171     ; Stuck at GND due to stuck port data_in      ;
; bg_engine:u_bg_engine|tilemap_ram:u_map_buffer|map_ram~1179     ; Stuck at GND due to stuck port data_in      ;
; bg_engine:u_bg_engine|tilemap_ram:u_map_buffer|map_ram~1187     ; Stuck at GND due to stuck port data_in      ;
; bg_engine:u_bg_engine|tilemap_ram:u_map_buffer|map_ram~1195     ; Stuck at GND due to stuck port data_in      ;
; bg_engine:u_bg_engine|tilemap_ram:u_map_buffer|map_ram~1203     ; Stuck at GND due to stuck port data_in      ;
; bg_engine:u_bg_engine|tilemap_ram:u_map_buffer|map_ram~1211     ; Stuck at GND due to stuck port data_in      ;
; bg_engine:u_bg_engine|tilemap_ram:u_map_buffer|map_ram~1219     ; Stuck at GND due to stuck port data_in      ;
; bg_engine:u_bg_engine|tilemap_ram:u_map_buffer|map_ram~1227     ; Stuck at GND due to stuck port data_in      ;
; bg_engine:u_bg_engine|tilemap_ram:u_map_buffer|map_ram~1235     ; Stuck at GND due to stuck port data_in      ;
; bg_engine:u_bg_engine|tilemap_ram:u_map_buffer|map_ram~1243     ; Stuck at GND due to stuck port data_in      ;
; bg_engine:u_bg_engine|tilemap_ram:u_map_buffer|map_ram~1251     ; Stuck at GND due to stuck port data_in      ;
; bg_engine:u_bg_engine|tilemap_ram:u_map_buffer|map_ram~1259     ; Stuck at GND due to stuck port data_in      ;
; bg_engine:u_bg_engine|tilemap_ram:u_map_buffer|map_ram~1267     ; Stuck at GND due to stuck port data_in      ;
; bg_engine:u_bg_engine|tilemap_ram:u_map_buffer|map_ram~1275     ; Stuck at GND due to stuck port data_in      ;
; bg_engine:u_bg_engine|tilemap_ram:u_map_buffer|map_ram~1283     ; Stuck at GND due to stuck port data_in      ;
; bg_engine:u_bg_engine|tilemap_ram:u_map_buffer|map_ram~1291     ; Stuck at GND due to stuck port data_in      ;
; bg_engine:u_bg_engine|tilemap_ram:u_map_buffer|map_ram~1299     ; Stuck at GND due to stuck port data_in      ;
; bg_engine:u_bg_engine|tilemap_ram:u_map_buffer|map_ram~1307     ; Stuck at GND due to stuck port data_in      ;
; bg_engine:u_bg_engine|tilemap_ram:u_map_buffer|map_ram~1315     ; Stuck at GND due to stuck port data_in      ;
; bg_engine:u_bg_engine|tilemap_ram:u_map_buffer|map_ram~1323     ; Stuck at GND due to stuck port data_in      ;
; bg_engine:u_bg_engine|tilemap_ram:u_map_buffer|map_ram~1331     ; Stuck at GND due to stuck port data_in      ;
; bg_engine:u_bg_engine|tilemap_ram:u_map_buffer|map_ram~1339     ; Stuck at GND due to stuck port data_in      ;
; bg_engine:u_bg_engine|tilemap_ram:u_map_buffer|map_ram~1347     ; Stuck at GND due to stuck port data_in      ;
; bg_engine:u_bg_engine|tilemap_ram:u_map_buffer|map_ram~1355     ; Stuck at GND due to stuck port data_in      ;
; bg_engine:u_bg_engine|tilemap_ram:u_map_buffer|map_ram~1363     ; Stuck at GND due to stuck port data_in      ;
; bg_engine:u_bg_engine|tilemap_ram:u_map_buffer|map_ram~1371     ; Stuck at GND due to stuck port data_in      ;
; bg_engine:u_bg_engine|tilemap_ram:u_map_buffer|map_ram~1379     ; Stuck at GND due to stuck port data_in      ;
; bg_engine:u_bg_engine|tilemap_ram:u_map_buffer|map_ram~1387     ; Stuck at GND due to stuck port data_in      ;
; bg_engine:u_bg_engine|tilemap_ram:u_map_buffer|map_ram~1395     ; Stuck at GND due to stuck port data_in      ;
; bg_engine:u_bg_engine|tilemap_ram:u_map_buffer|map_ram~1403     ; Stuck at GND due to stuck port data_in      ;
; bg_engine:u_bg_engine|tilemap_ram:u_map_buffer|map_ram~1411     ; Stuck at GND due to stuck port data_in      ;
; bg_engine:u_bg_engine|tilemap_ram:u_map_buffer|map_ram~1419     ; Stuck at GND due to stuck port data_in      ;
; bg_engine:u_bg_engine|tilemap_ram:u_map_buffer|map_ram~1427     ; Stuck at GND due to stuck port data_in      ;
; bg_engine:u_bg_engine|tilemap_ram:u_map_buffer|map_ram~1435     ; Stuck at GND due to stuck port data_in      ;
; bg_engine:u_bg_engine|tilemap_ram:u_map_buffer|map_ram~1443     ; Stuck at GND due to stuck port data_in      ;
; bg_engine:u_bg_engine|tilemap_ram:u_map_buffer|map_ram~1451     ; Stuck at GND due to stuck port data_in      ;
; bg_engine:u_bg_engine|tilemap_ram:u_map_buffer|map_ram~1459     ; Stuck at GND due to stuck port data_in      ;
; bg_engine:u_bg_engine|tilemap_ram:u_map_buffer|map_ram~1467     ; Stuck at GND due to stuck port data_in      ;
; bg_engine:u_bg_engine|tilemap_ram:u_map_buffer|map_ram~1475     ; Stuck at GND due to stuck port data_in      ;
; bg_engine:u_bg_engine|tilemap_ram:u_map_buffer|map_ram~1483     ; Stuck at GND due to stuck port data_in      ;
; bg_engine:u_bg_engine|tilemap_ram:u_map_buffer|map_ram~1491     ; Stuck at GND due to stuck port data_in      ;
; bg_engine:u_bg_engine|tilemap_ram:u_map_buffer|map_ram~1499     ; Stuck at GND due to stuck port data_in      ;
; bg_engine:u_bg_engine|tilemap_ram:u_map_buffer|map_ram~1507     ; Stuck at GND due to stuck port data_in      ;
; bg_engine:u_bg_engine|tilemap_ram:u_map_buffer|map_ram~1515     ; Stuck at GND due to stuck port data_in      ;
; bg_engine:u_bg_engine|tilemap_ram:u_map_buffer|map_ram~1523     ; Stuck at GND due to stuck port data_in      ;
; bg_engine:u_bg_engine|tilemap_ram:u_map_buffer|map_ram~1531     ; Stuck at GND due to stuck port data_in      ;
; bg_engine:u_bg_engine|tilemap_ram:u_map_buffer|map_ram~1539     ; Stuck at GND due to stuck port data_in      ;
; bg_engine:u_bg_engine|tilemap_ram:u_map_buffer|map_ram~1547     ; Stuck at GND due to stuck port data_in      ;
; bg_engine:u_bg_engine|tilemap_ram:u_map_buffer|map_ram~1555     ; Stuck at GND due to stuck port data_in      ;
; bg_engine:u_bg_engine|tilemap_ram:u_map_buffer|map_ram~1563     ; Stuck at GND due to stuck port data_in      ;
; bg_engine:u_bg_engine|tilemap_ram:u_map_buffer|map_ram~1571     ; Stuck at GND due to stuck port data_in      ;
; bg_engine:u_bg_engine|tilemap_ram:u_map_buffer|map_ram~1579     ; Stuck at GND due to stuck port data_in      ;
; bg_engine:u_bg_engine|tilemap_ram:u_map_buffer|map_ram~1587     ; Stuck at GND due to stuck port data_in      ;
; bg_engine:u_bg_engine|tilemap_ram:u_map_buffer|map_ram~1595     ; Stuck at GND due to stuck port data_in      ;
; bg_engine:u_bg_engine|tilemap_ram:u_map_buffer|map_ram~1603     ; Stuck at GND due to stuck port data_in      ;
; bg_engine:u_bg_engine|tilemap_ram:u_map_buffer|map_ram~1611     ; Stuck at GND due to stuck port data_in      ;
; bg_engine:u_bg_engine|tilemap_ram:u_map_buffer|map_ram~1619     ; Stuck at GND due to stuck port data_in      ;
; bg_engine:u_bg_engine|tilemap_ram:u_map_buffer|map_ram~1627     ; Stuck at GND due to stuck port data_in      ;
; bg_engine:u_bg_engine|tilemap_ram:u_map_buffer|map_ram~1635     ; Stuck at GND due to stuck port data_in      ;
; bg_engine:u_bg_engine|tilemap_ram:u_map_buffer|map_ram~1643     ; Stuck at GND due to stuck port data_in      ;
; bg_engine:u_bg_engine|tilemap_ram:u_map_buffer|map_ram~1651     ; Stuck at GND due to stuck port data_in      ;
; bg_engine:u_bg_engine|tilemap_ram:u_map_buffer|map_ram~1659     ; Stuck at GND due to stuck port data_in      ;
; bg_engine:u_bg_engine|tilemap_ram:u_map_buffer|map_ram~1667     ; Stuck at GND due to stuck port data_in      ;
; bg_engine:u_bg_engine|tilemap_ram:u_map_buffer|map_ram~1675     ; Stuck at GND due to stuck port data_in      ;
; bg_engine:u_bg_engine|tilemap_ram:u_map_buffer|map_ram~1683     ; Stuck at GND due to stuck port data_in      ;
; bg_engine:u_bg_engine|tilemap_ram:u_map_buffer|map_ram~1691     ; Stuck at GND due to stuck port data_in      ;
; bg_engine:u_bg_engine|tilemap_ram:u_map_buffer|map_ram~1699     ; Stuck at GND due to stuck port data_in      ;
; bg_engine:u_bg_engine|tilemap_ram:u_map_buffer|map_ram~1707     ; Stuck at GND due to stuck port data_in      ;
; bg_engine:u_bg_engine|tilemap_ram:u_map_buffer|map_ram~1715     ; Stuck at GND due to stuck port data_in      ;
; bg_engine:u_bg_engine|tilemap_ram:u_map_buffer|map_ram~1723     ; Stuck at GND due to stuck port data_in      ;
; bg_engine:u_bg_engine|tilemap_ram:u_map_buffer|map_ram~1731     ; Stuck at GND due to stuck port data_in      ;
; bg_engine:u_bg_engine|tilemap_ram:u_map_buffer|map_ram~1739     ; Stuck at GND due to stuck port data_in      ;
; bg_engine:u_bg_engine|tilemap_ram:u_map_buffer|map_ram~1747     ; Stuck at GND due to stuck port data_in      ;
; bg_engine:u_bg_engine|tilemap_ram:u_map_buffer|map_ram~1755     ; Stuck at GND due to stuck port data_in      ;
; bg_engine:u_bg_engine|tilemap_ram:u_map_buffer|map_ram~1763     ; Stuck at GND due to stuck port data_in      ;
; bg_engine:u_bg_engine|tilemap_ram:u_map_buffer|map_ram~1771     ; Stuck at GND due to stuck port data_in      ;
; bg_engine:u_bg_engine|tilemap_ram:u_map_buffer|map_ram~1779     ; Stuck at GND due to stuck port data_in      ;
; bg_engine:u_bg_engine|tilemap_ram:u_map_buffer|map_ram~1787     ; Stuck at GND due to stuck port data_in      ;
; bg_engine:u_bg_engine|tilemap_ram:u_map_buffer|map_ram~1795     ; Stuck at GND due to stuck port data_in      ;
; bg_engine:u_bg_engine|tilemap_ram:u_map_buffer|map_ram~1803     ; Stuck at GND due to stuck port data_in      ;
; bg_engine:u_bg_engine|tilemap_ram:u_map_buffer|map_ram~1811     ; Stuck at GND due to stuck port data_in      ;
; bg_engine:u_bg_engine|tilemap_ram:u_map_buffer|map_ram~1819     ; Stuck at GND due to stuck port data_in      ;
; bg_engine:u_bg_engine|tilemap_ram:u_map_buffer|map_ram~1827     ; Stuck at GND due to stuck port data_in      ;
; bg_engine:u_bg_engine|tilemap_ram:u_map_buffer|map_ram~1835     ; Stuck at GND due to stuck port data_in      ;
; bg_engine:u_bg_engine|tilemap_ram:u_map_buffer|map_ram~1843     ; Stuck at GND due to stuck port data_in      ;
; bg_engine:u_bg_engine|tilemap_ram:u_map_buffer|map_ram~1851     ; Stuck at GND due to stuck port data_in      ;
; bg_engine:u_bg_engine|tilemap_ram:u_map_buffer|map_ram~1859     ; Stuck at GND due to stuck port data_in      ;
; bg_engine:u_bg_engine|tilemap_ram:u_map_buffer|map_ram~1867     ; Stuck at GND due to stuck port data_in      ;
; bg_engine:u_bg_engine|tilemap_ram:u_map_buffer|map_ram~1875     ; Stuck at GND due to stuck port data_in      ;
; bg_engine:u_bg_engine|tilemap_ram:u_map_buffer|map_ram~1883     ; Stuck at GND due to stuck port data_in      ;
; bg_engine:u_bg_engine|tilemap_ram:u_map_buffer|map_ram~1891     ; Stuck at GND due to stuck port data_in      ;
; bg_engine:u_bg_engine|tilemap_ram:u_map_buffer|map_ram~1899     ; Stuck at GND due to stuck port data_in      ;
; bg_engine:u_bg_engine|tilemap_ram:u_map_buffer|map_ram~1907     ; Stuck at GND due to stuck port data_in      ;
; bg_engine:u_bg_engine|tilemap_ram:u_map_buffer|map_ram~1915     ; Stuck at GND due to stuck port data_in      ;
; bg_engine:u_bg_engine|tilemap_ram:u_map_buffer|map_ram~1923     ; Stuck at GND due to stuck port data_in      ;
; bg_engine:u_bg_engine|tilemap_ram:u_map_buffer|map_ram~1931     ; Stuck at GND due to stuck port data_in      ;
; bg_engine:u_bg_engine|tilemap_ram:u_map_buffer|map_ram~1939     ; Stuck at GND due to stuck port data_in      ;
; bg_engine:u_bg_engine|tilemap_ram:u_map_buffer|map_ram~1947     ; Stuck at GND due to stuck port data_in      ;
; bg_engine:u_bg_engine|tilemap_ram:u_map_buffer|map_ram~1955     ; Stuck at GND due to stuck port data_in      ;
; bg_engine:u_bg_engine|tilemap_ram:u_map_buffer|map_ram~1963     ; Stuck at GND due to stuck port data_in      ;
; bg_engine:u_bg_engine|tilemap_ram:u_map_buffer|map_ram~1971     ; Stuck at GND due to stuck port data_in      ;
; bg_engine:u_bg_engine|tilemap_ram:u_map_buffer|map_ram~1979     ; Stuck at GND due to stuck port data_in      ;
; bg_engine:u_bg_engine|tilemap_ram:u_map_buffer|map_ram~1987     ; Stuck at GND due to stuck port data_in      ;
; bg_engine:u_bg_engine|tilemap_ram:u_map_buffer|map_ram~1995     ; Stuck at GND due to stuck port data_in      ;
; bg_engine:u_bg_engine|tilemap_ram:u_map_buffer|map_ram~2003     ; Stuck at GND due to stuck port data_in      ;
; bg_engine:u_bg_engine|tilemap_ram:u_map_buffer|map_ram~2011     ; Stuck at GND due to stuck port data_in      ;
; bg_engine:u_bg_engine|tilemap_ram:u_map_buffer|map_ram~2019     ; Stuck at GND due to stuck port data_in      ;
; bg_engine:u_bg_engine|tilemap_ram:u_map_buffer|map_ram~2027     ; Stuck at GND due to stuck port data_in      ;
; bg_engine:u_bg_engine|tilemap_ram:u_map_buffer|map_ram~2035     ; Stuck at GND due to stuck port data_in      ;
; bg_engine:u_bg_engine|tilemap_ram:u_map_buffer|map_ram~2043     ; Stuck at GND due to stuck port data_in      ;
; bg_engine:u_bg_engine|tilemap_ram:u_map_buffer|map_ram~2051     ; Stuck at GND due to stuck port data_in      ;
; bg_engine:u_bg_engine|tilemap_ram:u_map_buffer|map_ram~2059     ; Stuck at GND due to stuck port data_in      ;
; bg_engine:u_bg_engine|tilemap_ram:u_map_buffer|map_ram~2067     ; Stuck at GND due to stuck port data_in      ;
; bg_engine:u_bg_engine|tilemap_ram:u_map_buffer|map_ram~2075     ; Stuck at GND due to stuck port data_in      ;
; bg_engine:u_bg_engine|tilemap_ram:u_map_buffer|map_ram~2083     ; Stuck at GND due to stuck port data_in      ;
; bg_engine:u_bg_engine|tilemap_ram:u_map_buffer|map_ram~2091     ; Stuck at GND due to stuck port data_in      ;
; bg_engine:u_bg_engine|tilemap_ram:u_map_buffer|map_ram~2099     ; Stuck at GND due to stuck port data_in      ;
; bg_engine:u_bg_engine|tilemap_ram:u_map_buffer|map_ram~2107     ; Stuck at GND due to stuck port data_in      ;
; bg_engine:u_bg_engine|tilemap_ram:u_map_buffer|map_ram~2115     ; Stuck at GND due to stuck port data_in      ;
; bg_engine:u_bg_engine|tilemap_ram:u_map_buffer|map_ram~2123     ; Stuck at GND due to stuck port data_in      ;
; bg_engine:u_bg_engine|tilemap_ram:u_map_buffer|map_ram~2131     ; Stuck at GND due to stuck port data_in      ;
; bg_engine:u_bg_engine|tilemap_ram:u_map_buffer|map_ram~2139     ; Stuck at GND due to stuck port data_in      ;
; bg_engine:u_bg_engine|tilemap_ram:u_map_buffer|map_ram~2147     ; Stuck at GND due to stuck port data_in      ;
; bg_engine:u_bg_engine|tilemap_ram:u_map_buffer|map_ram~2155     ; Stuck at GND due to stuck port data_in      ;
; bg_engine:u_bg_engine|tilemap_ram:u_map_buffer|map_ram~2163     ; Stuck at GND due to stuck port data_in      ;
; bg_engine:u_bg_engine|tilemap_ram:u_map_buffer|map_ram~2171     ; Stuck at GND due to stuck port data_in      ;
; bg_engine:u_bg_engine|tilemap_ram:u_map_buffer|map_ram~2179     ; Stuck at GND due to stuck port data_in      ;
; bg_engine:u_bg_engine|tilemap_ram:u_map_buffer|map_ram~2187     ; Stuck at GND due to stuck port data_in      ;
; bg_engine:u_bg_engine|tilemap_ram:u_map_buffer|map_ram~2195     ; Stuck at GND due to stuck port data_in      ;
; bg_engine:u_bg_engine|tilemap_ram:u_map_buffer|map_ram~2203     ; Stuck at GND due to stuck port data_in      ;
; bg_engine:u_bg_engine|tilemap_ram:u_map_buffer|map_ram~2211     ; Stuck at GND due to stuck port data_in      ;
; bg_engine:u_bg_engine|tilemap_ram:u_map_buffer|map_ram~2219     ; Stuck at GND due to stuck port data_in      ;
; bg_engine:u_bg_engine|tilemap_ram:u_map_buffer|map_ram~2227     ; Stuck at GND due to stuck port data_in      ;
; bg_engine:u_bg_engine|tilemap_ram:u_map_buffer|map_ram~2235     ; Stuck at GND due to stuck port data_in      ;
; bg_engine:u_bg_engine|tilemap_ram:u_map_buffer|map_ram~2243     ; Stuck at GND due to stuck port data_in      ;
; bg_engine:u_bg_engine|tilemap_ram:u_map_buffer|map_ram~2251     ; Stuck at GND due to stuck port data_in      ;
; bg_engine:u_bg_engine|tilemap_ram:u_map_buffer|map_ram~2259     ; Stuck at GND due to stuck port data_in      ;
; bg_engine:u_bg_engine|tilemap_ram:u_map_buffer|map_ram~2267     ; Stuck at GND due to stuck port data_in      ;
; bg_engine:u_bg_engine|tilemap_ram:u_map_buffer|map_ram~2275     ; Stuck at GND due to stuck port data_in      ;
; bg_engine:u_bg_engine|tilemap_ram:u_map_buffer|map_ram~2283     ; Stuck at GND due to stuck port data_in      ;
; bg_engine:u_bg_engine|tilemap_ram:u_map_buffer|map_ram~2291     ; Stuck at GND due to stuck port data_in      ;
; bg_engine:u_bg_engine|tilemap_ram:u_map_buffer|map_ram~2299     ; Stuck at GND due to stuck port data_in      ;
; bg_engine:u_bg_engine|tilemap_ram:u_map_buffer|map_ram~2307     ; Stuck at GND due to stuck port data_in      ;
; bg_engine:u_bg_engine|tilemap_ram:u_map_buffer|map_ram~2315     ; Stuck at GND due to stuck port data_in      ;
; bg_engine:u_bg_engine|tilemap_ram:u_map_buffer|map_ram~2323     ; Stuck at GND due to stuck port data_in      ;
; bg_engine:u_bg_engine|tilemap_ram:u_map_buffer|map_ram~2331     ; Stuck at GND due to stuck port data_in      ;
; bg_engine:u_bg_engine|tilemap_ram:u_map_buffer|map_ram~2339     ; Stuck at GND due to stuck port data_in      ;
; bg_engine:u_bg_engine|tilemap_ram:u_map_buffer|map_ram~2347     ; Stuck at GND due to stuck port data_in      ;
; bg_engine:u_bg_engine|tilemap_ram:u_map_buffer|map_ram~2355     ; Stuck at GND due to stuck port data_in      ;
; bg_engine:u_bg_engine|tilemap_ram:u_map_buffer|map_ram~2363     ; Stuck at GND due to stuck port data_in      ;
; bg_engine:u_bg_engine|tilemap_ram:u_map_buffer|map_ram~2371     ; Stuck at GND due to stuck port data_in      ;
; bg_engine:u_bg_engine|tilemap_ram:u_map_buffer|map_ram~2379     ; Stuck at GND due to stuck port data_in      ;
; bg_engine:u_bg_engine|tilemap_ram:u_map_buffer|map_ram~2387     ; Stuck at GND due to stuck port data_in      ;
; bg_engine:u_bg_engine|tilemap_ram:u_map_buffer|map_ram~2395     ; Stuck at GND due to stuck port data_in      ;
; bg_engine:u_bg_engine|tilemap_ram:u_map_buffer|map_ram~2403     ; Stuck at GND due to stuck port data_in      ;
; bg_engine:u_bg_engine|tilemap_ram:u_map_buffer|map_ram~2411     ; Stuck at GND due to stuck port data_in      ;
; bg_engine:u_bg_engine|tilemap_ram:u_map_buffer|map_ram~2419     ; Stuck at GND due to stuck port data_in      ;
; bg_engine:u_bg_engine|tilemap_ram:u_map_buffer|map_ram~2427     ; Stuck at GND due to stuck port data_in      ;
; bg_engine:u_bg_engine|tilemap_ram:u_map_buffer|map_ram~2435     ; Stuck at GND due to stuck port data_in      ;
; bg_engine:u_bg_engine|tilemap_ram:u_map_buffer|map_ram~2443     ; Stuck at GND due to stuck port data_in      ;
; bg_engine:u_bg_engine|tilemap_ram:u_map_buffer|map_ram~2451     ; Stuck at GND due to stuck port data_in      ;
; bg_engine:u_bg_engine|tilemap_ram:u_map_buffer|map_ram~2459     ; Stuck at GND due to stuck port data_in      ;
; bg_engine:u_bg_engine|tilemap_ram:u_map_buffer|map_ram~2467     ; Stuck at GND due to stuck port data_in      ;
; bg_engine:u_bg_engine|tilemap_ram:u_map_buffer|map_ram~2475     ; Stuck at GND due to stuck port data_in      ;
; bg_engine:u_bg_engine|tilemap_ram:u_map_buffer|map_ram~2483     ; Stuck at GND due to stuck port data_in      ;
; bg_engine:u_bg_engine|tilemap_ram:u_map_buffer|map_ram~2491     ; Stuck at GND due to stuck port data_in      ;
; bg_engine:u_bg_engine|tilemap_ram:u_map_buffer|map_ram~2499     ; Stuck at GND due to stuck port data_in      ;
; bg_engine:u_bg_engine|tilemap_ram:u_map_buffer|map_ram~2507     ; Stuck at GND due to stuck port data_in      ;
; bg_engine:u_bg_engine|tilemap_ram:u_map_buffer|map_ram~2515     ; Stuck at GND due to stuck port data_in      ;
; bg_engine:u_bg_engine|tilemap_ram:u_map_buffer|map_ram~2523     ; Stuck at GND due to stuck port data_in      ;
; bg_engine:u_bg_engine|tilemap_ram:u_map_buffer|map_ram~2531     ; Stuck at GND due to stuck port data_in      ;
; bg_engine:u_bg_engine|tilemap_ram:u_map_buffer|map_ram~2539     ; Stuck at GND due to stuck port data_in      ;
; bg_engine:u_bg_engine|tilemap_ram:u_map_buffer|map_ram~2547     ; Stuck at GND due to stuck port data_in      ;
; bg_engine:u_bg_engine|tilemap_ram:u_map_buffer|map_ram~2555     ; Stuck at GND due to stuck port data_in      ;
; bg_engine:u_bg_engine|tilemap_ram:u_map_buffer|map_ram~2563     ; Stuck at GND due to stuck port data_in      ;
; bg_engine:u_bg_engine|tilemap_ram:u_map_buffer|map_ram~2571     ; Stuck at GND due to stuck port data_in      ;
; bg_engine:u_bg_engine|tilemap_ram:u_map_buffer|map_ram~2579     ; Stuck at GND due to stuck port data_in      ;
; bg_engine:u_bg_engine|tilemap_ram:u_map_buffer|map_ram~2587     ; Stuck at GND due to stuck port data_in      ;
; bg_engine:u_bg_engine|tilemap_ram:u_map_buffer|map_ram~2595     ; Stuck at GND due to stuck port data_in      ;
; bg_engine:u_bg_engine|tilemap_ram:u_map_buffer|map_ram~2603     ; Stuck at GND due to stuck port data_in      ;
; bg_engine:u_bg_engine|tilemap_ram:u_map_buffer|map_ram~2611     ; Stuck at GND due to stuck port data_in      ;
; bg_engine:u_bg_engine|tilemap_ram:u_map_buffer|map_ram~2619     ; Stuck at GND due to stuck port data_in      ;
; bg_engine:u_bg_engine|tilemap_ram:u_map_buffer|map_ram~2627     ; Stuck at GND due to stuck port data_in      ;
; bg_engine:u_bg_engine|tilemap_ram:u_map_buffer|map_ram~2635     ; Stuck at GND due to stuck port data_in      ;
; bg_engine:u_bg_engine|tilemap_ram:u_map_buffer|map_ram~2643     ; Stuck at GND due to stuck port data_in      ;
; bg_engine:u_bg_engine|tilemap_ram:u_map_buffer|map_ram~2651     ; Stuck at GND due to stuck port data_in      ;
; bg_engine:u_bg_engine|tilemap_ram:u_map_buffer|map_ram~2659     ; Stuck at GND due to stuck port data_in      ;
; bg_engine:u_bg_engine|tilemap_ram:u_map_buffer|map_ram~2667     ; Stuck at GND due to stuck port data_in      ;
; bg_engine:u_bg_engine|tilemap_ram:u_map_buffer|map_ram~2675     ; Stuck at GND due to stuck port data_in      ;
; bg_engine:u_bg_engine|tilemap_ram:u_map_buffer|map_ram~2683     ; Stuck at GND due to stuck port data_in      ;
; bg_engine:u_bg_engine|tilemap_ram:u_map_buffer|map_ram~2691     ; Stuck at GND due to stuck port data_in      ;
; bg_engine:u_bg_engine|tilemap_ram:u_map_buffer|map_ram~2699     ; Stuck at GND due to stuck port data_in      ;
; bg_engine:u_bg_engine|tilemap_ram:u_map_buffer|map_ram~2707     ; Stuck at GND due to stuck port data_in      ;
; bg_engine:u_bg_engine|tilemap_ram:u_map_buffer|map_ram~2715     ; Stuck at GND due to stuck port data_in      ;
; bg_engine:u_bg_engine|tilemap_ram:u_map_buffer|map_ram~2723     ; Stuck at GND due to stuck port data_in      ;
; bg_engine:u_bg_engine|tilemap_ram:u_map_buffer|map_ram~2731     ; Stuck at GND due to stuck port data_in      ;
; bg_engine:u_bg_engine|tilemap_ram:u_map_buffer|map_ram~2739     ; Stuck at GND due to stuck port data_in      ;
; bg_engine:u_bg_engine|tilemap_ram:u_map_buffer|map_ram~2747     ; Stuck at GND due to stuck port data_in      ;
; bg_engine:u_bg_engine|tilemap_ram:u_map_buffer|map_ram~2755     ; Stuck at GND due to stuck port data_in      ;
; bg_engine:u_bg_engine|tilemap_ram:u_map_buffer|map_ram~2763     ; Stuck at GND due to stuck port data_in      ;
; bg_engine:u_bg_engine|tilemap_ram:u_map_buffer|map_ram~2771     ; Stuck at GND due to stuck port data_in      ;
; bg_engine:u_bg_engine|tilemap_ram:u_map_buffer|map_ram~2779     ; Stuck at GND due to stuck port data_in      ;
; bg_engine:u_bg_engine|tilemap_ram:u_map_buffer|map_ram~2787     ; Stuck at GND due to stuck port data_in      ;
; bg_engine:u_bg_engine|tilemap_ram:u_map_buffer|map_ram~2795     ; Stuck at GND due to stuck port data_in      ;
; bg_engine:u_bg_engine|tilemap_ram:u_map_buffer|map_ram~2803     ; Stuck at GND due to stuck port data_in      ;
; bg_engine:u_bg_engine|tilemap_ram:u_map_buffer|map_ram~2811     ; Stuck at GND due to stuck port data_in      ;
; bg_engine:u_bg_engine|tilemap_ram:u_map_buffer|map_ram~2819     ; Stuck at GND due to stuck port data_in      ;
; bg_engine:u_bg_engine|tilemap_ram:u_map_buffer|map_ram~2827     ; Stuck at GND due to stuck port data_in      ;
; bg_engine:u_bg_engine|tilemap_ram:u_map_buffer|map_ram~2835     ; Stuck at GND due to stuck port data_in      ;
; bg_engine:u_bg_engine|tilemap_ram:u_map_buffer|map_ram~2843     ; Stuck at GND due to stuck port data_in      ;
; bg_engine:u_bg_engine|tilemap_ram:u_map_buffer|map_ram~2851     ; Stuck at GND due to stuck port data_in      ;
; bg_engine:u_bg_engine|tilemap_ram:u_map_buffer|map_ram~2859     ; Stuck at GND due to stuck port data_in      ;
; bg_engine:u_bg_engine|tilemap_ram:u_map_buffer|map_ram~2867     ; Stuck at GND due to stuck port data_in      ;
; bg_engine:u_bg_engine|tilemap_ram:u_map_buffer|map_ram~2875     ; Stuck at GND due to stuck port data_in      ;
; bg_engine:u_bg_engine|tilemap_ram:u_map_buffer|map_ram~2883     ; Stuck at GND due to stuck port data_in      ;
; bg_engine:u_bg_engine|tilemap_ram:u_map_buffer|map_ram~2891     ; Stuck at GND due to stuck port data_in      ;
; bg_engine:u_bg_engine|tilemap_ram:u_map_buffer|map_ram~2899     ; Stuck at GND due to stuck port data_in      ;
; bg_engine:u_bg_engine|tilemap_ram:u_map_buffer|map_ram~2907     ; Stuck at GND due to stuck port data_in      ;
; bg_engine:u_bg_engine|tilemap_ram:u_map_buffer|map_ram~2915     ; Stuck at GND due to stuck port data_in      ;
; bg_engine:u_bg_engine|tilemap_ram:u_map_buffer|map_ram~2923     ; Stuck at GND due to stuck port data_in      ;
; bg_engine:u_bg_engine|tilemap_ram:u_map_buffer|map_ram~2931     ; Stuck at GND due to stuck port data_in      ;
; bg_engine:u_bg_engine|tilemap_ram:u_map_buffer|map_ram~2939     ; Stuck at GND due to stuck port data_in      ;
; bg_engine:u_bg_engine|tilemap_ram:u_map_buffer|map_ram~2947     ; Stuck at GND due to stuck port data_in      ;
; bg_engine:u_bg_engine|tilemap_ram:u_map_buffer|map_ram~2955     ; Stuck at GND due to stuck port data_in      ;
; bg_engine:u_bg_engine|tilemap_ram:u_map_buffer|map_ram~2963     ; Stuck at GND due to stuck port data_in      ;
; bg_engine:u_bg_engine|tilemap_ram:u_map_buffer|map_ram~2971     ; Stuck at GND due to stuck port data_in      ;
; bg_engine:u_bg_engine|tilemap_ram:u_map_buffer|map_ram~2979     ; Stuck at GND due to stuck port data_in      ;
; bg_engine:u_bg_engine|tilemap_ram:u_map_buffer|map_ram~2987     ; Stuck at GND due to stuck port data_in      ;
; bg_engine:u_bg_engine|tilemap_ram:u_map_buffer|map_ram~2995     ; Stuck at GND due to stuck port data_in      ;
; bg_engine:u_bg_engine|tilemap_ram:u_map_buffer|map_ram~3003     ; Stuck at GND due to stuck port data_in      ;
; bg_engine:u_bg_engine|tilemap_ram:u_map_buffer|map_ram~3011     ; Stuck at GND due to stuck port data_in      ;
; bg_engine:u_bg_engine|tilemap_ram:u_map_buffer|map_ram~3019     ; Stuck at GND due to stuck port data_in      ;
; bg_engine:u_bg_engine|tilemap_ram:u_map_buffer|map_ram~3027     ; Stuck at GND due to stuck port data_in      ;
; bg_engine:u_bg_engine|tilemap_ram:u_map_buffer|map_ram~3035     ; Stuck at GND due to stuck port data_in      ;
; bg_engine:u_bg_engine|tilemap_ram:u_map_buffer|map_ram~3043     ; Stuck at GND due to stuck port data_in      ;
; bg_engine:u_bg_engine|tilemap_ram:u_map_buffer|map_ram~3051     ; Stuck at GND due to stuck port data_in      ;
; bg_engine:u_bg_engine|tilemap_ram:u_map_buffer|map_ram~3059     ; Stuck at GND due to stuck port data_in      ;
; bg_engine:u_bg_engine|tilemap_ram:u_map_buffer|map_ram~3067     ; Stuck at GND due to stuck port data_in      ;
; bg_engine:u_bg_engine|tilemap_ram:u_map_buffer|map_ram~3075     ; Stuck at GND due to stuck port data_in      ;
; bg_engine:u_bg_engine|tilemap_ram:u_map_buffer|map_ram~3083     ; Stuck at GND due to stuck port data_in      ;
; bg_engine:u_bg_engine|tilemap_ram:u_map_buffer|map_ram~3091     ; Stuck at GND due to stuck port data_in      ;
; bg_engine:u_bg_engine|tilemap_ram:u_map_buffer|map_ram~3099     ; Stuck at GND due to stuck port data_in      ;
; bg_engine:u_bg_engine|tilemap_ram:u_map_buffer|map_ram~3107     ; Stuck at GND due to stuck port data_in      ;
; bg_engine:u_bg_engine|tilemap_ram:u_map_buffer|map_ram~3115     ; Stuck at GND due to stuck port data_in      ;
; bg_engine:u_bg_engine|tilemap_ram:u_map_buffer|map_ram~3123     ; Stuck at GND due to stuck port data_in      ;
; bg_engine:u_bg_engine|tilemap_ram:u_map_buffer|map_ram~3131     ; Stuck at GND due to stuck port data_in      ;
; bg_engine:u_bg_engine|tilemap_ram:u_map_buffer|map_ram~3139     ; Stuck at GND due to stuck port data_in      ;
; bg_engine:u_bg_engine|tilemap_ram:u_map_buffer|map_ram~3147     ; Stuck at GND due to stuck port data_in      ;
; bg_engine:u_bg_engine|tilemap_ram:u_map_buffer|map_ram~3155     ; Stuck at GND due to stuck port data_in      ;
; bg_engine:u_bg_engine|tilemap_ram:u_map_buffer|map_ram~3163     ; Stuck at GND due to stuck port data_in      ;
; bg_engine:u_bg_engine|tilemap_ram:u_map_buffer|map_ram~3171     ; Stuck at GND due to stuck port data_in      ;
; bg_engine:u_bg_engine|tilemap_ram:u_map_buffer|map_ram~3179     ; Stuck at GND due to stuck port data_in      ;
; bg_engine:u_bg_engine|tilemap_ram:u_map_buffer|map_ram~3187     ; Stuck at GND due to stuck port data_in      ;
; bg_engine:u_bg_engine|tilemap_ram:u_map_buffer|map_ram~3195     ; Stuck at GND due to stuck port data_in      ;
; bg_engine:u_bg_engine|tilemap_ram:u_map_buffer|map_ram~3203     ; Stuck at GND due to stuck port data_in      ;
; bg_engine:u_bg_engine|tilemap_ram:u_map_buffer|map_ram~3211     ; Stuck at GND due to stuck port data_in      ;
; bg_engine:u_bg_engine|tilemap_ram:u_map_buffer|map_ram~3219     ; Stuck at GND due to stuck port data_in      ;
; bg_engine:u_bg_engine|tilemap_ram:u_map_buffer|map_ram~3227     ; Stuck at GND due to stuck port data_in      ;
; bg_engine:u_bg_engine|tilemap_ram:u_map_buffer|map_ram~3235     ; Stuck at GND due to stuck port data_in      ;
; bg_engine:u_bg_engine|tilemap_ram:u_map_buffer|map_ram~3243     ; Stuck at GND due to stuck port data_in      ;
; bg_engine:u_bg_engine|tilemap_ram:u_map_buffer|map_ram~3251     ; Stuck at GND due to stuck port data_in      ;
; bg_engine:u_bg_engine|tilemap_ram:u_map_buffer|map_ram~3259     ; Stuck at GND due to stuck port data_in      ;
; bg_engine:u_bg_engine|tilemap_ram:u_map_buffer|map_ram~3267     ; Stuck at GND due to stuck port data_in      ;
; bg_engine:u_bg_engine|tilemap_ram:u_map_buffer|map_ram~3275     ; Stuck at GND due to stuck port data_in      ;
; bg_engine:u_bg_engine|tilemap_ram:u_map_buffer|map_ram~3283     ; Stuck at GND due to stuck port data_in      ;
; bg_engine:u_bg_engine|tilemap_ram:u_map_buffer|map_ram~3291     ; Stuck at GND due to stuck port data_in      ;
; bg_engine:u_bg_engine|tilemap_ram:u_map_buffer|map_ram~3299     ; Stuck at GND due to stuck port data_in      ;
; bg_engine:u_bg_engine|tilemap_ram:u_map_buffer|map_ram~3307     ; Stuck at GND due to stuck port data_in      ;
; bg_engine:u_bg_engine|tilemap_ram:u_map_buffer|map_ram~3315     ; Stuck at GND due to stuck port data_in      ;
; bg_engine:u_bg_engine|tilemap_ram:u_map_buffer|map_ram~3323     ; Stuck at GND due to stuck port data_in      ;
; bg_engine:u_bg_engine|tilemap_ram:u_map_buffer|map_ram~3331     ; Stuck at GND due to stuck port data_in      ;
; bg_engine:u_bg_engine|tilemap_ram:u_map_buffer|map_ram~3339     ; Stuck at GND due to stuck port data_in      ;
; bg_engine:u_bg_engine|tilemap_ram:u_map_buffer|map_ram~3347     ; Stuck at GND due to stuck port data_in      ;
; bg_engine:u_bg_engine|tilemap_ram:u_map_buffer|map_ram~3355     ; Stuck at GND due to stuck port data_in      ;
; bg_engine:u_bg_engine|tilemap_ram:u_map_buffer|map_ram~3363     ; Stuck at GND due to stuck port data_in      ;
; bg_engine:u_bg_engine|tilemap_ram:u_map_buffer|map_ram~3371     ; Stuck at GND due to stuck port data_in      ;
; bg_engine:u_bg_engine|tilemap_ram:u_map_buffer|map_ram~3379     ; Stuck at GND due to stuck port data_in      ;
; bg_engine:u_bg_engine|tilemap_ram:u_map_buffer|map_ram~3387     ; Stuck at GND due to stuck port data_in      ;
; bg_engine:u_bg_engine|tilemap_ram:u_map_buffer|map_ram~3395     ; Stuck at GND due to stuck port data_in      ;
; bg_engine:u_bg_engine|tilemap_ram:u_map_buffer|map_ram~3403     ; Stuck at GND due to stuck port data_in      ;
; bg_engine:u_bg_engine|tilemap_ram:u_map_buffer|map_ram~3411     ; Stuck at GND due to stuck port data_in      ;
; bg_engine:u_bg_engine|tilemap_ram:u_map_buffer|map_ram~3419     ; Stuck at GND due to stuck port data_in      ;
; bg_engine:u_bg_engine|tilemap_ram:u_map_buffer|map_ram~3427     ; Stuck at GND due to stuck port data_in      ;
; bg_engine:u_bg_engine|tilemap_ram:u_map_buffer|map_ram~3435     ; Stuck at GND due to stuck port data_in      ;
; bg_engine:u_bg_engine|tilemap_ram:u_map_buffer|map_ram~3443     ; Stuck at GND due to stuck port data_in      ;
; bg_engine:u_bg_engine|tilemap_ram:u_map_buffer|map_ram~3451     ; Stuck at GND due to stuck port data_in      ;
; bg_engine:u_bg_engine|tilemap_ram:u_map_buffer|map_ram~3459     ; Stuck at GND due to stuck port data_in      ;
; bg_engine:u_bg_engine|tilemap_ram:u_map_buffer|map_ram~3467     ; Stuck at GND due to stuck port data_in      ;
; bg_engine:u_bg_engine|tilemap_ram:u_map_buffer|map_ram~3475     ; Stuck at GND due to stuck port data_in      ;
; bg_engine:u_bg_engine|tilemap_ram:u_map_buffer|map_ram~3483     ; Stuck at GND due to stuck port data_in      ;
; bg_engine:u_bg_engine|tilemap_ram:u_map_buffer|map_ram~3491     ; Stuck at GND due to stuck port data_in      ;
; bg_engine:u_bg_engine|tilemap_ram:u_map_buffer|map_ram~3499     ; Stuck at GND due to stuck port data_in      ;
; bg_engine:u_bg_engine|tilemap_ram:u_map_buffer|map_ram~3507     ; Stuck at GND due to stuck port data_in      ;
; bg_engine:u_bg_engine|tilemap_ram:u_map_buffer|map_ram~3515     ; Stuck at GND due to stuck port data_in      ;
; bg_engine:u_bg_engine|tilemap_ram:u_map_buffer|map_ram~3523     ; Stuck at GND due to stuck port data_in      ;
; bg_engine:u_bg_engine|tilemap_ram:u_map_buffer|map_ram~3531     ; Stuck at GND due to stuck port data_in      ;
; bg_engine:u_bg_engine|tilemap_ram:u_map_buffer|map_ram~3539     ; Stuck at GND due to stuck port data_in      ;
; bg_engine:u_bg_engine|tilemap_ram:u_map_buffer|map_ram~3547     ; Stuck at GND due to stuck port data_in      ;
; bg_engine:u_bg_engine|tilemap_ram:u_map_buffer|map_ram~3555     ; Stuck at GND due to stuck port data_in      ;
; bg_engine:u_bg_engine|tilemap_ram:u_map_buffer|map_ram~3563     ; Stuck at GND due to stuck port data_in      ;
; bg_engine:u_bg_engine|tilemap_ram:u_map_buffer|map_ram~3571     ; Stuck at GND due to stuck port data_in      ;
; bg_engine:u_bg_engine|tilemap_ram:u_map_buffer|map_ram~3579     ; Stuck at GND due to stuck port data_in      ;
; bg_engine:u_bg_engine|tilemap_ram:u_map_buffer|map_ram~3587     ; Stuck at GND due to stuck port data_in      ;
; bg_engine:u_bg_engine|tilemap_ram:u_map_buffer|map_ram~3595     ; Stuck at GND due to stuck port data_in      ;
; bg_engine:u_bg_engine|tilemap_ram:u_map_buffer|map_ram~3603     ; Stuck at GND due to stuck port data_in      ;
; bg_engine:u_bg_engine|tilemap_ram:u_map_buffer|map_ram~3611     ; Stuck at GND due to stuck port data_in      ;
; bg_engine:u_bg_engine|tilemap_ram:u_map_buffer|map_ram~3619     ; Stuck at GND due to stuck port data_in      ;
; bg_engine:u_bg_engine|tilemap_ram:u_map_buffer|map_ram~3627     ; Stuck at GND due to stuck port data_in      ;
; bg_engine:u_bg_engine|tilemap_ram:u_map_buffer|map_ram~3635     ; Stuck at GND due to stuck port data_in      ;
; bg_engine:u_bg_engine|tilemap_ram:u_map_buffer|map_ram~3643     ; Stuck at GND due to stuck port data_in      ;
; bg_engine:u_bg_engine|tilemap_ram:u_map_buffer|map_ram~3651     ; Stuck at GND due to stuck port data_in      ;
; bg_engine:u_bg_engine|tilemap_ram:u_map_buffer|map_ram~3659     ; Stuck at GND due to stuck port data_in      ;
; bg_engine:u_bg_engine|tilemap_ram:u_map_buffer|map_ram~3667     ; Stuck at GND due to stuck port data_in      ;
; bg_engine:u_bg_engine|tilemap_ram:u_map_buffer|map_ram~3675     ; Stuck at GND due to stuck port data_in      ;
; bg_engine:u_bg_engine|tilemap_ram:u_map_buffer|map_ram~3683     ; Stuck at GND due to stuck port data_in      ;
; bg_engine:u_bg_engine|tilemap_ram:u_map_buffer|map_ram~3691     ; Stuck at GND due to stuck port data_in      ;
; bg_engine:u_bg_engine|tilemap_ram:u_map_buffer|map_ram~3699     ; Stuck at GND due to stuck port data_in      ;
; bg_engine:u_bg_engine|tilemap_ram:u_map_buffer|map_ram~3707     ; Stuck at GND due to stuck port data_in      ;
; bg_engine:u_bg_engine|tilemap_ram:u_map_buffer|map_ram~3715     ; Stuck at GND due to stuck port data_in      ;
; bg_engine:u_bg_engine|tilemap_ram:u_map_buffer|map_ram~3723     ; Stuck at GND due to stuck port data_in      ;
; bg_engine:u_bg_engine|tilemap_ram:u_map_buffer|map_ram~3731     ; Stuck at GND due to stuck port data_in      ;
; bg_engine:u_bg_engine|tilemap_ram:u_map_buffer|map_ram~3739     ; Stuck at GND due to stuck port data_in      ;
; bg_engine:u_bg_engine|tilemap_ram:u_map_buffer|map_ram~3747     ; Stuck at GND due to stuck port data_in      ;
; bg_engine:u_bg_engine|tilemap_ram:u_map_buffer|map_ram~3755     ; Stuck at GND due to stuck port data_in      ;
; bg_engine:u_bg_engine|tilemap_ram:u_map_buffer|map_ram~3763     ; Stuck at GND due to stuck port data_in      ;
; bg_engine:u_bg_engine|tilemap_ram:u_map_buffer|map_ram~3771     ; Stuck at GND due to stuck port data_in      ;
; bg_engine:u_bg_engine|tilemap_ram:u_map_buffer|map_ram~3779     ; Stuck at GND due to stuck port data_in      ;
; bg_engine:u_bg_engine|tilemap_ram:u_map_buffer|map_ram~3787     ; Stuck at GND due to stuck port data_in      ;
; bg_engine:u_bg_engine|tilemap_ram:u_map_buffer|map_ram~3795     ; Stuck at GND due to stuck port data_in      ;
; bg_engine:u_bg_engine|tilemap_ram:u_map_buffer|map_ram~3803     ; Stuck at GND due to stuck port data_in      ;
; bg_engine:u_bg_engine|tilemap_ram:u_map_buffer|map_ram~3811     ; Stuck at GND due to stuck port data_in      ;
; bg_engine:u_bg_engine|tilemap_ram:u_map_buffer|map_ram~3819     ; Stuck at GND due to stuck port data_in      ;
; bg_engine:u_bg_engine|tilemap_ram:u_map_buffer|map_ram~3827     ; Stuck at GND due to stuck port data_in      ;
; bg_engine:u_bg_engine|tilemap_ram:u_map_buffer|map_ram~3835     ; Stuck at GND due to stuck port data_in      ;
; bg_engine:u_bg_engine|tilemap_ram:u_map_buffer|map_ram~3843     ; Stuck at GND due to stuck port data_in      ;
; bg_engine:u_bg_engine|tilemap_ram:u_map_buffer|map_ram~3851     ; Stuck at GND due to stuck port data_in      ;
; bg_engine:u_bg_engine|tilemap_ram:u_map_buffer|map_ram~3859     ; Stuck at GND due to stuck port data_in      ;
; bg_engine:u_bg_engine|tilemap_ram:u_map_buffer|map_ram~3867     ; Stuck at GND due to stuck port data_in      ;
; bg_engine:u_bg_engine|tilemap_ram:u_map_buffer|map_ram~3875     ; Stuck at GND due to stuck port data_in      ;
; bg_engine:u_bg_engine|tilemap_ram:u_map_buffer|map_ram~3883     ; Stuck at GND due to stuck port data_in      ;
; bg_engine:u_bg_engine|tilemap_ram:u_map_buffer|map_ram~3891     ; Stuck at GND due to stuck port data_in      ;
; bg_engine:u_bg_engine|tilemap_ram:u_map_buffer|map_ram~3899     ; Stuck at GND due to stuck port data_in      ;
; bg_engine:u_bg_engine|tilemap_ram:u_map_buffer|map_ram~3907     ; Stuck at GND due to stuck port data_in      ;
; bg_engine:u_bg_engine|tilemap_ram:u_map_buffer|map_ram~3915     ; Stuck at GND due to stuck port data_in      ;
; bg_engine:u_bg_engine|tilemap_ram:u_map_buffer|map_ram~3923     ; Stuck at GND due to stuck port data_in      ;
; bg_engine:u_bg_engine|tilemap_ram:u_map_buffer|map_ram~3931     ; Stuck at GND due to stuck port data_in      ;
; bg_engine:u_bg_engine|tilemap_ram:u_map_buffer|map_ram~3939     ; Stuck at GND due to stuck port data_in      ;
; bg_engine:u_bg_engine|tilemap_ram:u_map_buffer|map_ram~3947     ; Stuck at GND due to stuck port data_in      ;
; bg_engine:u_bg_engine|tilemap_ram:u_map_buffer|map_ram~3955     ; Stuck at GND due to stuck port data_in      ;
; bg_engine:u_bg_engine|tilemap_ram:u_map_buffer|map_ram~3963     ; Stuck at GND due to stuck port data_in      ;
; bg_engine:u_bg_engine|tilemap_ram:u_map_buffer|map_ram~3971     ; Stuck at GND due to stuck port data_in      ;
; bg_engine:u_bg_engine|tilemap_ram:u_map_buffer|map_ram~3979     ; Stuck at GND due to stuck port data_in      ;
; bg_engine:u_bg_engine|tilemap_ram:u_map_buffer|map_ram~3987     ; Stuck at GND due to stuck port data_in      ;
; bg_engine:u_bg_engine|tilemap_ram:u_map_buffer|map_ram~3995     ; Stuck at GND due to stuck port data_in      ;
; bg_engine:u_bg_engine|tilemap_ram:u_map_buffer|map_ram~4003     ; Stuck at GND due to stuck port data_in      ;
; bg_engine:u_bg_engine|tilemap_ram:u_map_buffer|map_ram~4011     ; Stuck at GND due to stuck port data_in      ;
; bg_engine:u_bg_engine|tilemap_ram:u_map_buffer|map_ram~4019     ; Stuck at GND due to stuck port data_in      ;
; bg_engine:u_bg_engine|tilemap_ram:u_map_buffer|map_ram~4027     ; Stuck at GND due to stuck port data_in      ;
; bg_engine:u_bg_engine|tilemap_ram:u_map_buffer|map_ram~4035     ; Stuck at GND due to stuck port data_in      ;
; bg_engine:u_bg_engine|tilemap_ram:u_map_buffer|map_ram~4043     ; Stuck at GND due to stuck port data_in      ;
; bg_engine:u_bg_engine|tilemap_ram:u_map_buffer|map_ram~4051     ; Stuck at GND due to stuck port data_in      ;
; bg_engine:u_bg_engine|tilemap_ram:u_map_buffer|map_ram~4059     ; Stuck at GND due to stuck port data_in      ;
; bg_engine:u_bg_engine|tilemap_ram:u_map_buffer|map_ram~4067     ; Stuck at GND due to stuck port data_in      ;
; bg_engine:u_bg_engine|tilemap_ram:u_map_buffer|map_ram~4075     ; Stuck at GND due to stuck port data_in      ;
; bg_engine:u_bg_engine|tilemap_ram:u_map_buffer|map_ram~4083     ; Stuck at GND due to stuck port data_in      ;
; bg_engine:u_bg_engine|tilemap_ram:u_map_buffer|map_ram~4091     ; Stuck at GND due to stuck port data_in      ;
; bg_engine:u_bg_engine|tilemap_ram:u_map_buffer|map_ram~4099     ; Stuck at GND due to stuck port data_in      ;
; bg_engine:u_bg_engine|tilemap_ram:u_map_buffer|map_ram~4107     ; Stuck at GND due to stuck port data_in      ;
; bg_engine:u_bg_engine|tilemap_ram:u_map_buffer|map_ram~4115     ; Stuck at GND due to stuck port data_in      ;
; bg_engine:u_bg_engine|tilemap_ram:u_map_buffer|map_ram~4123     ; Stuck at GND due to stuck port data_in      ;
; bg_engine:u_bg_engine|tilemap_ram:u_map_buffer|map_ram~4131     ; Stuck at GND due to stuck port data_in      ;
; bg_engine:u_bg_engine|tilemap_ram:u_map_buffer|map_ram~4139     ; Stuck at GND due to stuck port data_in      ;
; bg_engine:u_bg_engine|tilemap_ram:u_map_buffer|map_ram~4147     ; Stuck at GND due to stuck port data_in      ;
; bg_engine:u_bg_engine|tilemap_ram:u_map_buffer|map_ram~4155     ; Stuck at GND due to stuck port data_in      ;
; bg_engine:u_bg_engine|tilemap_ram:u_map_buffer|map_ram~4163     ; Stuck at GND due to stuck port data_in      ;
; bg_engine:u_bg_engine|tilemap_ram:u_map_buffer|map_ram~4171     ; Stuck at GND due to stuck port data_in      ;
; bg_engine:u_bg_engine|tilemap_ram:u_map_buffer|map_ram~4179     ; Stuck at GND due to stuck port data_in      ;
; bg_engine:u_bg_engine|tilemap_ram:u_map_buffer|map_ram~4187     ; Stuck at GND due to stuck port data_in      ;
; bg_engine:u_bg_engine|tilemap_ram:u_map_buffer|map_ram~4195     ; Stuck at GND due to stuck port data_in      ;
; bg_engine:u_bg_engine|tilemap_ram:u_map_buffer|map_ram~4203     ; Stuck at GND due to stuck port data_in      ;
; bg_engine:u_bg_engine|tilemap_ram:u_map_buffer|map_ram~4211     ; Stuck at GND due to stuck port data_in      ;
; bg_engine:u_bg_engine|tilemap_ram:u_map_buffer|map_ram~4219     ; Stuck at GND due to stuck port data_in      ;
; bg_engine:u_bg_engine|tilemap_ram:u_map_buffer|map_ram~4227     ; Stuck at GND due to stuck port data_in      ;
; bg_engine:u_bg_engine|tilemap_ram:u_map_buffer|map_ram~4235     ; Stuck at GND due to stuck port data_in      ;
; bg_engine:u_bg_engine|tilemap_ram:u_map_buffer|map_ram~4243     ; Stuck at GND due to stuck port data_in      ;
; bg_engine:u_bg_engine|tilemap_ram:u_map_buffer|map_ram~4251     ; Stuck at GND due to stuck port data_in      ;
; bg_engine:u_bg_engine|tilemap_ram:u_map_buffer|map_ram~4259     ; Stuck at GND due to stuck port data_in      ;
; bg_engine:u_bg_engine|tilemap_ram:u_map_buffer|map_ram~4267     ; Stuck at GND due to stuck port data_in      ;
; bg_engine:u_bg_engine|tilemap_ram:u_map_buffer|map_ram~4275     ; Stuck at GND due to stuck port data_in      ;
; bg_engine:u_bg_engine|tilemap_ram:u_map_buffer|map_ram~4283     ; Stuck at GND due to stuck port data_in      ;
; bg_engine:u_bg_engine|tilemap_ram:u_map_buffer|map_ram~4291     ; Stuck at GND due to stuck port data_in      ;
; bg_engine:u_bg_engine|tilemap_ram:u_map_buffer|map_ram~4299     ; Stuck at GND due to stuck port data_in      ;
; bg_engine:u_bg_engine|tilemap_ram:u_map_buffer|map_ram~4307     ; Stuck at GND due to stuck port data_in      ;
; bg_engine:u_bg_engine|tilemap_ram:u_map_buffer|map_ram~4315     ; Stuck at GND due to stuck port data_in      ;
; bg_engine:u_bg_engine|tilemap_ram:u_map_buffer|map_ram~4323     ; Stuck at GND due to stuck port data_in      ;
; bg_engine:u_bg_engine|tilemap_ram:u_map_buffer|map_ram~4331     ; Stuck at GND due to stuck port data_in      ;
; bg_engine:u_bg_engine|tilemap_ram:u_map_buffer|map_ram~4339     ; Stuck at GND due to stuck port data_in      ;
; bg_engine:u_bg_engine|tilemap_ram:u_map_buffer|map_ram~4347     ; Stuck at GND due to stuck port data_in      ;
; bg_engine:u_bg_engine|tilemap_ram:u_map_buffer|map_ram~4355     ; Stuck at GND due to stuck port data_in      ;
; bg_engine:u_bg_engine|tilemap_ram:u_map_buffer|map_ram~4363     ; Stuck at GND due to stuck port data_in      ;
; bg_engine:u_bg_engine|tilemap_ram:u_map_buffer|map_ram~4371     ; Stuck at GND due to stuck port data_in      ;
; Total Number of Removed Registers = 10682                       ;                                             ;
+-----------------------------------------------------------------+---------------------------------------------+
* Table truncated at 5000 items. To change the number of removed registers reported, set the "Number of Removed Registers Reported" option under Assignments->Settings->Analysis and Synthesis Settings->More Settings


+--------------------------------------------------------------------------------------------------------------------------------------------------------------------+
; Removed Registers Triggering Further Register Optimizations                                                                                                        ;
+--------------------------------------------------+---------------------------+-------------------------------------------------------------------------------------+
; Register name                                    ; Reason for Removal        ; Registers Removed due to This Register                                              ;
+--------------------------------------------------+---------------------------+-------------------------------------------------------------------------------------+
; board_input_controller:u_input_ctrl|cmd_data[27] ; Stuck at GND              ; cmd_decoder:u_cmd_decoder|tm_wr_x[5], cmd_decoder:u_cmd_decoder|sat_addr[4],        ;
;                                                  ; due to stuck port data_in ; cmd_decoder:u_cmd_decoder|rect_x2[8], cmd_decoder:u_cmd_decoder|rect_x1_hold[8],    ;
;                                                  ;                           ; cmd_decoder:u_cmd_decoder|tri_x2[8], cmd_decoder:u_cmd_decoder|tri_x0_hold[8],      ;
;                                                  ;                           ; cmd_decoder:u_cmd_decoder|tri_x1_hold[8], polygon_rasterizer:u_rasterizer|v2x[8],   ;
;                                                  ;                           ; sprite_engine:u_sprite_engine|sat_x[24][8],                                         ;
;                                                  ;                           ; sprite_engine:u_sprite_engine|sat_x[24][6],                                         ;
;                                                  ;                           ; sprite_engine:u_sprite_engine|sat_x[24][5],                                         ;
;                                                  ;                           ; sprite_engine:u_sprite_engine|sat_x[25][8],                                         ;
;                                                  ;                           ; sprite_engine:u_sprite_engine|sat_x[25][6],                                         ;
;                                                  ;                           ; sprite_engine:u_sprite_engine|sat_x[25][5],                                         ;
;                                                  ;                           ; sprite_engine:u_sprite_engine|sat_x[26][8],                                         ;
;                                                  ;                           ; sprite_engine:u_sprite_engine|sat_x[26][6],                                         ;
;                                                  ;                           ; sprite_engine:u_sprite_engine|sat_x[26][5],                                         ;
;                                                  ;                           ; sprite_engine:u_sprite_engine|sat_x[27][8],                                         ;
;                                                  ;                           ; sprite_engine:u_sprite_engine|sat_x[27][6],                                         ;
;                                                  ;                           ; sprite_engine:u_sprite_engine|sat_x[27][5],                                         ;
;                                                  ;                           ; sprite_engine:u_sprite_engine|sat_x[28][8],                                         ;
;                                                  ;                           ; sprite_engine:u_sprite_engine|sat_x[28][6],                                         ;
;                                                  ;                           ; sprite_engine:u_sprite_engine|sat_x[28][5],                                         ;
;                                                  ;                           ; sprite_engine:u_sprite_engine|sat_x[29][8],                                         ;
;                                                  ;                           ; sprite_engine:u_sprite_engine|sat_x[29][6],                                         ;
;                                                  ;                           ; sprite_engine:u_sprite_engine|sat_x[29][5],                                         ;
;                                                  ;                           ; sprite_engine:u_sprite_engine|sat_x[30][8],                                         ;
;                                                  ;                           ; sprite_engine:u_sprite_engine|sat_x[30][6],                                         ;
;                                                  ;                           ; sprite_engine:u_sprite_engine|sat_x[30][5],                                         ;
;                                                  ;                           ; sprite_engine:u_sprite_engine|sat_x[31][8],                                         ;
;                                                  ;                           ; sprite_engine:u_sprite_engine|sat_x[31][6],                                         ;
;                                                  ;                           ; sprite_engine:u_sprite_engine|sat_x[31][5],                                         ;
;                                                  ;                           ; sprite_engine:u_sprite_engine|sat_tile[24][7],                                      ;
;                                                  ;                           ; sprite_engine:u_sprite_engine|sat_tile[24][5],                                      ;
;                                                  ;                           ; sprite_engine:u_sprite_engine|sat_tile[24][4],                                      ;
;                                                  ;                           ; sprite_engine:u_sprite_engine|sat_tile[25][7],                                      ;
;                                                  ;                           ; sprite_engine:u_sprite_engine|sat_tile[25][5],                                      ;
;                                                  ;                           ; sprite_engine:u_sprite_engine|sat_tile[25][4],                                      ;
;                                                  ;                           ; sprite_engine:u_sprite_engine|sat_tile[26][7],                                      ;
;                                                  ;                           ; sprite_engine:u_sprite_engine|sat_tile[26][5],                                      ;
;                                                  ;                           ; sprite_engine:u_sprite_engine|sat_tile[26][4],                                      ;
;                                                  ;                           ; sprite_engine:u_sprite_engine|sat_tile[27][7],                                      ;
;                                                  ;                           ; sprite_engine:u_sprite_engine|sat_tile[27][5],                                      ;
;                                                  ;                           ; sprite_engine:u_sprite_engine|sat_tile[27][4],                                      ;
;                                                  ;                           ; sprite_engine:u_sprite_engine|sat_tile[28][7],                                      ;
;                                                  ;                           ; sprite_engine:u_sprite_engine|sat_tile[28][5],                                      ;
;                                                  ;                           ; sprite_engine:u_sprite_engine|sat_tile[28][4],                                      ;
;                                                  ;                           ; sprite_engine:u_sprite_engine|sat_tile[29][7],                                      ;
;                                                  ;                           ; sprite_engine:u_sprite_engine|sat_tile[29][5],                                      ;
;                                                  ;                           ; sprite_engine:u_sprite_engine|sat_tile[29][4],                                      ;
;                                                  ;                           ; sprite_engine:u_sprite_engine|sat_tile[30][7],                                      ;
;                                                  ;                           ; sprite_engine:u_sprite_engine|sat_tile[30][5],                                      ;
;                                                  ;                           ; sprite_engine:u_sprite_engine|sat_tile[30][4],                                      ;
;                                                  ;                           ; sprite_engine:u_sprite_engine|sat_tile[31][7],                                      ;
;                                                  ;                           ; sprite_engine:u_sprite_engine|sat_tile[31][5],                                      ;
;                                                  ;                           ; sprite_engine:u_sprite_engine|sat_tile[31][4],                                      ;
;                                                  ;                           ; cmd_decoder:u_cmd_decoder|rect_x1[8], cmd_decoder:u_cmd_decoder|tri_x0[8],          ;
;                                                  ;                           ; cmd_decoder:u_cmd_decoder|tri_x1[8], polygon_rasterizer:u_rasterizer|rx_min[8],     ;
;                                                  ;                           ; polygon_rasterizer:u_rasterizer|rx_min[7],                                          ;
;                                                  ;                           ; polygon_rasterizer:u_rasterizer|rx_min[6],                                          ;
;                                                  ;                           ; polygon_rasterizer:u_rasterizer|rx_min[5],                                          ;
;                                                  ;                           ; polygon_rasterizer:u_rasterizer|rx_min[4],                                          ;
;                                                  ;                           ; polygon_rasterizer:u_rasterizer|rx_min[3],                                          ;
;                                                  ;                           ; polygon_rasterizer:u_rasterizer|rx_min[1],                                          ;
;                                                  ;                           ; polygon_rasterizer:u_rasterizer|rx_min[0],                                          ;
;                                                  ;                           ; polygon_rasterizer:u_rasterizer|rx_max[8],                                          ;
;                                                  ;                           ; polygon_rasterizer:u_rasterizer|rx_max[7],                                          ;
;                                                  ;                           ; polygon_rasterizer:u_rasterizer|rx_max[6],                                          ;
;                                                  ;                           ; polygon_rasterizer:u_rasterizer|rx_max[5],                                          ;
;                                                  ;                           ; polygon_rasterizer:u_rasterizer|rx_max[4],                                          ;
;                                                  ;                           ; polygon_rasterizer:u_rasterizer|rx_max[3],                                          ;
;                                                  ;                           ; polygon_rasterizer:u_rasterizer|rx_max[1],                                          ;
;                                                  ;                           ; polygon_rasterizer:u_rasterizer|rx_max[0], polygon_rasterizer:u_rasterizer|v0x[8],  ;
;                                                  ;                           ; polygon_rasterizer:u_rasterizer|v1x[8], polygon_rasterizer:u_rasterizer|tx_min[8],  ;
;                                                  ;                           ; polygon_rasterizer:u_rasterizer|tx_min[7],                                          ;
;                                                  ;                           ; polygon_rasterizer:u_rasterizer|tx_min[6],                                          ;
;                                                  ;                           ; polygon_rasterizer:u_rasterizer|tx_min[5],                                          ;
;                                                  ;                           ; polygon_rasterizer:u_rasterizer|tx_min[4],                                          ;
;                                                  ;                           ; polygon_rasterizer:u_rasterizer|tx_min[3],                                          ;
;                                                  ;                           ; polygon_rasterizer:u_rasterizer|tx_min[1],                                          ;
;                                                  ;                           ; polygon_rasterizer:u_rasterizer|tx_min[0],                                          ;
;                                                  ;                           ; polygon_rasterizer:u_rasterizer|tx_max[8],                                          ;
;                                                  ;                           ; polygon_rasterizer:u_rasterizer|tx_max[7],                                          ;
;                                                  ;                           ; polygon_rasterizer:u_rasterizer|tx_max[6],                                          ;
;                                                  ;                           ; polygon_rasterizer:u_rasterizer|tx_max[5],                                          ;
;                                                  ;                           ; polygon_rasterizer:u_rasterizer|tx_max[4],                                          ;
;                                                  ;                           ; polygon_rasterizer:u_rasterizer|tx_max[3],                                          ;
;                                                  ;                           ; polygon_rasterizer:u_rasterizer|tx_max[1],                                          ;
;                                                  ;                           ; polygon_rasterizer:u_rasterizer|tx_max[0],                                          ;
;                                                  ;                           ; sprite_engine:u_sprite_engine|sat_en[24], sprite_engine:u_sprite_engine|sat_en[25], ;
;                                                  ;                           ; sprite_engine:u_sprite_engine|sat_en[26], sprite_engine:u_sprite_engine|sat_en[27], ;
;                                                  ;                           ; sprite_engine:u_sprite_engine|sat_en[28], sprite_engine:u_sprite_engine|sat_en[29], ;
;                                                  ;                           ; sprite_engine:u_sprite_engine|sat_en[30], sprite_engine:u_sprite_engine|sat_en[31], ;
;                                                  ;                           ; sprite_engine:u_sprite_engine|sat_x[24][7],                                         ;
;                                                  ;                           ; sprite_engine:u_sprite_engine|sat_x[24][4],                                         ;
;                                                  ;                           ; sprite_engine:u_sprite_engine|sat_x[24][3],                                         ;
;                                                  ;                           ; sprite_engine:u_sprite_engine|sat_x[24][2],                                         ;
;                                                  ;                           ; sprite_engine:u_sprite_engine|sat_x[24][1],                                         ;
;                                                  ;                           ; sprite_engine:u_sprite_engine|sat_x[24][0],                                         ;
;                                                  ;                           ; sprite_engine:u_sprite_engine|sat_x[25][7],                                         ;
;                                                  ;                           ; sprite_engine:u_sprite_engine|sat_x[25][4],                                         ;
;                                                  ;                           ; sprite_engine:u_sprite_engine|sat_x[25][3],                                         ;
;                                                  ;                           ; sprite_engine:u_sprite_engine|sat_x[25][2],                                         ;
;                                                  ;                           ; sprite_engine:u_sprite_engine|sat_x[25][1],                                         ;
;                                                  ;                           ; sprite_engine:u_sprite_engine|sat_x[25][0],                                         ;
;                                                  ;                           ; sprite_engine:u_sprite_engine|sat_x[26][7],                                         ;
;                                                  ;                           ; sprite_engine:u_sprite_engine|sat_x[26][4],                                         ;
;                                                  ;                           ; sprite_engine:u_sprite_engine|sat_x[26][3],                                         ;
;                                                  ;                           ; sprite_engine:u_sprite_engine|sat_x[26][2],                                         ;
;                                                  ;                           ; sprite_engine:u_sprite_engine|sat_x[26][1],                                         ;
;                                                  ;                           ; sprite_engine:u_sprite_engine|sat_x[26][0],                                         ;
;                                                  ;                           ; sprite_engine:u_sprite_engine|sat_x[27][7],                                         ;
;                                                  ;                           ; sprite_engine:u_sprite_engine|sat_x[27][4],                                         ;
;                                                  ;                           ; sprite_engine:u_sprite_engine|sat_x[27][3],                                         ;
;                                                  ;                           ; sprite_engine:u_sprite_engine|sat_x[27][2],                                         ;
;                                                  ;                           ; sprite_engine:u_sprite_engine|sat_x[27][1],                                         ;
;                                                  ;                           ; sprite_engine:u_sprite_engine|sat_x[27][0],                                         ;
;                                                  ;                           ; sprite_engine:u_sprite_engine|sat_x[28][7],                                         ;
;                                                  ;                           ; sprite_engine:u_sprite_engine|sat_x[28][4],                                         ;
;                                                  ;                           ; sprite_engine:u_sprite_engine|sat_x[28][3],                                         ;
;                                                  ;                           ; sprite_engine:u_sprite_engine|sat_x[28][2],                                         ;
;                                                  ;                           ; sprite_engine:u_sprite_engine|sat_x[28][1],                                         ;
;                                                  ;                           ; sprite_engine:u_sprite_engine|sat_x[28][0],                                         ;
;                                                  ;                           ; sprite_engine:u_sprite_engine|sat_x[29][7],                                         ;
;                                                  ;                           ; sprite_engine:u_sprite_engine|sat_x[29][4],                                         ;
;                                                  ;                           ; sprite_engine:u_sprite_engine|sat_x[29][3],                                         ;
;                                                  ;                           ; sprite_engine:u_sprite_engine|sat_x[29][2],                                         ;
;                                                  ;                           ; sprite_engine:u_sprite_engine|sat_x[29][1],                                         ;
;                                                  ;                           ; sprite_engine:u_sprite_engine|sat_x[29][0],                                         ;
;                                                  ;                           ; sprite_engine:u_sprite_engine|sat_x[30][7],                                         ;
;                                                  ;                           ; sprite_engine:u_sprite_engine|sat_x[30][4],                                         ;
;                                                  ;                           ; sprite_engine:u_sprite_engine|sat_x[30][3],                                         ;
;                                                  ;                           ; sprite_engine:u_sprite_engine|sat_x[30][2],                                         ;
;                                                  ;                           ; sprite_engine:u_sprite_engine|sat_x[30][1],                                         ;
;                                                  ;                           ; sprite_engine:u_sprite_engine|sat_x[30][0],                                         ;
;                                                  ;                           ; sprite_engine:u_sprite_engine|sat_x[31][7],                                         ;
;                                                  ;                           ; sprite_engine:u_sprite_engine|sat_x[31][4],                                         ;
;                                                  ;                           ; sprite_engine:u_sprite_engine|sat_x[31][3],                                         ;
;                                                  ;                           ; sprite_engine:u_sprite_engine|sat_x[31][2],                                         ;
;                                                  ;                           ; sprite_engine:u_sprite_engine|sat_x[31][1],                                         ;
;                                                  ;                           ; sprite_engine:u_sprite_engine|sat_x[31][0],                                         ;
;                                                  ;                           ; sprite_engine:u_sprite_engine|sat_y[24][7],                                         ;
;                                                  ;                           ; sprite_engine:u_sprite_engine|sat_y[24][6],                                         ;
;                                                  ;                           ; sprite_engine:u_sprite_engine|sat_y[24][5],                                         ;
;                                                  ;                           ; sprite_engine:u_sprite_engine|sat_y[24][4],                                         ;
;                                                  ;                           ; sprite_engine:u_sprite_engine|sat_y[24][3],                                         ;
;                                                  ;                           ; sprite_engine:u_sprite_engine|sat_y[24][2],                                         ;
;                                                  ;                           ; sprite_engine:u_sprite_engine|sat_y[24][1],                                         ;
;                                                  ;                           ; sprite_engine:u_sprite_engine|sat_y[24][0],                                         ;
;                                                  ;                           ; sprite_engine:u_sprite_engine|sat_y[25][7],                                         ;
;                                                  ;                           ; sprite_engine:u_sprite_engine|sat_y[25][6],                                         ;
;                                                  ;                           ; sprite_engine:u_sprite_engine|sat_y[25][5],                                         ;
;                                                  ;                           ; sprite_engine:u_sprite_engine|sat_y[25][4],                                         ;
;                                                  ;                           ; sprite_engine:u_sprite_engine|sat_y[25][3],                                         ;
;                                                  ;                           ; sprite_engine:u_sprite_engine|sat_y[25][2],                                         ;
;                                                  ;                           ; sprite_engine:u_sprite_engine|sat_y[25][1],                                         ;
;                                                  ;                           ; sprite_engine:u_sprite_engine|sat_y[25][0],                                         ;
;                                                  ;                           ; sprite_engine:u_sprite_engine|sat_y[26][7],                                         ;
;                                                  ;                           ; sprite_engine:u_sprite_engine|sat_y[26][6],                                         ;
;                                                  ;                           ; sprite_engine:u_sprite_engine|sat_y[26][5],                                         ;
;                                                  ;                           ; sprite_engine:u_sprite_engine|sat_y[26][4],                                         ;
;                                                  ;                           ; sprite_engine:u_sprite_engine|sat_y[26][3],                                         ;
;                                                  ;                           ; sprite_engine:u_sprite_engine|sat_y[26][2],                                         ;
;                                                  ;                           ; sprite_engine:u_sprite_engine|sat_y[26][1],                                         ;
;                                                  ;                           ; sprite_engine:u_sprite_engine|sat_y[26][0],                                         ;
;                                                  ;                           ; sprite_engine:u_sprite_engine|sat_y[27][7],                                         ;
;                                                  ;                           ; sprite_engine:u_sprite_engine|sat_y[27][6],                                         ;
;                                                  ;                           ; sprite_engine:u_sprite_engine|sat_y[27][5],                                         ;
;                                                  ;                           ; sprite_engine:u_sprite_engine|sat_y[27][4],                                         ;
;                                                  ;                           ; sprite_engine:u_sprite_engine|sat_y[27][3],                                         ;
;                                                  ;                           ; sprite_engine:u_sprite_engine|sat_y[27][2],                                         ;
;                                                  ;                           ; sprite_engine:u_sprite_engine|sat_y[27][1],                                         ;
;                                                  ;                           ; sprite_engine:u_sprite_engine|sat_y[27][0],                                         ;
;                                                  ;                           ; sprite_engine:u_sprite_engine|sat_y[28][7],                                         ;
;                                                  ;                           ; sprite_engine:u_sprite_engine|sat_y[28][6],                                         ;
;                                                  ;                           ; sprite_engine:u_sprite_engine|sat_y[28][5],                                         ;
;                                                  ;                           ; sprite_engine:u_sprite_engine|sat_y[28][4],                                         ;
;                                                  ;                           ; sprite_engine:u_sprite_engine|sat_y[28][3],                                         ;
;                                                  ;                           ; sprite_engine:u_sprite_engine|sat_y[28][2],                                         ;
;                                                  ;                           ; sprite_engine:u_sprite_engine|sat_y[28][1],                                         ;
;                                                  ;                           ; sprite_engine:u_sprite_engine|sat_y[28][0],                                         ;
;                                                  ;                           ; sprite_engine:u_sprite_engine|sat_y[29][7],                                         ;
;                                                  ;                           ; sprite_engine:u_sprite_engine|sat_y[29][6],                                         ;
;                                                  ;                           ; sprite_engine:u_sprite_engine|sat_y[29][5],                                         ;
;                                                  ;                           ; sprite_engine:u_sprite_engine|sat_y[29][4],                                         ;
;                                                  ;                           ; sprite_engine:u_sprite_engine|sat_y[29][3],                                         ;
;                                                  ;                           ; sprite_engine:u_sprite_engine|sat_y[29][2],                                         ;
;                                                  ;                           ; sprite_engine:u_sprite_engine|sat_y[29][1],                                         ;
;                                                  ;                           ; sprite_engine:u_sprite_engine|sat_y[29][0],                                         ;
;                                                  ;                           ; sprite_engine:u_sprite_engine|sat_y[30][7],                                         ;
;                                                  ;                           ; sprite_engine:u_sprite_engine|sat_y[30][6],                                         ;
;                                                  ;                           ; sprite_engine:u_sprite_engine|sat_y[30][5],                                         ;
;                                                  ;                           ; sprite_engine:u_sprite_engine|sat_y[30][4],                                         ;
;                                                  ;                           ; sprite_engine:u_sprite_engine|sat_y[30][3],                                         ;
;                                                  ;                           ; sprite_engine:u_sprite_engine|sat_y[30][2],                                         ;
;                                                  ;                           ; sprite_engine:u_sprite_engine|sat_y[30][1],                                         ;
;                                                  ;                           ; sprite_engine:u_sprite_engine|sat_y[30][0],                                         ;
;                                                  ;                           ; sprite_engine:u_sprite_engine|sat_y[31][7],                                         ;
;                                                  ;                           ; sprite_engine:u_sprite_engine|sat_y[31][6],                                         ;
;                                                  ;                           ; sprite_engine:u_sprite_engine|sat_y[31][5],                                         ;
;                                                  ;                           ; sprite_engine:u_sprite_engine|sat_y[31][4],                                         ;
;                                                  ;                           ; sprite_engine:u_sprite_engine|sat_y[31][3],                                         ;
;                                                  ;                           ; sprite_engine:u_sprite_engine|sat_y[31][2],                                         ;
;                                                  ;                           ; sprite_engine:u_sprite_engine|sat_y[31][1],                                         ;
;                                                  ;                           ; sprite_engine:u_sprite_engine|sat_y[31][0],                                         ;
;                                                  ;                           ; sprite_engine:u_sprite_engine|sat_tile[24][6],                                      ;
;                                                  ;                           ; sprite_engine:u_sprite_engine|sat_tile[24][3],                                      ;
;                                                  ;                           ; sprite_engine:u_sprite_engine|sat_tile[24][2],                                      ;
;                                                  ;                           ; sprite_engine:u_sprite_engine|sat_tile[24][1],                                      ;
;                                                  ;                           ; sprite_engine:u_sprite_engine|sat_tile[24][0],                                      ;
;                                                  ;                           ; sprite_engine:u_sprite_engine|sat_tile[25][6],                                      ;
;                                                  ;                           ; sprite_engine:u_sprite_engine|sat_tile[25][3],                                      ;
;                                                  ;                           ; sprite_engine:u_sprite_engine|sat_tile[25][2],                                      ;
;                                                  ;                           ; sprite_engine:u_sprite_engine|sat_tile[25][1],                                      ;
;                                                  ;                           ; sprite_engine:u_sprite_engine|sat_tile[25][0],                                      ;
;                                                  ;                           ; sprite_engine:u_sprite_engine|sat_tile[26][6],                                      ;
;                                                  ;                           ; sprite_engine:u_sprite_engine|sat_tile[26][3],                                      ;
;                                                  ;                           ; sprite_engine:u_sprite_engine|sat_tile[26][2],                                      ;
;                                                  ;                           ; sprite_engine:u_sprite_engine|sat_tile[26][1],                                      ;
;                                                  ;                           ; sprite_engine:u_sprite_engine|sat_tile[26][0],                                      ;
;                                                  ;                           ; sprite_engine:u_sprite_engine|sat_tile[27][6],                                      ;
;                                                  ;                           ; sprite_engine:u_sprite_engine|sat_tile[27][3],                                      ;
;                                                  ;                           ; sprite_engine:u_sprite_engine|sat_tile[27][2],                                      ;
;                                                  ;                           ; sprite_engine:u_sprite_engine|sat_tile[27][1],                                      ;
;                                                  ;                           ; sprite_engine:u_sprite_engine|sat_tile[27][0],                                      ;
;                                                  ;                           ; sprite_engine:u_sprite_engine|sat_tile[28][6],                                      ;
;                                                  ;                           ; sprite_engine:u_sprite_engine|sat_tile[28][3],                                      ;
;                                                  ;                           ; sprite_engine:u_sprite_engine|sat_tile[28][2],                                      ;
;                                                  ;                           ; sprite_engine:u_sprite_engine|sat_tile[28][1],                                      ;
;                                                  ;                           ; sprite_engine:u_sprite_engine|sat_tile[28][0],                                      ;
;                                                  ;                           ; sprite_engine:u_sprite_engine|sat_tile[29][6],                                      ;
;                                                  ;                           ; sprite_engine:u_sprite_engine|sat_tile[29][3],                                      ;
;                                                  ;                           ; sprite_engine:u_sprite_engine|sat_tile[29][2],                                      ;
;                                                  ;                           ; sprite_engine:u_sprite_engine|sat_tile[29][1],                                      ;
;                                                  ;                           ; sprite_engine:u_sprite_engine|sat_tile[29][0],                                      ;
;                                                  ;                           ; sprite_engine:u_sprite_engine|sat_tile[30][6],                                      ;
;                                                  ;                           ; sprite_engine:u_sprite_engine|sat_tile[30][3],                                      ;
;                                                  ;                           ; sprite_engine:u_sprite_engine|sat_tile[30][2],                                      ;
;                                                  ;                           ; sprite_engine:u_sprite_engine|sat_tile[30][1],                                      ;
;                                                  ;                           ; sprite_engine:u_sprite_engine|sat_tile[30][0],                                      ;
;                                                  ;                           ; sprite_engine:u_sprite_engine|sat_tile[31][6],                                      ;
;                                                  ;                           ; sprite_engine:u_sprite_engine|sat_tile[31][3],                                      ;
;                                                  ;                           ; sprite_engine:u_sprite_engine|sat_tile[31][2],                                      ;
;                                                  ;                           ; sprite_engine:u_sprite_engine|sat_tile[31][1],                                      ;
;                                                  ;                           ; sprite_engine:u_sprite_engine|sat_tile[31][0],                                      ;
;                                                  ;                           ; sprite_engine:u_sprite_engine|sat_fh[24], sprite_engine:u_sprite_engine|sat_fh[25], ;
;                                                  ;                           ; sprite_engine:u_sprite_engine|sat_fh[26], sprite_engine:u_sprite_engine|sat_fh[27], ;
;                                                  ;                           ; sprite_engine:u_sprite_engine|sat_fh[28], sprite_engine:u_sprite_engine|sat_fh[29], ;
;                                                  ;                           ; sprite_engine:u_sprite_engine|sat_fh[30], sprite_engine:u_sprite_engine|sat_fh[31], ;
;                                                  ;                           ; sprite_engine:u_sprite_engine|sat_fv[24], sprite_engine:u_sprite_engine|sat_fv[25], ;
;                                                  ;                           ; sprite_engine:u_sprite_engine|sat_fv[26], sprite_engine:u_sprite_engine|sat_fv[27], ;
;                                                  ;                           ; sprite_engine:u_sprite_engine|sat_fv[28], sprite_engine:u_sprite_engine|sat_fv[29], ;
;                                                  ;                           ; sprite_engine:u_sprite_engine|sat_fv[30], sprite_engine:u_sprite_engine|sat_fv[31], ;
;                                                  ;                           ; sprite_engine:u_sprite_engine|sat_prio[24],                                         ;
;                                                  ;                           ; sprite_engine:u_sprite_engine|sat_prio[25],                                         ;
;                                                  ;                           ; sprite_engine:u_sprite_engine|sat_prio[26],                                         ;
;                                                  ;                           ; sprite_engine:u_sprite_engine|sat_prio[27],                                         ;
;                                                  ;                           ; sprite_engine:u_sprite_engine|sat_prio[28],                                         ;
;                                                  ;                           ; sprite_engine:u_sprite_engine|sat_prio[29],                                         ;
;                                                  ;                           ; sprite_engine:u_sprite_engine|sat_prio[30],                                         ;
;                                                  ;                           ; sprite_engine:u_sprite_engine|sat_prio[31],                                         ;
;                                                  ;                           ; sprite_engine:u_sprite_engine|sat_pal[24][1],                                       ;
;                                                  ;                           ; sprite_engine:u_sprite_engine|sat_pal[24][0],                                       ;
;                                                  ;                           ; sprite_engine:u_sprite_engine|sat_pal[25][1],                                       ;
;                                                  ;                           ; sprite_engine:u_sprite_engine|sat_pal[25][0],                                       ;
;                                                  ;                           ; sprite_engine:u_sprite_engine|sat_pal[26][1],                                       ;
;                                                  ;                           ; sprite_engine:u_sprite_engine|sat_pal[26][0],                                       ;
;                                                  ;                           ; sprite_engine:u_sprite_engine|sat_pal[27][1],                                       ;
;                                                  ;                           ; sprite_engine:u_sprite_engine|sat_pal[27][0],                                       ;
;                                                  ;                           ; sprite_engine:u_sprite_engine|sat_pal[28][1],                                       ;
;                                                  ;                           ; sprite_engine:u_sprite_engine|sat_pal[28][0],                                       ;
;                                                  ;                           ; sprite_engine:u_sprite_engine|sat_pal[29][1],                                       ;
;                                                  ;                           ; sprite_engine:u_sprite_engine|sat_pal[29][0],                                       ;
;                                                  ;                           ; sprite_engine:u_sprite_engine|sat_pal[30][1],                                       ;
;                                                  ;                           ; sprite_engine:u_sprite_engine|sat_pal[30][0],                                       ;
;                                                  ;                           ; sprite_engine:u_sprite_engine|sat_pal[31][1]                                        ;
; board_input_controller:u_input_ctrl|cmd_data[22] ; Stuck at GND              ; cmd_decoder:u_cmd_decoder|tm_wr_x[0], cmd_decoder:u_cmd_decoder|out_x[8],           ;
;                                                  ; due to stuck port data_in ; cmd_decoder:u_cmd_decoder|out_tile_id[7], cmd_decoder:u_cmd_decoder|rect_x2[3],     ;
;                                                  ;                           ; cmd_decoder:u_cmd_decoder|rect_x1_hold[3], cmd_decoder:u_cmd_decoder|tri_x2[3],     ;
;                                                  ;                           ; cmd_decoder:u_cmd_decoder|tri_x0_hold[3], cmd_decoder:u_cmd_decoder|tri_x1_hold[3], ;
;                                                  ;                           ; polygon_rasterizer:u_rasterizer|v2x[3], sprite_engine:u_sprite_engine|sat_x[0][8],  ;
;                                                  ;                           ; sprite_engine:u_sprite_engine|sat_x[1][8],                                          ;
;                                                  ;                           ; sprite_engine:u_sprite_engine|sat_x[2][8],                                          ;
;                                                  ;                           ; sprite_engine:u_sprite_engine|sat_x[3][8],                                          ;
;                                                  ;                           ; sprite_engine:u_sprite_engine|sat_x[4][8],                                          ;
;                                                  ;                           ; sprite_engine:u_sprite_engine|sat_x[5][8],                                          ;
;                                                  ;                           ; sprite_engine:u_sprite_engine|sat_x[6][8],                                          ;
;                                                  ;                           ; sprite_engine:u_sprite_engine|sat_x[7][8],                                          ;
;                                                  ;                           ; sprite_engine:u_sprite_engine|sat_x[8][8],                                          ;
;                                                  ;                           ; sprite_engine:u_sprite_engine|sat_x[9][8],                                          ;
;                                                  ;                           ; sprite_engine:u_sprite_engine|sat_x[10][8],                                         ;
;                                                  ;                           ; sprite_engine:u_sprite_engine|sat_x[11][8],                                         ;
;                                                  ;                           ; sprite_engine:u_sprite_engine|sat_x[12][8],                                         ;
;                                                  ;                           ; sprite_engine:u_sprite_engine|sat_x[13][8],                                         ;
;                                                  ;                           ; sprite_engine:u_sprite_engine|sat_x[14][8],                                         ;
;                                                  ;                           ; sprite_engine:u_sprite_engine|sat_x[15][8],                                         ;
;                                                  ;                           ; sprite_engine:u_sprite_engine|sat_x[16][8],                                         ;
;                                                  ;                           ; sprite_engine:u_sprite_engine|sat_x[17][8],                                         ;
;                                                  ;                           ; sprite_engine:u_sprite_engine|sat_x[18][8],                                         ;
;                                                  ;                           ; sprite_engine:u_sprite_engine|sat_x[19][8],                                         ;
;                                                  ;                           ; sprite_engine:u_sprite_engine|sat_x[20][8],                                         ;
;                                                  ;                           ; sprite_engine:u_sprite_engine|sat_x[21][8],                                         ;
;                                                  ;                           ; sprite_engine:u_sprite_engine|sat_x[22][8],                                         ;
;                                                  ;                           ; sprite_engine:u_sprite_engine|sat_x[23][8],                                         ;
;                                                  ;                           ; sprite_engine:u_sprite_engine|sat_tile[0][7],                                       ;
;                                                  ;                           ; sprite_engine:u_sprite_engine|sat_tile[1][7],                                       ;
;                                                  ;                           ; sprite_engine:u_sprite_engine|sat_tile[2][7],                                       ;
;                                                  ;                           ; sprite_engine:u_sprite_engine|sat_tile[3][7],                                       ;
;                                                  ;                           ; sprite_engine:u_sprite_engine|sat_tile[4][7],                                       ;
;                                                  ;                           ; sprite_engine:u_sprite_engine|sat_tile[5][7],                                       ;
;                                                  ;                           ; sprite_engine:u_sprite_engine|sat_tile[6][7],                                       ;
;                                                  ;                           ; sprite_engine:u_sprite_engine|sat_tile[7][7],                                       ;
;                                                  ;                           ; sprite_engine:u_sprite_engine|sat_tile[8][7],                                       ;
;                                                  ;                           ; sprite_engine:u_sprite_engine|sat_tile[9][7],                                       ;
;                                                  ;                           ; sprite_engine:u_sprite_engine|sat_tile[10][7],                                      ;
;                                                  ;                           ; sprite_engine:u_sprite_engine|sat_tile[11][7],                                      ;
;                                                  ;                           ; sprite_engine:u_sprite_engine|sat_tile[12][7],                                      ;
;                                                  ;                           ; sprite_engine:u_sprite_engine|sat_tile[13][7],                                      ;
;                                                  ;                           ; sprite_engine:u_sprite_engine|sat_tile[14][7],                                      ;
;                                                  ;                           ; sprite_engine:u_sprite_engine|sat_tile[15][7],                                      ;
;                                                  ;                           ; sprite_engine:u_sprite_engine|sat_tile[16][7],                                      ;
;                                                  ;                           ; sprite_engine:u_sprite_engine|sat_tile[17][7],                                      ;
;                                                  ;                           ; sprite_engine:u_sprite_engine|sat_tile[18][7],                                      ;
;                                                  ;                           ; sprite_engine:u_sprite_engine|sat_tile[19][7],                                      ;
;                                                  ;                           ; sprite_engine:u_sprite_engine|sat_tile[20][7],                                      ;
;                                                  ;                           ; sprite_engine:u_sprite_engine|sat_tile[21][7],                                      ;
;                                                  ;                           ; sprite_engine:u_sprite_engine|sat_tile[22][7],                                      ;
;                                                  ;                           ; sprite_engine:u_sprite_engine|sat_tile[23][7],                                      ;
;                                                  ;                           ; cmd_decoder:u_cmd_decoder|rect_x1[3], cmd_decoder:u_cmd_decoder|tri_x0[3],          ;
;                                                  ;                           ; cmd_decoder:u_cmd_decoder|tri_x1[3], polygon_rasterizer:u_rasterizer|v0x[3],        ;
;                                                  ;                           ; polygon_rasterizer:u_rasterizer|v1x[3]                                              ;
; board_input_controller:u_input_ctrl|cmd_data[20] ; Stuck at GND              ; cmd_decoder:u_cmd_decoder|tm_wr_y[3], cmd_decoder:u_cmd_decoder|out_x[6],           ;
;                                                  ; due to stuck port data_in ; cmd_decoder:u_cmd_decoder|out_tile_id[5], cmd_decoder:u_cmd_decoder|rect_x2[1],     ;
;                                                  ;                           ; cmd_decoder:u_cmd_decoder|rect_x1_hold[1], cmd_decoder:u_cmd_decoder|tri_x2[1],     ;
;                                                  ;                           ; cmd_decoder:u_cmd_decoder|tri_x0_hold[1], cmd_decoder:u_cmd_decoder|tri_x1_hold[1], ;
;                                                  ;                           ; polygon_rasterizer:u_rasterizer|v2x[1], sprite_engine:u_sprite_engine|sat_x[0][6],  ;
;                                                  ;                           ; sprite_engine:u_sprite_engine|sat_x[1][6],                                          ;
;                                                  ;                           ; sprite_engine:u_sprite_engine|sat_x[2][6],                                          ;
;                                                  ;                           ; sprite_engine:u_sprite_engine|sat_x[3][6],                                          ;
;                                                  ;                           ; sprite_engine:u_sprite_engine|sat_x[4][6],                                          ;
;                                                  ;                           ; sprite_engine:u_sprite_engine|sat_x[5][6],                                          ;
;                                                  ;                           ; sprite_engine:u_sprite_engine|sat_x[6][6],                                          ;
;                                                  ;                           ; sprite_engine:u_sprite_engine|sat_x[7][6],                                          ;
;                                                  ;                           ; sprite_engine:u_sprite_engine|sat_x[8][6],                                          ;
;                                                  ;                           ; sprite_engine:u_sprite_engine|sat_x[9][6],                                          ;
;                                                  ;                           ; sprite_engine:u_sprite_engine|sat_x[10][6],                                         ;
;                                                  ;                           ; sprite_engine:u_sprite_engine|sat_x[11][6],                                         ;
;                                                  ;                           ; sprite_engine:u_sprite_engine|sat_x[12][6],                                         ;
;                                                  ;                           ; sprite_engine:u_sprite_engine|sat_x[13][6],                                         ;
;                                                  ;                           ; sprite_engine:u_sprite_engine|sat_x[14][6],                                         ;
;                                                  ;                           ; sprite_engine:u_sprite_engine|sat_x[15][6],                                         ;
;                                                  ;                           ; sprite_engine:u_sprite_engine|sat_x[16][6],                                         ;
;                                                  ;                           ; sprite_engine:u_sprite_engine|sat_x[17][6],                                         ;
;                                                  ;                           ; sprite_engine:u_sprite_engine|sat_x[18][6],                                         ;
;                                                  ;                           ; sprite_engine:u_sprite_engine|sat_x[19][6],                                         ;
;                                                  ;                           ; sprite_engine:u_sprite_engine|sat_x[20][6],                                         ;
;                                                  ;                           ; sprite_engine:u_sprite_engine|sat_x[21][6],                                         ;
;                                                  ;                           ; sprite_engine:u_sprite_engine|sat_x[22][6],                                         ;
;                                                  ;                           ; sprite_engine:u_sprite_engine|sat_x[23][6],                                         ;
;                                                  ;                           ; sprite_engine:u_sprite_engine|sat_tile[0][5],                                       ;
;                                                  ;                           ; sprite_engine:u_sprite_engine|sat_tile[1][5],                                       ;
;                                                  ;                           ; sprite_engine:u_sprite_engine|sat_tile[2][5],                                       ;
;                                                  ;                           ; sprite_engine:u_sprite_engine|sat_tile[3][5],                                       ;
;                                                  ;                           ; sprite_engine:u_sprite_engine|sat_tile[4][5],                                       ;
;                                                  ;                           ; sprite_engine:u_sprite_engine|sat_tile[5][5],                                       ;
;                                                  ;                           ; sprite_engine:u_sprite_engine|sat_tile[6][5],                                       ;
;                                                  ;                           ; sprite_engine:u_sprite_engine|sat_tile[7][5],                                       ;
;                                                  ;                           ; sprite_engine:u_sprite_engine|sat_tile[8][5],                                       ;
;                                                  ;                           ; sprite_engine:u_sprite_engine|sat_tile[9][5],                                       ;
;                                                  ;                           ; sprite_engine:u_sprite_engine|sat_tile[10][5],                                      ;
;                                                  ;                           ; sprite_engine:u_sprite_engine|sat_tile[11][5],                                      ;
;                                                  ;                           ; sprite_engine:u_sprite_engine|sat_tile[12][5],                                      ;
;                                                  ;                           ; sprite_engine:u_sprite_engine|sat_tile[13][5],                                      ;
;                                                  ;                           ; sprite_engine:u_sprite_engine|sat_tile[14][5],                                      ;
;                                                  ;                           ; sprite_engine:u_sprite_engine|sat_tile[15][5],                                      ;
;                                                  ;                           ; sprite_engine:u_sprite_engine|sat_tile[16][5],                                      ;
;                                                  ;                           ; sprite_engine:u_sprite_engine|sat_tile[17][5],                                      ;
;                                                  ;                           ; sprite_engine:u_sprite_engine|sat_tile[18][5],                                      ;
;                                                  ;                           ; sprite_engine:u_sprite_engine|sat_tile[19][5],                                      ;
;                                                  ;                           ; sprite_engine:u_sprite_engine|sat_tile[20][5],                                      ;
;                                                  ;                           ; sprite_engine:u_sprite_engine|sat_tile[21][5],                                      ;
;                                                  ;                           ; sprite_engine:u_sprite_engine|sat_tile[22][5],                                      ;
;                                                  ;                           ; sprite_engine:u_sprite_engine|sat_tile[23][5],                                      ;
;                                                  ;                           ; cmd_decoder:u_cmd_decoder|rect_x1[1], cmd_decoder:u_cmd_decoder|tri_x0[1],          ;
;                                                  ;                           ; cmd_decoder:u_cmd_decoder|tri_x1[1], polygon_rasterizer:u_rasterizer|v0x[1],        ;
;                                                  ;                           ; polygon_rasterizer:u_rasterizer|v1x[1]                                              ;
; board_input_controller:u_input_ctrl|cmd_data[19] ; Stuck at GND              ; cmd_decoder:u_cmd_decoder|tm_wr_y[2], cmd_decoder:u_cmd_decoder|out_x[5],           ;
;                                                  ; due to stuck port data_in ; cmd_decoder:u_cmd_decoder|out_tile_id[4], cmd_decoder:u_cmd_decoder|rect_x2[0],     ;
;                                                  ;                           ; cmd_decoder:u_cmd_decoder|rect_x1_hold[0], cmd_decoder:u_cmd_decoder|tri_x2[0],     ;
;                                                  ;                           ; cmd_decoder:u_cmd_decoder|tri_x0_hold[0], cmd_decoder:u_cmd_decoder|tri_x1_hold[0], ;
;                                                  ;                           ; polygon_rasterizer:u_rasterizer|v2x[0], sprite_engine:u_sprite_engine|sat_x[0][5],  ;
;                                                  ;                           ; sprite_engine:u_sprite_engine|sat_x[1][5],                                          ;
;                                                  ;                           ; sprite_engine:u_sprite_engine|sat_x[2][5],                                          ;
;                                                  ;                           ; sprite_engine:u_sprite_engine|sat_x[3][5],                                          ;
;                                                  ;                           ; sprite_engine:u_sprite_engine|sat_x[4][5],                                          ;
;                                                  ;                           ; sprite_engine:u_sprite_engine|sat_x[5][5],                                          ;
;                                                  ;                           ; sprite_engine:u_sprite_engine|sat_x[6][5],                                          ;
;                                                  ;                           ; sprite_engine:u_sprite_engine|sat_x[7][5],                                          ;
;                                                  ;                           ; sprite_engine:u_sprite_engine|sat_x[8][5],                                          ;
;                                                  ;                           ; sprite_engine:u_sprite_engine|sat_x[9][5],                                          ;
;                                                  ;                           ; sprite_engine:u_sprite_engine|sat_x[10][5],                                         ;
;                                                  ;                           ; sprite_engine:u_sprite_engine|sat_x[11][5],                                         ;
;                                                  ;                           ; sprite_engine:u_sprite_engine|sat_x[12][5],                                         ;
;                                                  ;                           ; sprite_engine:u_sprite_engine|sat_x[13][5],                                         ;
;                                                  ;                           ; sprite_engine:u_sprite_engine|sat_x[14][5],                                         ;
;                                                  ;                           ; sprite_engine:u_sprite_engine|sat_x[15][5],                                         ;
;                                                  ;                           ; sprite_engine:u_sprite_engine|sat_x[16][5],                                         ;
;                                                  ;                           ; sprite_engine:u_sprite_engine|sat_x[17][5],                                         ;
;                                                  ;                           ; sprite_engine:u_sprite_engine|sat_x[18][5],                                         ;
;                                                  ;                           ; sprite_engine:u_sprite_engine|sat_x[19][5],                                         ;
;                                                  ;                           ; sprite_engine:u_sprite_engine|sat_x[20][5],                                         ;
;                                                  ;                           ; sprite_engine:u_sprite_engine|sat_x[21][5],                                         ;
;                                                  ;                           ; sprite_engine:u_sprite_engine|sat_x[22][5],                                         ;
;                                                  ;                           ; sprite_engine:u_sprite_engine|sat_x[23][5],                                         ;
;                                                  ;                           ; sprite_engine:u_sprite_engine|sat_tile[0][4],                                       ;
;                                                  ;                           ; sprite_engine:u_sprite_engine|sat_tile[1][4],                                       ;
;                                                  ;                           ; sprite_engine:u_sprite_engine|sat_tile[2][4],                                       ;
;                                                  ;                           ; sprite_engine:u_sprite_engine|sat_tile[3][4],                                       ;
;                                                  ;                           ; sprite_engine:u_sprite_engine|sat_tile[4][4],                                       ;
;                                                  ;                           ; sprite_engine:u_sprite_engine|sat_tile[5][4],                                       ;
;                                                  ;                           ; sprite_engine:u_sprite_engine|sat_tile[6][4],                                       ;
;                                                  ;                           ; sprite_engine:u_sprite_engine|sat_tile[7][4],                                       ;
;                                                  ;                           ; sprite_engine:u_sprite_engine|sat_tile[8][4],                                       ;
;                                                  ;                           ; sprite_engine:u_sprite_engine|sat_tile[9][4],                                       ;
;                                                  ;                           ; sprite_engine:u_sprite_engine|sat_tile[10][4],                                      ;
;                                                  ;                           ; sprite_engine:u_sprite_engine|sat_tile[11][4],                                      ;
;                                                  ;                           ; sprite_engine:u_sprite_engine|sat_tile[12][4],                                      ;
;                                                  ;                           ; sprite_engine:u_sprite_engine|sat_tile[13][4],                                      ;
;                                                  ;                           ; sprite_engine:u_sprite_engine|sat_tile[14][4],                                      ;
;                                                  ;                           ; sprite_engine:u_sprite_engine|sat_tile[15][4],                                      ;
;                                                  ;                           ; sprite_engine:u_sprite_engine|sat_tile[16][4],                                      ;
;                                                  ;                           ; sprite_engine:u_sprite_engine|sat_tile[17][4],                                      ;
;                                                  ;                           ; sprite_engine:u_sprite_engine|sat_tile[18][4],                                      ;
;                                                  ;                           ; sprite_engine:u_sprite_engine|sat_tile[19][4],                                      ;
;                                                  ;                           ; sprite_engine:u_sprite_engine|sat_tile[20][4],                                      ;
;                                                  ;                           ; sprite_engine:u_sprite_engine|sat_tile[21][4],                                      ;
;                                                  ;                           ; sprite_engine:u_sprite_engine|sat_tile[22][4],                                      ;
;                                                  ;                           ; sprite_engine:u_sprite_engine|sat_tile[23][4],                                      ;
;                                                  ;                           ; cmd_decoder:u_cmd_decoder|rect_x1[0], cmd_decoder:u_cmd_decoder|tri_x0[0],          ;
;                                                  ;                           ; cmd_decoder:u_cmd_decoder|tri_x1[0], polygon_rasterizer:u_rasterizer|v0x[0],        ;
;                                                  ;                           ; polygon_rasterizer:u_rasterizer|v1x[0]                                              ;
; board_input_controller:u_input_ctrl|cmd_data[26] ; Stuck at GND              ; cmd_decoder:u_cmd_decoder|tm_wr_x[4], cmd_decoder:u_cmd_decoder|sat_addr[3],        ;
;                                                  ; due to stuck port data_in ; cmd_decoder:u_cmd_decoder|rect_x2[7], cmd_decoder:u_cmd_decoder|rect_x1_hold[7],    ;
;                                                  ;                           ; cmd_decoder:u_cmd_decoder|tri_x2[7], cmd_decoder:u_cmd_decoder|tri_x0_hold[7],      ;
;                                                  ;                           ; cmd_decoder:u_cmd_decoder|tri_x1_hold[7], polygon_rasterizer:u_rasterizer|v2x[7],   ;
;                                                  ;                           ; cmd_decoder:u_cmd_decoder|rect_x1[7], cmd_decoder:u_cmd_decoder|tri_x0[7],          ;
;                                                  ;                           ; cmd_decoder:u_cmd_decoder|tri_x1[7], polygon_rasterizer:u_rasterizer|v0x[7],        ;
;                                                  ;                           ; polygon_rasterizer:u_rasterizer|v1x[7]                                              ;
; board_input_controller:u_input_ctrl|cmd_data[25] ; Stuck at GND              ; cmd_decoder:u_cmd_decoder|tm_wr_x[3], cmd_decoder:u_cmd_decoder|sat_addr[2],        ;
;                                                  ; due to stuck port data_in ; cmd_decoder:u_cmd_decoder|rect_x2[6], cmd_decoder:u_cmd_decoder|rect_x1_hold[6],    ;
;                                                  ;                           ; cmd_decoder:u_cmd_decoder|tri_x2[6], cmd_decoder:u_cmd_decoder|tri_x0_hold[6],      ;
;                                                  ;                           ; cmd_decoder:u_cmd_decoder|tri_x1_hold[6], polygon_rasterizer:u_rasterizer|v2x[6],   ;
;                                                  ;                           ; cmd_decoder:u_cmd_decoder|rect_x1[6], cmd_decoder:u_cmd_decoder|tri_x0[6],          ;
;                                                  ;                           ; cmd_decoder:u_cmd_decoder|tri_x1[6], polygon_rasterizer:u_rasterizer|v0x[6],        ;
;                                                  ;                           ; polygon_rasterizer:u_rasterizer|v1x[6]                                              ;
; board_input_controller:u_input_ctrl|cmd_data[24] ; Stuck at GND              ; cmd_decoder:u_cmd_decoder|tm_wr_x[2], cmd_decoder:u_cmd_decoder|sat_addr[1],        ;
;                                                  ; due to stuck port data_in ; cmd_decoder:u_cmd_decoder|rect_x2[5], cmd_decoder:u_cmd_decoder|rect_x1_hold[5],    ;
;                                                  ;                           ; cmd_decoder:u_cmd_decoder|tri_x2[5], cmd_decoder:u_cmd_decoder|tri_x0_hold[5],      ;
;                                                  ;                           ; cmd_decoder:u_cmd_decoder|tri_x1_hold[5], polygon_rasterizer:u_rasterizer|v2x[5],   ;
;                                                  ;                           ; cmd_decoder:u_cmd_decoder|rect_x1[5], cmd_decoder:u_cmd_decoder|tri_x0[5],          ;
;                                                  ;                           ; cmd_decoder:u_cmd_decoder|tri_x1[5], polygon_rasterizer:u_rasterizer|v0x[5],        ;
;                                                  ;                           ; polygon_rasterizer:u_rasterizer|v1x[5]                                              ;
; board_input_controller:u_input_ctrl|cmd_data[23] ; Stuck at GND              ; cmd_decoder:u_cmd_decoder|tm_wr_x[1], cmd_decoder:u_cmd_decoder|sat_addr[0],        ;
;                                                  ; due to stuck port data_in ; cmd_decoder:u_cmd_decoder|rect_x2[4], cmd_decoder:u_cmd_decoder|rect_x1_hold[4],    ;
;                                                  ;                           ; cmd_decoder:u_cmd_decoder|tri_x2[4], cmd_decoder:u_cmd_decoder|tri_x0_hold[4],      ;
;                                                  ;                           ; cmd_decoder:u_cmd_decoder|tri_x1_hold[4], polygon_rasterizer:u_rasterizer|v2x[4],   ;
;                                                  ;                           ; cmd_decoder:u_cmd_decoder|rect_x1[4], cmd_decoder:u_cmd_decoder|tri_x0[4],          ;
;                                                  ;                           ; cmd_decoder:u_cmd_decoder|tri_x1[4], polygon_rasterizer:u_rasterizer|v0x[4],        ;
;                                                  ;                           ; polygon_rasterizer:u_rasterizer|v1x[4]                                              ;
; board_input_controller:u_input_ctrl|cmd_data[5]  ; Stuck at GND              ; cmd_decoder:u_cmd_decoder|rect_color[2], cmd_decoder:u_cmd_decoder|tri_color[2],    ;
;                                                  ; due to stuck port data_in ; polygon_rasterizer:u_rasterizer|tcolor_hold[2],                                     ;
;                                                  ;                           ; polygon_rasterizer:u_rasterizer|fb_color[2]                                         ;
; board_input_controller:u_input_ctrl|cmd_data[4]  ; Stuck at GND              ; cmd_decoder:u_cmd_decoder|rect_color[1], cmd_decoder:u_cmd_decoder|tri_color[1],    ;
;                                                  ; due to stuck port data_in ; polygon_rasterizer:u_rasterizer|tcolor_hold[1],                                     ;
;                                                  ;                           ; polygon_rasterizer:u_rasterizer|fb_color[1]                                         ;
; board_input_controller:u_input_ctrl|cmd_data[3]  ; Stuck at GND              ; cmd_decoder:u_cmd_decoder|rect_color[0], cmd_decoder:u_cmd_decoder|tri_color[0],    ;
;                                                  ; due to stuck port data_in ; polygon_rasterizer:u_rasterizer|tcolor_hold[0],                                     ;
;                                                  ;                           ; polygon_rasterizer:u_rasterizer|fb_color[0]                                         ;
+--------------------------------------------------+---------------------------+-------------------------------------------------------------------------------------+


+------------------------------------------------------+
; General Register Statistics                          ;
+----------------------------------------------+-------+
; Statistic                                    ; Value ;
+----------------------------------------------+-------+
; Total registers                              ; 462   ;
; Number of registers using Synchronous Clear  ; 90    ;
; Number of registers using Synchronous Load   ; 34    ;
; Number of registers using Asynchronous Clear ; 317   ;
; Number of registers using Asynchronous Load  ; 0     ;
; Number of registers using Clock Enable       ; 375   ;
; Number of registers using Preset             ; 0     ;
+----------------------------------------------+-------+


+--------------------------------------------------------------+
; Inverted Register Statistics                                 ;
+----------------------------------------------------+---------+
; Inverted Register                                  ; Fan out ;
+----------------------------------------------------+---------+
; vga_sync:u_vga_sync|hsync                          ; 1       ;
; vga_sync:u_vga_sync|vsync                          ; 1       ;
; board_input_controller:u_input_ctrl|bird_y_sub[10] ; 4       ;
; board_input_controller:u_input_ctrl|bird_y_sub[9]  ; 4       ;
; board_input_controller:u_input_ctrl|bird_y_sub[6]  ; 5       ;
; board_input_controller:u_input_ctrl|key1_sync[2]   ; 1       ;
; board_input_controller:u_input_ctrl|key1_sync[1]   ; 2       ;
; board_input_controller:u_input_ctrl|key1_sync[0]   ; 1       ;
; Total number of inverted registers = 8             ;         ;
+----------------------------------------------------+---------+


+---------------------------------------------------------------------------------------------+
; Registers Packed Into Inferred Megafunctions                                                ;
+---------------------------------------------+----------------------------------------+------+
; Register Name                               ; Megafunction                           ; Type ;
+---------------------------------------------+----------------------------------------+------+
; color_palette:u_palette|rgb_out[0..23]      ; color_palette:u_palette|clut_ram_rtl_0 ; RAM  ;
; polygon_buffer:u_poly_buffer|data_out[0..7] ; polygon_buffer:u_poly_buffer|ram_rtl_0 ; RAM  ;
; pattern_vram:u_patterns|data_out_a[0..7]    ; pattern_vram:u_patterns|ram_rtl_0      ; RAM  ;
; pattern_vram:u_patterns|data_out_b[0..7]    ; pattern_vram:u_patterns|ram_rtl_0      ; RAM  ;
+---------------------------------------------+----------------------------------------+------+


+----------------------------------------------------------------------------------------------------------------------------------------------------------------------------------+
; Multiplexer Restructuring Statistics (Restructuring Performed)                                                                                                                   ;
+--------------------+-----------+---------------+----------------------+------------------------+------------+--------------------------------------------------------------------+
; Multiplexer Inputs ; Bus Width ; Baseline Area ; Area if Restructured ; Saving if Restructured ; Registered ; Example Multiplexer Output                                         ;
+--------------------+-----------+---------------+----------------------+------------------------+------------+--------------------------------------------------------------------+
; 3:1                ; 8 bits    ; 16 LEs        ; 16 LEs               ; 0 LEs                  ; Yes        ; |gpu_de1_soc_top|polygon_rasterizer:u_rasterizer|ty_max[1]         ;
; 3:1                ; 4 bits    ; 8 LEs         ; 8 LEs                ; 0 LEs                  ; Yes        ; |gpu_de1_soc_top|board_input_controller:u_input_ctrl|bird_y_sub[5] ;
; 3:1                ; 5 bits    ; 10 LEs        ; 10 LEs               ; 0 LEs                  ; Yes        ; |gpu_de1_soc_top|board_input_controller:u_input_ctrl|bird_y_sub[4] ;
; 3:1                ; 17 bits   ; 34 LEs        ; 0 LEs                ; 34 LEs                 ; Yes        ; |gpu_de1_soc_top|polygon_rasterizer:u_rasterizer|fb_y[2]           ;
; 4:1                ; 6 bits    ; 12 LEs        ; 12 LEs               ; 0 LEs                  ; Yes        ; |gpu_de1_soc_top|board_input_controller:u_input_ctrl|cmd_data[11]  ;
; 4:1                ; 5 bits    ; 10 LEs        ; 5 LEs                ; 5 LEs                  ; Yes        ; |gpu_de1_soc_top|polygon_rasterizer:u_rasterizer|fb_color[3]       ;
; 5:1                ; 8 bits    ; 24 LEs        ; 8 LEs                ; 16 LEs                 ; Yes        ; |gpu_de1_soc_top|board_input_controller:u_input_ctrl|velocity_y[2] ;
; 5:1                ; 8 bits    ; 24 LEs        ; 0 LEs                ; 24 LEs                 ; Yes        ; |gpu_de1_soc_top|polygon_rasterizer:u_rasterizer|rcurr_x[4]        ;
; 5:1                ; 8 bits    ; 24 LEs        ; 0 LEs                ; 24 LEs                 ; Yes        ; |gpu_de1_soc_top|polygon_rasterizer:u_rasterizer|tcurr_x[1]        ;
; 6:1                ; 8 bits    ; 32 LEs        ; 16 LEs               ; 16 LEs                 ; Yes        ; |gpu_de1_soc_top|polygon_rasterizer:u_rasterizer|rcurr_y[3]        ;
; 7:1                ; 8 bits    ; 32 LEs        ; 16 LEs               ; 16 LEs                 ; Yes        ; |gpu_de1_soc_top|polygon_rasterizer:u_rasterizer|tcurr_y[5]        ;
; 3:1                ; 3 bits    ; 6 LEs         ; 6 LEs                ; 0 LEs                  ; Yes        ; |gpu_de1_soc_top|board_input_controller:u_input_ctrl|bird_y_sub[6] ;
; 3:1                ; 4 bits    ; 8 LEs         ; 8 LEs                ; 0 LEs                  ; No         ; |gpu_de1_soc_top|sprite_engine:u_sprite_engine|pattern_addr[1]     ;
; 3:1                ; 4 bits    ; 8 LEs         ; 8 LEs                ; 0 LEs                  ; No         ; |gpu_de1_soc_top|sprite_engine:u_sprite_engine|rel_y[3]            ;
; 5:1                ; 2 bits    ; 6 LEs         ; 4 LEs                ; 2 LEs                  ; No         ; |gpu_de1_soc_top|compositor:u_compositor|final_palette_bank[1]     ;
; 5:1                ; 6 bits    ; 18 LEs        ; 12 LEs               ; 6 LEs                  ; No         ; |gpu_de1_soc_top|compositor:u_compositor|final_pixel_idx[1]        ;
; 7:1                ; 3 bits    ; 12 LEs        ; 6 LEs                ; 6 LEs                  ; No         ; |gpu_de1_soc_top|polygon_rasterizer:u_rasterizer|Selector26        ;
+--------------------+-----------+---------------+----------------------+------------------------+------------+--------------------------------------------------------------------+


+---------------------------------------------------------------------------------------------------------+
; Source assignments for color_palette:u_palette|altsyncram:clut_ram_rtl_0|altsyncram_a7f1:auto_generated ;
+---------------------------------+--------------------+------+-------------------------------------------+
; Assignment                      ; Value              ; From ; To                                        ;
+---------------------------------+--------------------+------+-------------------------------------------+
; OPTIMIZE_POWER_DURING_SYNTHESIS ; NORMAL_COMPILATION ; -    ; -                                         ;
+---------------------------------+--------------------+------+-------------------------------------------+


+---------------------------------------------------------------------------------------------------------+
; Source assignments for polygon_buffer:u_poly_buffer|altsyncram:ram_rtl_0|altsyncram_nqk1:auto_generated ;
+---------------------------------+--------------------+------+-------------------------------------------+
; Assignment                      ; Value              ; From ; To                                        ;
+---------------------------------+--------------------+------+-------------------------------------------+
; OPTIMIZE_POWER_DURING_SYNTHESIS ; NORMAL_COMPILATION ; -    ; -                                         ;
+---------------------------------+--------------------+------+-------------------------------------------+


+----------------------------------------------------------------------------------------------------+
; Source assignments for pattern_vram:u_patterns|altsyncram:ram_rtl_0|altsyncram_pa12:auto_generated ;
+---------------------------------+--------------------+------+--------------------------------------+
; Assignment                      ; Value              ; From ; To                                   ;
+---------------------------------+--------------------+------+--------------------------------------+
; OPTIMIZE_POWER_DURING_SYNTHESIS ; NORMAL_COMPILATION ; -    ; -                                    ;
+---------------------------------+--------------------+------+--------------------------------------+


+----------------------------------------------------------------------------------------------------+
; Parameter Settings for Inferred Entity Instance: color_palette:u_palette|altsyncram:clut_ram_rtl_0 ;
+------------------------------------+--------------------------------------------+------------------+
; Parameter Name                     ; Value                                      ; Type             ;
+------------------------------------+--------------------------------------------+------------------+
; BYTE_SIZE_BLOCK                    ; 8                                          ; Untyped          ;
; AUTO_CARRY_CHAINS                  ; ON                                         ; AUTO_CARRY       ;
; IGNORE_CARRY_BUFFERS               ; OFF                                        ; IGNORE_CARRY     ;
; AUTO_CASCADE_CHAINS                ; ON                                         ; AUTO_CASCADE     ;
; IGNORE_CASCADE_BUFFERS             ; OFF                                        ; IGNORE_CASCADE   ;
; WIDTH_BYTEENA                      ; 1                                          ; Untyped          ;
; OPERATION_MODE                     ; ROM                                        ; Untyped          ;
; WIDTH_A                            ; 24                                         ; Untyped          ;
; WIDTHAD_A                          ; 8                                          ; Untyped          ;
; NUMWORDS_A                         ; 256                                        ; Untyped          ;
; OUTDATA_REG_A                      ; UNREGISTERED                               ; Untyped          ;
; ADDRESS_ACLR_A                     ; NONE                                       ; Untyped          ;
; OUTDATA_ACLR_A                     ; NONE                                       ; Untyped          ;
; WRCONTROL_ACLR_A                   ; NONE                                       ; Untyped          ;
; INDATA_ACLR_A                      ; NONE                                       ; Untyped          ;
; BYTEENA_ACLR_A                     ; NONE                                       ; Untyped          ;
; WIDTH_B                            ; 1                                          ; Untyped          ;
; WIDTHAD_B                          ; 1                                          ; Untyped          ;
; NUMWORDS_B                         ; 1                                          ; Untyped          ;
; INDATA_REG_B                       ; CLOCK1                                     ; Untyped          ;
; WRCONTROL_WRADDRESS_REG_B          ; CLOCK1                                     ; Untyped          ;
; RDCONTROL_REG_B                    ; CLOCK1                                     ; Untyped          ;
; ADDRESS_REG_B                      ; CLOCK1                                     ; Untyped          ;
; OUTDATA_REG_B                      ; UNREGISTERED                               ; Untyped          ;
; BYTEENA_REG_B                      ; CLOCK1                                     ; Untyped          ;
; INDATA_ACLR_B                      ; NONE                                       ; Untyped          ;
; WRCONTROL_ACLR_B                   ; NONE                                       ; Untyped          ;
; ADDRESS_ACLR_B                     ; NONE                                       ; Untyped          ;
; OUTDATA_ACLR_B                     ; NONE                                       ; Untyped          ;
; RDCONTROL_ACLR_B                   ; NONE                                       ; Untyped          ;
; BYTEENA_ACLR_B                     ; NONE                                       ; Untyped          ;
; WIDTH_BYTEENA_A                    ; 1                                          ; Untyped          ;
; WIDTH_BYTEENA_B                    ; 1                                          ; Untyped          ;
; RAM_BLOCK_TYPE                     ; M10K                                       ; Untyped          ;
; BYTE_SIZE                          ; 8                                          ; Untyped          ;
; READ_DURING_WRITE_MODE_MIXED_PORTS ; DONT_CARE                                  ; Untyped          ;
; READ_DURING_WRITE_MODE_PORT_A      ; NEW_DATA_NO_NBE_READ                       ; Untyped          ;
; READ_DURING_WRITE_MODE_PORT_B      ; NEW_DATA_NO_NBE_READ                       ; Untyped          ;
; INIT_FILE                          ; db/gpu.ram0_color_palette_5080005f.hdl.mif ; Untyped          ;
; INIT_FILE_LAYOUT                   ; PORT_A                                     ; Untyped          ;
; MAXIMUM_DEPTH                      ; 0                                          ; Untyped          ;
; CLOCK_ENABLE_INPUT_A               ; NORMAL                                     ; Untyped          ;
; CLOCK_ENABLE_INPUT_B               ; NORMAL                                     ; Untyped          ;
; CLOCK_ENABLE_OUTPUT_A              ; NORMAL                                     ; Untyped          ;
; CLOCK_ENABLE_OUTPUT_B              ; NORMAL                                     ; Untyped          ;
; CLOCK_ENABLE_CORE_A                ; USE_INPUT_CLKEN                            ; Untyped          ;
; CLOCK_ENABLE_CORE_B                ; USE_INPUT_CLKEN                            ; Untyped          ;
; ENABLE_ECC                         ; FALSE                                      ; Untyped          ;
; ECC_PIPELINE_STAGE_ENABLED         ; FALSE                                      ; Untyped          ;
; WIDTH_ECCSTATUS                    ; 3                                          ; Untyped          ;
; DEVICE_FAMILY                      ; Cyclone V                                  ; Untyped          ;
; CBXI_PARAMETER                     ; altsyncram_a7f1                            ; Untyped          ;
+------------------------------------+--------------------------------------------+------------------+
Note: In order to hide this table in the UI and the text report file, please set the "Show Parameter Settings in Synthesis Report" option in "Analysis and Synthesis Settings -> More Settings" to "Off".


+----------------------------------------------------------------------------------------------------+
; Parameter Settings for Inferred Entity Instance: polygon_buffer:u_poly_buffer|altsyncram:ram_rtl_0 ;
+------------------------------------+----------------------+----------------------------------------+
; Parameter Name                     ; Value                ; Type                                   ;
+------------------------------------+----------------------+----------------------------------------+
; BYTE_SIZE_BLOCK                    ; 8                    ; Untyped                                ;
; AUTO_CARRY_CHAINS                  ; ON                   ; AUTO_CARRY                             ;
; IGNORE_CARRY_BUFFERS               ; OFF                  ; IGNORE_CARRY                           ;
; AUTO_CASCADE_CHAINS                ; ON                   ; AUTO_CASCADE                           ;
; IGNORE_CASCADE_BUFFERS             ; OFF                  ; IGNORE_CASCADE                         ;
; WIDTH_BYTEENA                      ; 1                    ; Untyped                                ;
; OPERATION_MODE                     ; DUAL_PORT            ; Untyped                                ;
; WIDTH_A                            ; 8                    ; Untyped                                ;
; WIDTHAD_A                          ; 17                   ; Untyped                                ;
; NUMWORDS_A                         ; 76800                ; Untyped                                ;
; OUTDATA_REG_A                      ; UNREGISTERED         ; Untyped                                ;
; ADDRESS_ACLR_A                     ; NONE                 ; Untyped                                ;
; OUTDATA_ACLR_A                     ; NONE                 ; Untyped                                ;
; WRCONTROL_ACLR_A                   ; NONE                 ; Untyped                                ;
; INDATA_ACLR_A                      ; NONE                 ; Untyped                                ;
; BYTEENA_ACLR_A                     ; NONE                 ; Untyped                                ;
; WIDTH_B                            ; 8                    ; Untyped                                ;
; WIDTHAD_B                          ; 17                   ; Untyped                                ;
; NUMWORDS_B                         ; 76800                ; Untyped                                ;
; INDATA_REG_B                       ; CLOCK1               ; Untyped                                ;
; WRCONTROL_WRADDRESS_REG_B          ; CLOCK1               ; Untyped                                ;
; RDCONTROL_REG_B                    ; CLOCK1               ; Untyped                                ;
; ADDRESS_REG_B                      ; CLOCK0               ; Untyped                                ;
; OUTDATA_REG_B                      ; UNREGISTERED         ; Untyped                                ;
; BYTEENA_REG_B                      ; CLOCK1               ; Untyped                                ;
; INDATA_ACLR_B                      ; NONE                 ; Untyped                                ;
; WRCONTROL_ACLR_B                   ; NONE                 ; Untyped                                ;
; ADDRESS_ACLR_B                     ; NONE                 ; Untyped                                ;
; OUTDATA_ACLR_B                     ; NONE                 ; Untyped                                ;
; RDCONTROL_ACLR_B                   ; NONE                 ; Untyped                                ;
; BYTEENA_ACLR_B                     ; NONE                 ; Untyped                                ;
; WIDTH_BYTEENA_A                    ; 1                    ; Untyped                                ;
; WIDTH_BYTEENA_B                    ; 1                    ; Untyped                                ;
; RAM_BLOCK_TYPE                     ; M10K                 ; Untyped                                ;
; BYTE_SIZE                          ; 8                    ; Untyped                                ;
; READ_DURING_WRITE_MODE_MIXED_PORTS ; DONT_CARE            ; Untyped                                ;
; READ_DURING_WRITE_MODE_PORT_A      ; NEW_DATA_NO_NBE_READ ; Untyped                                ;
; READ_DURING_WRITE_MODE_PORT_B      ; NEW_DATA_NO_NBE_READ ; Untyped                                ;
; INIT_FILE                          ; UNUSED               ; Untyped                                ;
; INIT_FILE_LAYOUT                   ; PORT_A               ; Untyped                                ;
; MAXIMUM_DEPTH                      ; 0                    ; Untyped                                ;
; CLOCK_ENABLE_INPUT_A               ; NORMAL               ; Untyped                                ;
; CLOCK_ENABLE_INPUT_B               ; NORMAL               ; Untyped                                ;
; CLOCK_ENABLE_OUTPUT_A              ; NORMAL               ; Untyped                                ;
; CLOCK_ENABLE_OUTPUT_B              ; NORMAL               ; Untyped                                ;
; CLOCK_ENABLE_CORE_A                ; USE_INPUT_CLKEN      ; Untyped                                ;
; CLOCK_ENABLE_CORE_B                ; USE_INPUT_CLKEN      ; Untyped                                ;
; ENABLE_ECC                         ; FALSE                ; Untyped                                ;
; ECC_PIPELINE_STAGE_ENABLED         ; FALSE                ; Untyped                                ;
; WIDTH_ECCSTATUS                    ; 3                    ; Untyped                                ;
; DEVICE_FAMILY                      ; Cyclone V            ; Untyped                                ;
; CBXI_PARAMETER                     ; altsyncram_nqk1      ; Untyped                                ;
+------------------------------------+----------------------+----------------------------------------+
Note: In order to hide this table in the UI and the text report file, please set the "Show Parameter Settings in Synthesis Report" option in "Analysis and Synthesis Settings -> More Settings" to "Off".


+-------------------------------------------------------------------------------------------------+
; Parameter Settings for Inferred Entity Instance: pattern_vram:u_patterns|altsyncram:ram_rtl_0   ;
+------------------------------------+-------------------------------------------+----------------+
; Parameter Name                     ; Value                                     ; Type           ;
+------------------------------------+-------------------------------------------+----------------+
; BYTE_SIZE_BLOCK                    ; 8                                         ; Untyped        ;
; AUTO_CARRY_CHAINS                  ; ON                                        ; AUTO_CARRY     ;
; IGNORE_CARRY_BUFFERS               ; OFF                                       ; IGNORE_CARRY   ;
; AUTO_CASCADE_CHAINS                ; ON                                        ; AUTO_CASCADE   ;
; IGNORE_CASCADE_BUFFERS             ; OFF                                       ; IGNORE_CASCADE ;
; WIDTH_BYTEENA                      ; 1                                         ; Untyped        ;
; OPERATION_MODE                     ; BIDIR_DUAL_PORT                           ; Untyped        ;
; WIDTH_A                            ; 8                                         ; Untyped        ;
; WIDTHAD_A                          ; 14                                        ; Untyped        ;
; NUMWORDS_A                         ; 16384                                     ; Untyped        ;
; OUTDATA_REG_A                      ; UNREGISTERED                              ; Untyped        ;
; ADDRESS_ACLR_A                     ; NONE                                      ; Untyped        ;
; OUTDATA_ACLR_A                     ; NONE                                      ; Untyped        ;
; WRCONTROL_ACLR_A                   ; NONE                                      ; Untyped        ;
; INDATA_ACLR_A                      ; NONE                                      ; Untyped        ;
; BYTEENA_ACLR_A                     ; NONE                                      ; Untyped        ;
; WIDTH_B                            ; 8                                         ; Untyped        ;
; WIDTHAD_B                          ; 14                                        ; Untyped        ;
; NUMWORDS_B                         ; 16384                                     ; Untyped        ;
; INDATA_REG_B                       ; CLOCK0                                    ; Untyped        ;
; WRCONTROL_WRADDRESS_REG_B          ; CLOCK0                                    ; Untyped        ;
; RDCONTROL_REG_B                    ; CLOCK1                                    ; Untyped        ;
; ADDRESS_REG_B                      ; CLOCK0                                    ; Untyped        ;
; OUTDATA_REG_B                      ; UNREGISTERED                              ; Untyped        ;
; BYTEENA_REG_B                      ; CLOCK1                                    ; Untyped        ;
; INDATA_ACLR_B                      ; NONE                                      ; Untyped        ;
; WRCONTROL_ACLR_B                   ; NONE                                      ; Untyped        ;
; ADDRESS_ACLR_B                     ; NONE                                      ; Untyped        ;
; OUTDATA_ACLR_B                     ; NONE                                      ; Untyped        ;
; RDCONTROL_ACLR_B                   ; NONE                                      ; Untyped        ;
; BYTEENA_ACLR_B                     ; NONE                                      ; Untyped        ;
; WIDTH_BYTEENA_A                    ; 1                                         ; Untyped        ;
; WIDTH_BYTEENA_B                    ; 1                                         ; Untyped        ;
; RAM_BLOCK_TYPE                     ; M10K                                      ; Untyped        ;
; BYTE_SIZE                          ; 8                                         ; Untyped        ;
; READ_DURING_WRITE_MODE_MIXED_PORTS ; DONT_CARE                                 ; Untyped        ;
; READ_DURING_WRITE_MODE_PORT_A      ; NEW_DATA_NO_NBE_READ                      ; Untyped        ;
; READ_DURING_WRITE_MODE_PORT_B      ; NEW_DATA_NO_NBE_READ                      ; Untyped        ;
; INIT_FILE                          ; db/gpu.ram0_pattern_vram_cc9d1d0f.hdl.mif ; Untyped        ;
; INIT_FILE_LAYOUT                   ; PORT_A                                    ; Untyped        ;
; MAXIMUM_DEPTH                      ; 0                                         ; Untyped        ;
; CLOCK_ENABLE_INPUT_A               ; NORMAL                                    ; Untyped        ;
; CLOCK_ENABLE_INPUT_B               ; NORMAL                                    ; Untyped        ;
; CLOCK_ENABLE_OUTPUT_A              ; NORMAL                                    ; Untyped        ;
; CLOCK_ENABLE_OUTPUT_B              ; NORMAL                                    ; Untyped        ;
; CLOCK_ENABLE_CORE_A                ; USE_INPUT_CLKEN                           ; Untyped        ;
; CLOCK_ENABLE_CORE_B                ; USE_INPUT_CLKEN                           ; Untyped        ;
; ENABLE_ECC                         ; FALSE                                     ; Untyped        ;
; ECC_PIPELINE_STAGE_ENABLED         ; FALSE                                     ; Untyped        ;
; WIDTH_ECCSTATUS                    ; 3                                         ; Untyped        ;
; DEVICE_FAMILY                      ; Cyclone V                                 ; Untyped        ;
; CBXI_PARAMETER                     ; altsyncram_pa12                           ; Untyped        ;
+------------------------------------+-------------------------------------------+----------------+
Note: In order to hide this table in the UI and the text report file, please set the "Show Parameter Settings in Synthesis Report" option in "Analysis and Synthesis Settings -> More Settings" to "Off".


+-----------------------------------------------------------------------------------------------+
; altsyncram Parameter Settings by Entity Instance                                              ;
+-------------------------------------------+---------------------------------------------------+
; Name                                      ; Value                                             ;
+-------------------------------------------+---------------------------------------------------+
; Number of entity instances                ; 3                                                 ;
; Entity Instance                           ; color_palette:u_palette|altsyncram:clut_ram_rtl_0 ;
;     -- OPERATION_MODE                     ; ROM                                               ;
;     -- WIDTH_A                            ; 24                                                ;
;     -- NUMWORDS_A                         ; 256                                               ;
;     -- OUTDATA_REG_A                      ; UNREGISTERED                                      ;
;     -- WIDTH_B                            ; 1                                                 ;
;     -- NUMWORDS_B                         ; 1                                                 ;
;     -- ADDRESS_REG_B                      ; CLOCK1                                            ;
;     -- OUTDATA_REG_B                      ; UNREGISTERED                                      ;
;     -- RAM_BLOCK_TYPE                     ; M10K                                              ;
;     -- READ_DURING_WRITE_MODE_MIXED_PORTS ; DONT_CARE                                         ;
; Entity Instance                           ; polygon_buffer:u_poly_buffer|altsyncram:ram_rtl_0 ;
;     -- OPERATION_MODE                     ; DUAL_PORT                                         ;
;     -- WIDTH_A                            ; 8                                                 ;
;     -- NUMWORDS_A                         ; 76800                                             ;
;     -- OUTDATA_REG_A                      ; UNREGISTERED                                      ;
;     -- WIDTH_B                            ; 8                                                 ;
;     -- NUMWORDS_B                         ; 76800                                             ;
;     -- ADDRESS_REG_B                      ; CLOCK0                                            ;
;     -- OUTDATA_REG_B                      ; UNREGISTERED                                      ;
;     -- RAM_BLOCK_TYPE                     ; M10K                                              ;
;     -- READ_DURING_WRITE_MODE_MIXED_PORTS ; DONT_CARE                                         ;
; Entity Instance                           ; pattern_vram:u_patterns|altsyncram:ram_rtl_0      ;
;     -- OPERATION_MODE                     ; BIDIR_DUAL_PORT                                   ;
;     -- WIDTH_A                            ; 8                                                 ;
;     -- NUMWORDS_A                         ; 16384                                             ;
;     -- OUTDATA_REG_A                      ; UNREGISTERED                                      ;
;     -- WIDTH_B                            ; 8                                                 ;
;     -- NUMWORDS_B                         ; 16384                                             ;
;     -- ADDRESS_REG_B                      ; CLOCK0                                            ;
;     -- OUTDATA_REG_B                      ; UNREGISTERED                                      ;
;     -- RAM_BLOCK_TYPE                     ; M10K                                              ;
;     -- READ_DURING_WRITE_MODE_MIXED_PORTS ; DONT_CARE                                         ;
+-------------------------------------------+---------------------------------------------------+


+-----------------------------------------------------+
; Port Connectivity Checks: "color_palette:u_palette" ;
+---------+-------+----------+------------------------+
; Port    ; Type  ; Severity ; Details                ;
+---------+-------+----------+------------------------+
; we      ; Input ; Info     ; Stuck at GND           ;
; wr_addr ; Input ; Info     ; Stuck at GND           ;
; wr_data ; Input ; Info     ; Stuck at GND           ;
+---------+-------+----------+------------------------+


+---------------------------------------------------------------------------------------------------------------------------------+
; Port Connectivity Checks: "compositor:u_compositor"                                                                             ;
+-----------------------+--------+----------+-------------------------------------------------------------------------------------+
; Port                  ; Type   ; Severity ; Details                                                                             ;
+-----------------------+--------+----------+-------------------------------------------------------------------------------------+
; final_pixel_idx[7..6] ; Output ; Info     ; Connected to dangling logic. Logic that only feeds a dangling port will be removed. ;
+-----------------------+--------+----------+-------------------------------------------------------------------------------------+


+-----------------------------------------------------+
; Port Connectivity Checks: "pattern_vram:u_patterns" ;
+-----------+-------+----------+----------------------+
; Port      ; Type  ; Severity ; Details              ;
+-----------+-------+----------+----------------------+
; we_a      ; Input ; Info     ; Stuck at GND         ;
; data_in_a ; Input ; Info     ; Stuck at GND         ;
+-----------+-------+----------+----------------------+


+-----------------------------------------------------+
; Post-Synthesis Netlist Statistics for Top Partition ;
+-----------------------+-----------------------------+
; Type                  ; Count                       ;
+-----------------------+-----------------------------+
; arriav_ff             ; 462                         ;
;     CLR               ; 27                          ;
;     CLR SCLR          ; 30                          ;
;     CLR SLD           ; 1                           ;
;     ENA               ; 108                         ;
;     ENA CLR           ; 191                         ;
;     ENA CLR SCLR      ; 43                          ;
;     ENA CLR SLD       ; 25                          ;
;     ENA SLD           ; 8                           ;
;     SCLR              ; 17                          ;
;     plain             ; 12                          ;
; arriav_lcell_comb     ; 843                         ;
;     arith             ; 158                         ;
;         0 data inputs ; 9                           ;
;         1 data inputs ; 94                          ;
;         2 data inputs ; 12                          ;
;         4 data inputs ; 12                          ;
;         5 data inputs ; 31                          ;
;     extend            ; 23                          ;
;         7 data inputs ; 23                          ;
;     normal            ; 558                         ;
;         0 data inputs ; 1                           ;
;         1 data inputs ; 28                          ;
;         2 data inputs ; 53                          ;
;         3 data inputs ; 92                          ;
;         4 data inputs ; 83                          ;
;         5 data inputs ; 100                         ;
;         6 data inputs ; 201                         ;
;     shared            ; 104                         ;
;         0 data inputs ; 19                          ;
;         1 data inputs ; 26                          ;
;         2 data inputs ; 58                          ;
;         3 data inputs ; 1                           ;
; arriav_mac            ; 6                           ;
; boundary_port         ; 54                          ;
; stratixv_ram_block    ; 120                         ;
;                       ;                             ;
; Max LUT depth         ; 9.90                        ;
; Average LUT depth     ; 3.29                        ;
+-----------------------+-----------------------------+


+-------------------------------+
; Elapsed Time Per Partition    ;
+----------------+--------------+
; Partition Name ; Elapsed Time ;
+----------------+--------------+
; Top            ; 00:00:10     ;
+----------------+--------------+


+-------------------------------+
; Analysis & Synthesis Messages ;
+-------------------------------+
Info: *******************************************************************
Info: Running Quartus Prime Analysis & Synthesis
    Info: Version 24.1std.0 Build 1077 03/04/2025 SC Lite Edition
    Info: Processing started: Tue Sep  1 07:27:26 2026
Info: Command: quartus_map --read_settings_files=on --write_settings_files=off gpu -c gpu
Warning (18236): Number of processors has not been specified which may cause overloading on shared machines.  Set the global assignment NUM_PARALLEL_PROCESSORS in your QSF to an appropriate value for best performance.
Info (20030): Parallel compilation is enabled and will use 16 of the 16 processors detected
Info (12021): Found 1 design units, including 1 entities, in source file gpu_de1_soc_top.v
    Info (12023): Found entity 1: gpu_de1_soc_top File: C:/Users/rs080/AppData/Local/PBL1_rml/gpu_de1_soc_top.v Line: 1
Info (12021): Found 1 design units, including 1 entities, in source file board_input_controller.v
    Info (12023): Found entity 1: board_input_controller File: C:/Users/rs080/AppData/Local/PBL1_rml/board_input_controller.v Line: 1
Info (12021): Found 1 design units, including 1 entities, in source file cmd_decoder.v
    Info (12023): Found entity 1: cmd_decoder File: C:/Users/rs080/AppData/Local/PBL1_rml/cmd_decoder.v Line: 1
Info (12021): Found 1 design units, including 1 entities, in source file color_palette.v
    Info (12023): Found entity 1: color_palette File: C:/Users/rs080/AppData/Local/PBL1_rml/color_palette.v Line: 1
Info (12021): Found 1 design units, including 1 entities, in source file compositor.v
    Info (12023): Found entity 1: compositor File: C:/Users/rs080/AppData/Local/PBL1_rml/compositor.v Line: 1
Info (12021): Found 1 design units, including 1 entities, in source file polygon_buffer.v
    Info (12023): Found entity 1: polygon_buffer File: C:/Users/rs080/AppData/Local/PBL1_rml/polygon_buffer.v Line: 2
Info (12021): Found 1 design units, including 1 entities, in source file polygon_rasterizer.v
    Info (12023): Found entity 1: polygon_rasterizer File: C:/Users/rs080/AppData/Local/PBL1_rml/polygon_rasterizer.v Line: 1
Info (12021): Found 1 design units, including 1 entities, in source file bg_engine.v
    Info (12023): Found entity 1: bg_engine File: C:/Users/rs080/AppData/Local/PBL1_rml/bg_engine.v Line: 1
Info (12021): Found 1 design units, including 1 entities, in source file tilemap_ram.v
    Info (12023): Found entity 1: tilemap_ram File: C:/Users/rs080/AppData/Local/PBL1_rml/tilemap_ram.v Line: 1
Info (12021): Found 1 design units, including 1 entities, in source file pattern_vram.v
    Info (12023): Found entity 1: pattern_vram File: C:/Users/rs080/AppData/Local/PBL1_rml/pattern_vram.v Line: 1
Info (12021): Found 1 design units, including 1 entities, in source file vga_sync.v
    Info (12023): Found entity 1: vga_sync File: C:/Users/rs080/AppData/Local/PBL1_rml/vga_sync.v Line: 1
Info (12021): Found 1 design units, including 1 entities, in source file sprite_engine.v
    Info (12023): Found entity 1: sprite_engine File: C:/Users/rs080/AppData/Local/PBL1_rml/sprite_engine.v Line: 4
Info (12021): Found 1 design units, including 1 entities, in source file output_files/gpu.v
    Info (12023): Found entity 1: gpu_integration_tb File: C:/Users/rs080/AppData/Local/PBL1_rml/output_files/gpu.v Line: 3
Info (12127): Elaborating entity "gpu_de1_soc_top" for the top level hierarchy
Warning (10034): Output port "LEDR[8..3]" at gpu_de1_soc_top.v(5) has no driver File: C:/Users/rs080/AppData/Local/PBL1_rml/gpu_de1_soc_top.v Line: 5
Info (12128): Elaborating entity "vga_sync" for hierarchy "vga_sync:u_vga_sync" File: C:/Users/rs080/AppData/Local/PBL1_rml/gpu_de1_soc_top.v Line: 32
Info (12128): Elaborating entity "board_input_controller" for hierarchy "board_input_controller:u_input_ctrl" File: C:/Users/rs080/AppData/Local/PBL1_rml/gpu_de1_soc_top.v Line: 42
Info (12128): Elaborating entity "cmd_decoder" for hierarchy "cmd_decoder:u_cmd_decoder" File: C:/Users/rs080/AppData/Local/PBL1_rml/gpu_de1_soc_top.v Line: 80
Info (12128): Elaborating entity "bg_engine" for hierarchy "bg_engine:u_bg_engine" File: C:/Users/rs080/AppData/Local/PBL1_rml/gpu_de1_soc_top.v Line: 90
Warning (10230): Verilog HDL assignment warning at bg_engine.v(24): truncated value with size 10 to match size of target (9) File: C:/Users/rs080/AppData/Local/PBL1_rml/bg_engine.v Line: 24
Warning (10230): Verilog HDL assignment warning at bg_engine.v(25): truncated value with size 9 to match size of target (8) File: C:/Users/rs080/AppData/Local/PBL1_rml/bg_engine.v Line: 25
Info (12128): Elaborating entity "tilemap_ram" for hierarchy "bg_engine:u_bg_engine|tilemap_ram:u_map_buffer" File: C:/Users/rs080/AppData/Local/PBL1_rml/bg_engine.v Line: 55
Info (12128): Elaborating entity "sprite_engine" for hierarchy "sprite_engine:u_sprite_engine" File: C:/Users/rs080/AppData/Local/PBL1_rml/gpu_de1_soc_top.v Line: 108
Warning (10240): Verilog HDL Always Construct warning at sprite_engine.v(49): inferring latch(es) for variable "i", which holds its previous value in one or more paths through the always construct File: C:/Users/rs080/AppData/Local/PBL1_rml/sprite_engine.v Line: 49
Warning (10230): Verilog HDL assignment warning at sprite_engine.v(98): truncated value with size 32 to match size of target (4) File: C:/Users/rs080/AppData/Local/PBL1_rml/sprite_engine.v Line: 98
Warning (10230): Verilog HDL assignment warning at sprite_engine.v(99): truncated value with size 32 to match size of target (4) File: C:/Users/rs080/AppData/Local/PBL1_rml/sprite_engine.v Line: 99
Info (12128): Elaborating entity "pattern_vram" for hierarchy "pattern_vram:u_patterns" File: C:/Users/rs080/AppData/Local/PBL1_rml/gpu_de1_soc_top.v Line: 113
Info (12128): Elaborating entity "polygon_rasterizer" for hierarchy "polygon_rasterizer:u_rasterizer" File: C:/Users/rs080/AppData/Local/PBL1_rml/gpu_de1_soc_top.v Line: 134
Warning (10036): Verilog HDL or VHDL warning at polygon_rasterizer.v(37): object "ry_min" assigned a value but never read File: C:/Users/rs080/AppData/Local/PBL1_rml/polygon_rasterizer.v Line: 37
Warning (10036): Verilog HDL or VHDL warning at polygon_rasterizer.v(43): object "ty_min" assigned a value but never read File: C:/Users/rs080/AppData/Local/PBL1_rml/polygon_rasterizer.v Line: 43
Info (12128): Elaborating entity "polygon_buffer" for hierarchy "polygon_buffer:u_poly_buffer" File: C:/Users/rs080/AppData/Local/PBL1_rml/gpu_de1_soc_top.v Line: 142
Info (12128): Elaborating entity "compositor" for hierarchy "compositor:u_compositor" File: C:/Users/rs080/AppData/Local/PBL1_rml/gpu_de1_soc_top.v Line: 152
Info (12128): Elaborating entity "color_palette" for hierarchy "color_palette:u_palette" File: C:/Users/rs080/AppData/Local/PBL1_rml/gpu_de1_soc_top.v Line: 159
Info (276014): Found 1 instances of uninferred RAM logic
    Info (276007): RAM logic "bg_engine:u_bg_engine|tilemap_ram:u_map_buffer|map_ram" is uninferred due to asynchronous read logic File: C:/Users/rs080/AppData/Local/PBL1_rml/tilemap_ram.v Line: 14
Critical Warning (127005): Memory depth (2048) in the design file differs from memory depth (1200) in the Memory Initialization File "C:/Users/rs080/AppData/Local/PBL1_rml/db/gpu.ram0_tilemap_ram_aefd7c43.hdl.mif" -- setting initial value for remaining addresses to 0
Info (19000): Inferred 3 megafunctions from design logic
    Info (276029): Inferred altsyncram megafunction from the following design logic: "color_palette:u_palette|clut_ram_rtl_0" 
        Info (286033): Parameter OPERATION_MODE set to ROM
        Info (286033): Parameter WIDTH_A set to 24
        Info (286033): Parameter WIDTHAD_A set to 8
        Info (286033): Parameter NUMWORDS_A set to 256
        Info (286033): Parameter OUTDATA_REG_A set to UNREGISTERED
        Info (286033): Parameter ADDRESS_ACLR_A set to NONE
        Info (286033): Parameter OUTDATA_ACLR_A set to NONE
        Info (286033): Parameter INDATA_ACLR_A set to NONE
        Info (286033): Parameter WRCONTROL_ACLR_A set to NONE
        Info (286033): Parameter RAM_BLOCK_TYPE set to M10K
        Info (286033): Parameter INIT_FILE set to db/gpu.ram0_color_palette_5080005f.hdl.mif
    Info (276029): Inferred altsyncram megafunction from the following design logic: "polygon_buffer:u_poly_buffer|ram_rtl_0" 
        Info (286033): Parameter OPERATION_MODE set to DUAL_PORT
        Info (286033): Parameter WIDTH_A set to 8
        Info (286033): Parameter WIDTHAD_A set to 17
        Info (286033): Parameter NUMWORDS_A set to 76800
        Info (286033): Parameter WIDTH_B set to 8
        Info (286033): Parameter WIDTHAD_B set to 17
        Info (286033): Parameter NUMWORDS_B set to 76800
        Info (286033): Parameter ADDRESS_ACLR_A set to NONE
        Info (286033): Parameter OUTDATA_REG_B set to UNREGISTERED
        Info (286033): Parameter ADDRESS_ACLR_B set to NONE
        Info (286033): Parameter OUTDATA_ACLR_B set to NONE
        Info (286033): Parameter ADDRESS_REG_B set to CLOCK0
        Info (286033): Parameter INDATA_ACLR_A set to NONE
        Info (286033): Parameter WRCONTROL_ACLR_A set to NONE
        Info (286033): Parameter RAM_BLOCK_TYPE set to M10K
    Info (276029): Inferred altsyncram megafunction from the following design logic: "pattern_vram:u_patterns|ram_rtl_0" 
        Info (286033): Parameter OPERATION_MODE set to BIDIR_DUAL_PORT
        Info (286033): Parameter WIDTH_A set to 8
        Info (286033): Parameter WIDTH_B set to 8
        Info (286033): Parameter WIDTHAD_A set to 14
        Info (286033): Parameter WIDTHAD_B set to 14
        Info (286033): Parameter NUMWORDS_A set to 16384
        Info (286033): Parameter NUMWORDS_B set to 16384
        Info (286033): Parameter OUTDATA_REG_A set to UNREGISTERED
        Info (286033): Parameter OUTDATA_REG_B set to UNREGISTERED
        Info (286033): Parameter ADDRESS_REG_B set to CLOCK0
        Info (286033): Parameter INDATA_REG_B set to CLOCK0
        Info (286033): Parameter WRCONTROL_WRADDRESS_REG_B set to CLOCK0
        Info (286033): Parameter INDATA_ACLR_A set to NONE
        Info (286033): Parameter WRCONTROL_ACLR_A set to NONE
        Info (286033): Parameter ADDRESS_ACLR_A set to NONE
        Info (286033): Parameter ADDRESS_ACLR_B set to NONE
        Info (286033): Parameter OUTDATA_ACLR_B set to NONE
        Info (286033): Parameter RAM_BLOCK_TYPE set to M10K
        Info (286033): Parameter INIT_FILE set to db/gpu.ram0_pattern_vram_cc9d1d0f.hdl.mif
Info (12130): Elaborated megafunction instantiation "color_palette:u_palette|altsyncram:clut_ram_rtl_0"
Info (12133): Instantiated megafunction "color_palette:u_palette|altsyncram:clut_ram_rtl_0" with the following parameter:
    Info (12134): Parameter "OPERATION_MODE" = "ROM"
    Info (12134): Parameter "WIDTH_A" = "24"
    Info (12134): Parameter "WIDTHAD_A" = "8"
    Info (12134): Parameter "NUMWORDS_A" = "256"
    Info (12134): Parameter "OUTDATA_REG_A" = "UNREGISTERED"
    Info (12134): Parameter "ADDRESS_ACLR_A" = "NONE"
    Info (12134): Parameter "OUTDATA_ACLR_A" = "NONE"
    Info (12134): Parameter "INDATA_ACLR_A" = "NONE"
    Info (12134): Parameter "WRCONTROL_ACLR_A" = "NONE"
    Info (12134): Parameter "RAM_BLOCK_TYPE" = "M10K"
    Info (12134): Parameter "INIT_FILE" = "db/gpu.ram0_color_palette_5080005f.hdl.mif"
Info (12021): Found 1 design units, including 1 entities, in source file db/altsyncram_a7f1.tdf
    Info (12023): Found entity 1: altsyncram_a7f1 File: C:/Users/rs080/AppData/Local/PBL1_rml/db/altsyncram_a7f1.tdf Line: 28
Info (12130): Elaborated megafunction instantiation "polygon_buffer:u_poly_buffer|altsyncram:ram_rtl_0"
Info (12133): Instantiated megafunction "polygon_buffer:u_poly_buffer|altsyncram:ram_rtl_0" with the following parameter:
    Info (12134): Parameter "OPERATION_MODE" = "DUAL_PORT"
    Info (12134): Parameter "WIDTH_A" = "8"
    Info (12134): Parameter "WIDTHAD_A" = "17"
    Info (12134): Parameter "NUMWORDS_A" = "76800"
    Info (12134): Parameter "WIDTH_B" = "8"
    Info (12134): Parameter "WIDTHAD_B" = "17"
    Info (12134): Parameter "NUMWORDS_B" = "76800"
    Info (12134): Parameter "ADDRESS_ACLR_A" = "NONE"
    Info (12134): Parameter "OUTDATA_REG_B" = "UNREGISTERED"
    Info (12134): Parameter "ADDRESS_ACLR_B" = "NONE"
    Info (12134): Parameter "OUTDATA_ACLR_B" = "NONE"
    Info (12134): Parameter "ADDRESS_REG_B" = "CLOCK0"
    Info (12134): Parameter "INDATA_ACLR_A" = "NONE"
    Info (12134): Parameter "WRCONTROL_ACLR_A" = "NONE"
    Info (12134): Parameter "RAM_BLOCK_TYPE" = "M10K"
Info (12021): Found 1 design units, including 1 entities, in source file db/altsyncram_nqk1.tdf
    Info (12023): Found entity 1: altsyncram_nqk1 File: C:/Users/rs080/AppData/Local/PBL1_rml/db/altsyncram_nqk1.tdf Line: 34
Info (12021): Found 1 design units, including 1 entities, in source file db/decode_nma.tdf
    Info (12023): Found entity 1: decode_nma File: C:/Users/rs080/AppData/Local/PBL1_rml/db/decode_nma.tdf Line: 23
Info (12021): Found 1 design units, including 1 entities, in source file db/decode_g2a.tdf
    Info (12023): Found entity 1: decode_g2a File: C:/Users/rs080/AppData/Local/PBL1_rml/db/decode_g2a.tdf Line: 23
Info (12021): Found 1 design units, including 1 entities, in source file db/mux_7hb.tdf
    Info (12023): Found entity 1: mux_7hb File: C:/Users/rs080/AppData/Local/PBL1_rml/db/mux_7hb.tdf Line: 23
Info (12130): Elaborated megafunction instantiation "pattern_vram:u_patterns|altsyncram:ram_rtl_0"
Info (12133): Instantiated megafunction "pattern_vram:u_patterns|altsyncram:ram_rtl_0" with the following parameter:
    Info (12134): Parameter "OPERATION_MODE" = "BIDIR_DUAL_PORT"
    Info (12134): Parameter "WIDTH_A" = "8"
    Info (12134): Parameter "WIDTH_B" = "8"
    Info (12134): Parameter "WIDTHAD_A" = "14"
    Info (12134): Parameter "WIDTHAD_B" = "14"
    Info (12134): Parameter "NUMWORDS_A" = "16384"
    Info (12134): Parameter "NUMWORDS_B" = "16384"
    Info (12134): Parameter "OUTDATA_REG_A" = "UNREGISTERED"
    Info (12134): Parameter "OUTDATA_REG_B" = "UNREGISTERED"
    Info (12134): Parameter "ADDRESS_REG_B" = "CLOCK0"
    Info (12134): Parameter "INDATA_REG_B" = "CLOCK0"
    Info (12134): Parameter "WRCONTROL_WRADDRESS_REG_B" = "CLOCK0"
    Info (12134): Parameter "INDATA_ACLR_A" = "NONE"
    Info (12134): Parameter "WRCONTROL_ACLR_A" = "NONE"
    Info (12134): Parameter "ADDRESS_ACLR_A" = "NONE"
    Info (12134): Parameter "ADDRESS_ACLR_B" = "NONE"
    Info (12134): Parameter "OUTDATA_ACLR_B" = "NONE"
    Info (12134): Parameter "RAM_BLOCK_TYPE" = "M10K"
    Info (12134): Parameter "INIT_FILE" = "db/gpu.ram0_pattern_vram_cc9d1d0f.hdl.mif"
Info (12021): Found 1 design units, including 1 entities, in source file db/altsyncram_pa12.tdf
    Info (12023): Found entity 1: altsyncram_pa12 File: C:/Users/rs080/AppData/Local/PBL1_rml/db/altsyncram_pa12.tdf Line: 34
Info (12021): Found 1 design units, including 1 entities, in source file db/decode_5la.tdf
    Info (12023): Found entity 1: decode_5la File: C:/Users/rs080/AppData/Local/PBL1_rml/db/decode_5la.tdf Line: 23
Info (12021): Found 1 design units, including 1 entities, in source file db/decode_u0a.tdf
    Info (12023): Found entity 1: decode_u0a File: C:/Users/rs080/AppData/Local/PBL1_rml/db/decode_u0a.tdf Line: 23
Info (12021): Found 1 design units, including 1 entities, in source file db/mux_lfb.tdf
    Info (12023): Found entity 1: mux_lfb File: C:/Users/rs080/AppData/Local/PBL1_rml/db/mux_lfb.tdf Line: 23
Warning (13024): Output pins are stuck at VCC or GND
    Warning (13410): Pin "LEDR[3]" is stuck at GND File: C:/Users/rs080/AppData/Local/PBL1_rml/gpu_de1_soc_top.v Line: 5
    Warning (13410): Pin "LEDR[4]" is stuck at GND File: C:/Users/rs080/AppData/Local/PBL1_rml/gpu_de1_soc_top.v Line: 5
    Warning (13410): Pin "LEDR[5]" is stuck at GND File: C:/Users/rs080/AppData/Local/PBL1_rml/gpu_de1_soc_top.v Line: 5
    Warning (13410): Pin "LEDR[6]" is stuck at GND File: C:/Users/rs080/AppData/Local/PBL1_rml/gpu_de1_soc_top.v Line: 5
    Warning (13410): Pin "LEDR[7]" is stuck at GND File: C:/Users/rs080/AppData/Local/PBL1_rml/gpu_de1_soc_top.v Line: 5
    Warning (13410): Pin "LEDR[8]" is stuck at GND File: C:/Users/rs080/AppData/Local/PBL1_rml/gpu_de1_soc_top.v Line: 5
    Warning (13410): Pin "VGA_SYNC_N" is stuck at GND File: C:/Users/rs080/AppData/Local/PBL1_rml/gpu_de1_soc_top.v Line: 12
Info (286030): Timing-Driven Synthesis is running
Info (17049): 3 registers lost all their fanouts during netlist optimizations.
Info (16010): Generating hard_block partition "hard_block:auto_generated_inst"
    Info (16011): Adding 0 node(s), including 0 DDIO, 0 PLL, 0 transceiver and 0 LCELL
Warning (21074): Design contains 11 input pin(s) that do not drive logic
    Warning (15610): No output dependent on input pin "KEY[2]" File: C:/Users/rs080/AppData/Local/PBL1_rml/gpu_de1_soc_top.v Line: 3
    Warning (15610): No output dependent on input pin "KEY[3]" File: C:/Users/rs080/AppData/Local/PBL1_rml/gpu_de1_soc_top.v Line: 3
    Warning (15610): No output dependent on input pin "SW[1]" File: C:/Users/rs080/AppData/Local/PBL1_rml/gpu_de1_soc_top.v Line: 4
    Warning (15610): No output dependent on input pin "SW[2]" File: C:/Users/rs080/AppData/Local/PBL1_rml/gpu_de1_soc_top.v Line: 4
    Warning (15610): No output dependent on input pin "SW[3]" File: C:/Users/rs080/AppData/Local/PBL1_rml/gpu_de1_soc_top.v Line: 4
    Warning (15610): No output dependent on input pin "SW[4]" File: C:/Users/rs080/AppData/Local/PBL1_rml/gpu_de1_soc_top.v Line: 4
    Warning (15610): No output dependent on input pin "SW[5]" File: C:/Users/rs080/AppData/Local/PBL1_rml/gpu_de1_soc_top.v Line: 4
    Warning (15610): No output dependent on input pin "SW[6]" File: C:/Users/rs080/AppData/Local/PBL1_rml/gpu_de1_soc_top.v Line: 4
    Warning (15610): No output dependent on input pin "SW[7]" File: C:/Users/rs080/AppData/Local/PBL1_rml/gpu_de1_soc_top.v Line: 4
    Warning (15610): No output dependent on input pin "SW[8]" File: C:/Users/rs080/AppData/Local/PBL1_rml/gpu_de1_soc_top.v Line: 4
    Warning (15610): No output dependent on input pin "SW[9]" File: C:/Users/rs080/AppData/Local/PBL1_rml/gpu_de1_soc_top.v Line: 4
Info (21057): Implemented 1307 device resources after synthesis - the final resource count might be different
    Info (21058): Implemented 15 input pins
    Info (21059): Implemented 39 output pins
    Info (21061): Implemented 1127 logic cells
    Info (21064): Implemented 120 RAM segments
    Info (21062): Implemented 6 DSP elements
Info: Quartus Prime Analysis & Synthesis was successful. 0 errors, 30 warnings
    Info: Peak virtual memory: 4921 megabytes
    Info: Processing ended: Tue Sep  1 07:27:56 2026
    Info: Elapsed time: 00:00:30
    Info: Total CPU time (on all processors): 00:00:54


