Timing Analyzer report for gpu
Tue Sep  1 07:34:47 2026
Quartus Prime Version 24.1std.0 Build 1077 03/04/2025 SC Lite Edition


---------------------
; Table of Contents ;
---------------------
  1. Legal Notice
  2. Timing Analyzer Summary
  3. Parallel Compilation
  4. SDC File List
  5. Clocks
  6. Slow 1100mV 85C Model Fmax Summary
  7. Timing Closure Recommendations
  8. Slow 1100mV 85C Model Setup Summary
  9. Slow 1100mV 85C Model Hold Summary
 10. Slow 1100mV 85C Model Recovery Summary
 11. Slow 1100mV 85C Model Removal Summary
 12. Slow 1100mV 85C Model Minimum Pulse Width Summary
 13. Slow 1100mV 85C Model Metastability Summary
 14. Slow 1100mV 0C Model Fmax Summary
 15. Slow 1100mV 0C Model Setup Summary
 16. Slow 1100mV 0C Model Hold Summary
 17. Slow 1100mV 0C Model Recovery Summary
 18. Slow 1100mV 0C Model Removal Summary
 19. Slow 1100mV 0C Model Minimum Pulse Width Summary
 20. Slow 1100mV 0C Model Metastability Summary
 21. Fast 1100mV 85C Model Setup Summary
 22. Fast 1100mV 85C Model Hold Summary
 23. Fast 1100mV 85C Model Recovery Summary
 24. Fast 1100mV 85C Model Removal Summary
 25. Fast 1100mV 85C Model Minimum Pulse Width Summary
 26. Fast 1100mV 85C Model Metastability Summary
 27. Fast 1100mV 0C Model Setup Summary
 28. Fast 1100mV 0C Model Hold Summary
 29. Fast 1100mV 0C Model Recovery Summary
 30. Fast 1100mV 0C Model Removal Summary
 31. Fast 1100mV 0C Model Minimum Pulse Width Summary
 32. Fast 1100mV 0C Model Metastability Summary
 33. Multicorner Timing Analysis Summary
 34. Board Trace Model Assignments
 35. Input Transition Times
 36. Signal Integrity Metrics (Slow 1100mv 0c Model)
 37. Signal Integrity Metrics (Slow 1100mv 85c Model)
 38. Signal Integrity Metrics (Fast 1100mv 0c Model)
 39. Signal Integrity Metrics (Fast 1100mv 85c Model)
 40. Setup Transfers
 41. Hold Transfers
 42. Report TCCS
 43. Report RSKM
 44. Unconstrained Paths Summary
 45. Clock Status Summary
 46. Unconstrained Output Ports
 47. Unconstrained Output Ports
 48. Timing Analyzer Messages



----------------
; Legal Notice ;
----------------
Copyright (C) 2025  Altera Corporation. All rights reserved.
Your use of Altera Corporation's design tools, logic functions 
and other software and tools, and any partner logic 
functions, and any output files from any of the foregoing 
(including device programming or simulation files), and any 
associated documentation or information are expressly subject 
to the terms and conditions of the Altera Program License 
Subscription Agreement, the Altera Quartus Prime License Agreement,
the Altera IP License Agreement, or other applicable license
agreement, including, without limitation, that your use is for
the sole purpose of programming logic devices manufactured by
Altera and sold by Altera or its authorized distributors.  Please
refer to the Altera Software License Subscription Agreements 
on the Quartus Prime software download page.



+---------------------------------------------------------------------------------+
; Timing Analyzer Summary                                                         ;
+-----------------------+---------------------------------------------------------+
; Quartus Prime Version ; Version 24.1std.0 Build 1077 03/04/2025 SC Lite Edition ;
; Timing Analyzer       ; Legacy Timing Analyzer                                  ;
; Revision Name         ; gpu                                                     ;
; Device Family         ; Cyclone V                                               ;
; Device Name           ; 5CSEMA5F31C6                                            ;
; Timing Models         ; Final                                                   ;
; Delay Model           ; Combined                                                ;
; Rise/Fall Delays      ; Enabled                                                 ;
+-----------------------+---------------------------------------------------------+


+------------------------------------------+
; Parallel Compilation                     ;
+----------------------------+-------------+
; Processors                 ; Number      ;
+----------------------------+-------------+
; Number detected on machine ; 16          ;
; Maximum allowed            ; 16          ;
;                            ;             ;
; Average used               ; 2.73        ;
; Maximum used               ; 16          ;
;                            ;             ;
; Usage by Processor         ; % Time Used ;
;     Processor 1            ; 100.0%      ;
;     Processor 2            ;  12.2%      ;
;     Processor 3            ;  12.2%      ;
;     Processor 4            ;  12.1%      ;
;     Processor 5            ;  11.9%      ;
;     Processor 6            ;  11.8%      ;
;     Processor 7            ;  11.3%      ;
;     Processor 8            ;  11.3%      ;
;     Processor 9            ;  11.3%      ;
;     Processor 10           ;  11.3%      ;
;     Processor 11           ;  11.3%      ;
;     Processor 12           ;  11.3%      ;
;     Processor 13           ;  11.3%      ;
;     Processor 14           ;  11.3%      ;
;     Processor 15           ;  11.3%      ;
;     Processor 16           ;  11.3%      ;
+----------------------------+-------------+


+-----------------------------------------------------------+
; SDC File List                                             ;
+-----------------------+--------+--------------------------+
; SDC File Path         ; Status ; Read at                  ;
+-----------------------+--------+--------------------------+
; output_files/SDC1.sdc ; OK     ; Tue Sep  1 07:34:36 2026 ;
+-----------------------+--------+--------------------------+


+--------------------------------------------------------------------------------------------------------------------------------------------------------------------------------------+
; Clocks                                                                                                                                                                               ;
+------------+------+--------+-----------+-------+--------+------------+-----------+-------------+-------+--------+-----------+------------+----------+--------+--------+--------------+
; Clock Name ; Type ; Period ; Frequency ; Rise  ; Fall   ; Duty Cycle ; Divide by ; Multiply by ; Phase ; Offset ; Edge List ; Edge Shift ; Inverted ; Master ; Source ; Targets      ;
+------------+------+--------+-----------+-------+--------+------------+-----------+-------------+-------+--------+-----------+------------+----------+--------+--------+--------------+
; CLOCK_50   ; Base ; 20.000 ; 50.0 MHz  ; 0.000 ; 10.000 ;            ;           ;             ;       ;        ;           ;            ;          ;        ;        ; { CLOCK_50 } ;
+------------+------+--------+-----------+-------+--------+------------+-----------+-------------+-------+--------+-----------+------------+----------+--------+--------+--------------+


+--------------------------------------------------+
; Slow 1100mV 85C Model Fmax Summary               ;
+------------+-----------------+------------+------+
; Fmax       ; Restricted Fmax ; Clock Name ; Note ;
+------------+-----------------+------------+------+
; 111.82 MHz ; 111.82 MHz      ; CLOCK_50   ;      ;
+------------+-----------------+------------+------+
This panel reports FMAX for every clock in the design, regardless of the user-specified clock periods.  FMAX is only computed for paths where the source and destination registers or ports are driven by the same clock.  Paths of different clocks, including generated clocks, are ignored.  For paths between a clock and its inversion, FMAX is computed as if the rising and falling edges are scaled along with FMAX, such that the duty cycle (in terms of a percentage) is maintained. Altera recommends that you always use clock constraints and other slack reports for sign-off analysis.


----------------------------------
; Timing Closure Recommendations ;
----------------------------------
HTML report is unavailable in plain text report export.


+-------------------------------------+
; Slow 1100mV 85C Model Setup Summary ;
+----------+--------+-----------------+
; Clock    ; Slack  ; End Point TNS   ;
+----------+--------+-----------------+
; CLOCK_50 ; 11.057 ; 0.000           ;
+----------+--------+-----------------+


+------------------------------------+
; Slow 1100mV 85C Model Hold Summary ;
+----------+-------+-----------------+
; Clock    ; Slack ; End Point TNS   ;
+----------+-------+-----------------+
; CLOCK_50 ; 0.382 ; 0.000           ;
+----------+-------+-----------------+


------------------------------------------
; Slow 1100mV 85C Model Recovery Summary ;
------------------------------------------
No paths to report.


-----------------------------------------
; Slow 1100mV 85C Model Removal Summary ;
-----------------------------------------
No paths to report.


+---------------------------------------------------+
; Slow 1100mV 85C Model Minimum Pulse Width Summary ;
+----------+-------+--------------------------------+
; Clock    ; Slack ; End Point TNS                  ;
+----------+-------+--------------------------------+
; CLOCK_50 ; 8.450 ; 0.000                          ;
+----------+-------+--------------------------------+


-----------------------------------------------
; Slow 1100mV 85C Model Metastability Summary ;
-----------------------------------------------
The design MTBF is not calculated because there are no specified synchronizers in the design.
Number of Synchronizer Chains Found: 1
Shortest Synchronizer Chain: 2 Registers
Fraction of Chains for which MTBFs Could Not be Calculated: 1.000
Worst Case Available Settling Time: 30.623 ns




+--------------------------------------------------+
; Slow 1100mV 0C Model Fmax Summary                ;
+------------+-----------------+------------+------+
; Fmax       ; Restricted Fmax ; Clock Name ; Note ;
+------------+-----------------+------------+------+
; 111.57 MHz ; 111.57 MHz      ; CLOCK_50   ;      ;
+------------+-----------------+------------+------+
This panel reports FMAX for every clock in the design, regardless of the user-specified clock periods.  FMAX is only computed for paths where the source and destination registers or ports are driven by the same clock.  Paths of different clocks, including generated clocks, are ignored.  For paths between a clock and its inversion, FMAX is computed as if the rising and falling edges are scaled along with FMAX, such that the duty cycle (in terms of a percentage) is maintained. Altera recommends that you always use clock constraints and other slack reports for sign-off analysis.


+------------------------------------+
; Slow 1100mV 0C Model Setup Summary ;
+----------+--------+----------------+
; Clock    ; Slack  ; End Point TNS  ;
+----------+--------+----------------+
; CLOCK_50 ; 11.037 ; 0.000          ;
+----------+--------+----------------+


+-----------------------------------+
; Slow 1100mV 0C Model Hold Summary ;
+----------+-------+----------------+
; Clock    ; Slack ; End Point TNS  ;
+----------+-------+----------------+
; CLOCK_50 ; 0.402 ; 0.000          ;
+----------+-------+----------------+


-----------------------------------------
; Slow 1100mV 0C Model Recovery Summary ;
-----------------------------------------
No paths to report.


----------------------------------------
; Slow 1100mV 0C Model Removal Summary ;
----------------------------------------
No paths to report.


+--------------------------------------------------+
; Slow 1100mV 0C Model Minimum Pulse Width Summary ;
+----------+-------+-------------------------------+
; Clock    ; Slack ; End Point TNS                 ;
+----------+-------+-------------------------------+
; CLOCK_50 ; 8.435 ; 0.000                         ;
+----------+-------+-------------------------------+


----------------------------------------------
; Slow 1100mV 0C Model Metastability Summary ;
----------------------------------------------
The design MTBF is not calculated because there are no specified synchronizers in the design.
Number of Synchronizer Chains Found: 1
Shortest Synchronizer Chain: 2 Registers
Fraction of Chains for which MTBFs Could Not be Calculated: 1.000
Worst Case Available Settling Time: 30.898 ns




+-------------------------------------+
; Fast 1100mV 85C Model Setup Summary ;
+----------+--------+-----------------+
; Clock    ; Slack  ; End Point TNS   ;
+----------+--------+-----------------+
; CLOCK_50 ; 14.472 ; 0.000           ;
+----------+--------+-----------------+


+------------------------------------+
; Fast 1100mV 85C Model Hold Summary ;
+----------+-------+-----------------+
; Clock    ; Slack ; End Point TNS   ;
+----------+-------+-----------------+
; CLOCK_50 ; 0.185 ; 0.000           ;
+----------+-------+-----------------+


------------------------------------------
; Fast 1100mV 85C Model Recovery Summary ;
------------------------------------------
No paths to report.


-----------------------------------------
; Fast 1100mV 85C Model Removal Summary ;
-----------------------------------------
No paths to report.


+---------------------------------------------------+
; Fast 1100mV 85C Model Minimum Pulse Width Summary ;
+----------+-------+--------------------------------+
; Clock    ; Slack ; End Point TNS                  ;
+----------+-------+--------------------------------+
; CLOCK_50 ; 8.480 ; 0.000                          ;
+----------+-------+--------------------------------+


-----------------------------------------------
; Fast 1100mV 85C Model Metastability Summary ;
-----------------------------------------------
The design MTBF is not calculated because there are no specified synchronizers in the design.
Number of Synchronizer Chains Found: 1
Shortest Synchronizer Chain: 2 Registers
Fraction of Chains for which MTBFs Could Not be Calculated: 1.000
Worst Case Available Settling Time: 33.451 ns




+------------------------------------+
; Fast 1100mV 0C Model Setup Summary ;
+----------+--------+----------------+
; Clock    ; Slack  ; End Point TNS  ;
+----------+--------+----------------+
; CLOCK_50 ; 14.864 ; 0.000          ;
+----------+--------+----------------+


+-----------------------------------+
; Fast 1100mV 0C Model Hold Summary ;
+----------+-------+----------------+
; Clock    ; Slack ; End Point TNS  ;
+----------+-------+----------------+
; CLOCK_50 ; 0.174 ; 0.000          ;
+----------+-------+----------------+


-----------------------------------------
; Fast 1100mV 0C Model Recovery Summary ;
-----------------------------------------
No paths to report.


----------------------------------------
; Fast 1100mV 0C Model Removal Summary ;
----------------------------------------
No paths to report.


+--------------------------------------------------+
; Fast 1100mV 0C Model Minimum Pulse Width Summary ;
+----------+-------+-------------------------------+
; Clock    ; Slack ; End Point TNS                 ;
+----------+-------+-------------------------------+
; CLOCK_50 ; 8.439 ; 0.000                         ;
+----------+-------+-------------------------------+


----------------------------------------------
; Fast 1100mV 0C Model Metastability Summary ;
----------------------------------------------
The design MTBF is not calculated because there are no specified synchronizers in the design.
Number of Synchronizer Chains Found: 1
Shortest Synchronizer Chain: 2 Registers
Fraction of Chains for which MTBFs Could Not be Calculated: 1.000
Worst Case Available Settling Time: 34.154 ns




+------------------------------------------------------------------------------+
; Multicorner Timing Analysis Summary                                          ;
+------------------+--------+-------+----------+---------+---------------------+
; Clock            ; Setup  ; Hold  ; Recovery ; Removal ; Minimum Pulse Width ;
+------------------+--------+-------+----------+---------+---------------------+
; Worst-case Slack ; 11.037 ; 0.174 ; N/A      ; N/A     ; 8.435               ;
;  CLOCK_50        ; 11.037 ; 0.174 ; N/A      ; N/A     ; 8.435               ;
; Design-wide TNS  ; 0.0    ; 0.0   ; 0.0      ; 0.0     ; 0.0                 ;
;  CLOCK_50        ; 0.000  ; 0.000 ; N/A      ; N/A     ; 0.000               ;
+------------------+--------+-------+----------+---------+---------------------+


+----------------------------------------------------------------------------------------------------------------------------------------------------------------------------------------------------------------------------------------------------------------------------------------------------------------------------------------------------------------------------------------------------------------+
; Board Trace Model Assignments                                                                                                                                                                                                                                                                                                                                                                                  ;
+-------------+--------------+-------------------+-------------------------+-------------------------+---------------+---------------------+----------------+------------------+--------+------------------+------------------------+------------------------+--------------+---------------+-----------------+-------+---------------------+--------------------+---------------+-----------------+-------------+
; Pin         ; I/O Standard ; Near Tline Length ; Near Tline L per Length ; Near Tline C per Length ; Near Series R ; Near Differential R ; Near Pull-up R ; Near Pull-down R ; Near C ; Far Tline Length ; Far Tline L per Length ; Far Tline C per Length ; Far Series R ; Far Pull-up R ; Far Pull-down R ; Far C ; Termination Voltage ; Far Differential R ; EBD File Name ; EBD Signal Name ; EBD Far-end ;
+-------------+--------------+-------------------+-------------------------+-------------------------+---------------+---------------------+----------------+------------------+--------+------------------+------------------------+------------------------+--------------+---------------+-----------------+-------+---------------------+--------------------+---------------+-----------------+-------------+
; LEDR[0]     ; 3.3-V LVTTL  ; 0 in              ; 0 H/in                  ; 0 F/in                  ; short         ; -                   ; open           ; open             ; open   ; 0 in             ; 0 H/in                 ; 0 F/in                 ; short        ; open          ; open            ; open  ; 0 V                 ; -                  ; n/a           ; n/a             ; n/a         ;
; LEDR[1]     ; 3.3-V LVTTL  ; 0 in              ; 0 H/in                  ; 0 F/in                  ; short         ; -                   ; open           ; open             ; open   ; 0 in             ; 0 H/in                 ; 0 F/in                 ; short        ; open          ; open            ; open  ; 0 V                 ; -                  ; n/a           ; n/a             ; n/a         ;
; LEDR[2]     ; 3.3-V LVTTL  ; 0 in              ; 0 H/in                  ; 0 F/in                  ; short         ; -                   ; open           ; open             ; open   ; 0 in             ; 0 H/in                 ; 0 F/in                 ; short        ; open          ; open            ; open  ; 0 V                 ; -                  ; n/a           ; n/a             ; n/a         ;
; LEDR[3]     ; 3.3-V LVTTL  ; 0 in              ; 0 H/in                  ; 0 F/in                  ; short         ; -                   ; open           ; open             ; open   ; 0 in             ; 0 H/in                 ; 0 F/in                 ; short        ; open          ; open            ; open  ; 0 V                 ; -                  ; n/a           ; n/a             ; n/a         ;
; LEDR[4]     ; 3.3-V LVTTL  ; 0 in              ; 0 H/in                  ; 0 F/in                  ; short         ; -                   ; open           ; open             ; open   ; 0 in             ; 0 H/in                 ; 0 F/in                 ; short        ; open          ; open            ; open  ; 0 V                 ; -                  ; n/a           ; n/a             ; n/a         ;
; LEDR[5]     ; 3.3-V LVTTL  ; 0 in              ; 0 H/in                  ; 0 F/in                  ; short         ; -                   ; open           ; open             ; open   ; 0 in             ; 0 H/in                 ; 0 F/in                 ; short        ; open          ; open            ; open  ; 0 V                 ; -                  ; n/a           ; n/a             ; n/a         ;
; LEDR[6]     ; 3.3-V LVTTL  ; 0 in              ; 0 H/in                  ; 0 F/in                  ; short         ; -                   ; open           ; open             ; open   ; 0 in             ; 0 H/in                 ; 0 F/in                 ; short        ; open          ; open            ; open  ; 0 V                 ; -                  ; n/a           ; n/a             ; n/a         ;
; LEDR[7]     ; 3.3-V LVTTL  ; 0 in              ; 0 H/in                  ; 0 F/in                  ; short         ; -                   ; open           ; open             ; open   ; 0 in             ; 0 H/in                 ; 0 F/in                 ; short        ; open          ; open            ; open  ; 0 V                 ; -                  ; n/a           ; n/a             ; n/a         ;
; LEDR[8]     ; 3.3-V LVTTL  ; 0 in              ; 0 H/in                  ; 0 F/in                  ; short         ; -                   ; open           ; open             ; open   ; 0 in             ; 0 H/in                 ; 0 F/in                 ; short        ; open          ; open            ; open  ; 0 V                 ; -                  ; n/a           ; n/a             ; n/a         ;
; LEDR[9]     ; 3.3-V LVTTL  ; 0 in              ; 0 H/in                  ; 0 F/in                  ; short         ; -                   ; open           ; open             ; open   ; 0 in             ; 0 H/in                 ; 0 F/in                 ; short        ; open          ; open            ; open  ; 0 V                 ; -                  ; n/a           ; n/a             ; n/a         ;
; VGA_HS      ; 3.3-V LVTTL  ; 0 in              ; 0 H/in                  ; 0 F/in                  ; short         ; -                   ; open           ; open             ; open   ; 0 in             ; 0 H/in                 ; 0 F/in                 ; short        ; open          ; open            ; open  ; 0 V                 ; -                  ; n/a           ; n/a             ; n/a         ;
; VGA_VS      ; 3.3-V LVTTL  ; 0 in              ; 0 H/in                  ; 0 F/in                  ; short         ; -                   ; open           ; open             ; open   ; 0 in             ; 0 H/in                 ; 0 F/in                 ; short        ; open          ; open            ; open  ; 0 V                 ; -                  ; n/a           ; n/a             ; n/a         ;
; VGA_R[0]    ; 3.3-V LVTTL  ; 0 in              ; 0 H/in                  ; 0 F/in                  ; short         ; -                   ; open           ; open             ; open   ; 0 in             ; 0 H/in                 ; 0 F/in                 ; short        ; open          ; open            ; open  ; 0 V                 ; -                  ; n/a           ; n/a             ; n/a         ;
; VGA_R[1]    ; 3.3-V LVTTL  ; 0 in              ; 0 H/in                  ; 0 F/in                  ; short         ; -                   ; open           ; open             ; open   ; 0 in             ; 0 H/in                 ; 0 F/in                 ; short        ; open          ; open            ; open  ; 0 V                 ; -                  ; n/a           ; n/a             ; n/a         ;
; VGA_R[2]    ; 3.3-V LVTTL  ; 0 in              ; 0 H/in                  ; 0 F/in                  ; short         ; -                   ; open           ; open             ; open   ; 0 in             ; 0 H/in                 ; 0 F/in                 ; short        ; open          ; open            ; open  ; 0 V                 ; -                  ; n/a           ; n/a             ; n/a         ;
; VGA_R[3]    ; 3.3-V LVTTL  ; 0 in              ; 0 H/in                  ; 0 F/in                  ; short         ; -                   ; open           ; open             ; open   ; 0 in             ; 0 H/in                 ; 0 F/in                 ; short        ; open          ; open            ; open  ; 0 V                 ; -                  ; n/a           ; n/a             ; n/a         ;
; VGA_R[4]    ; 3.3-V LVTTL  ; 0 in              ; 0 H/in                  ; 0 F/in                  ; short         ; -                   ; open           ; open             ; open   ; 0 in             ; 0 H/in                 ; 0 F/in                 ; short        ; open          ; open            ; open  ; 0 V                 ; -                  ; n/a           ; n/a             ; n/a         ;
; VGA_R[5]    ; 3.3-V LVTTL  ; 0 in              ; 0 H/in                  ; 0 F/in                  ; short         ; -                   ; open           ; open             ; open   ; 0 in             ; 0 H/in                 ; 0 F/in                 ; short        ; open          ; open            ; open  ; 0 V                 ; -                  ; n/a           ; n/a             ; n/a         ;
; VGA_R[6]    ; 3.3-V LVTTL  ; 0 in              ; 0 H/in                  ; 0 F/in                  ; short         ; -                   ; open           ; open             ; open   ; 0 in             ; 0 H/in                 ; 0 F/in                 ; short        ; open          ; open            ; open  ; 0 V                 ; -                  ; n/a           ; n/a             ; n/a         ;
; VGA_R[7]    ; 3.3-V LVTTL  ; 0 in              ; 0 H/in                  ; 0 F/in                  ; short         ; -                   ; open           ; open             ; open   ; 0 in             ; 0 H/in                 ; 0 F/in                 ; short        ; open          ; open            ; open  ; 0 V                 ; -                  ; n/a           ; n/a             ; n/a         ;
; VGA_G[0]    ; 3.3-V LVTTL  ; 0 in              ; 0 H/in                  ; 0 F/in                  ; short         ; -                   ; open           ; open             ; open   ; 0 in             ; 0 H/in                 ; 0 F/in                 ; short        ; open          ; open            ; open  ; 0 V                 ; -                  ; n/a           ; n/a             ; n/a         ;
; VGA_G[1]    ; 3.3-V LVTTL  ; 0 in              ; 0 H/in                  ; 0 F/in                  ; short         ; -                   ; open           ; open             ; open   ; 0 in             ; 0 H/in                 ; 0 F/in                 ; short        ; open          ; open            ; open  ; 0 V                 ; -                  ; n/a           ; n/a             ; n/a         ;
; VGA_G[2]    ; 3.3-V LVTTL  ; 0 in              ; 0 H/in                  ; 0 F/in                  ; short         ; -                   ; open           ; open             ; open   ; 0 in             ; 0 H/in                 ; 0 F/in                 ; short        ; open          ; open            ; open  ; 0 V                 ; -                  ; n/a           ; n/a             ; n/a         ;
; VGA_G[3]    ; 3.3-V LVTTL  ; 0 in              ; 0 H/in                  ; 0 F/in                  ; short         ; -                   ; open           ; open             ; open   ; 0 in             ; 0 H/in                 ; 0 F/in                 ; short        ; open          ; open            ; open  ; 0 V                 ; -                  ; n/a           ; n/a             ; n/a         ;
; VGA_G[4]    ; 3.3-V LVTTL  ; 0 in              ; 0 H/in                  ; 0 F/in                  ; short         ; -                   ; open           ; open             ; open   ; 0 in             ; 0 H/in                 ; 0 F/in                 ; short        ; open          ; open            ; open  ; 0 V                 ; -                  ; n/a           ; n/a             ; n/a         ;
; VGA_G[5]    ; 3.3-V LVTTL  ; 0 in              ; 0 H/in                  ; 0 F/in                  ; short         ; -                   ; open           ; open             ; open   ; 0 in             ; 0 H/in                 ; 0 F/in                 ; short        ; open          ; open            ; open  ; 0 V                 ; -                  ; n/a           ; n/a             ; n/a         ;
; VGA_G[6]    ; 3.3-V LVTTL  ; 0 in              ; 0 H/in                  ; 0 F/in                  ; short         ; -                   ; open           ; open             ; open   ; 0 in             ; 0 H/in                 ; 0 F/in                 ; short        ; open          ; open            ; open  ; 0 V                 ; -                  ; n/a           ; n/a             ; n/a         ;
; VGA_G[7]    ; 3.3-V LVTTL  ; 0 in              ; 0 H/in                  ; 0 F/in                  ; short         ; -                   ; open           ; open             ; open   ; 0 in             ; 0 H/in                 ; 0 F/in                 ; short        ; open          ; open            ; open  ; 0 V                 ; -                  ; n/a           ; n/a             ; n/a         ;
; VGA_B[0]    ; 3.3-V LVTTL  ; 0 in              ; 0 H/in                  ; 0 F/in                  ; short         ; -                   ; open           ; open             ; open   ; 0 in             ; 0 H/in                 ; 0 F/in                 ; short        ; open          ; open            ; open  ; 0 V                 ; -                  ; n/a           ; n/a             ; n/a         ;
; VGA_B[1]    ; 3.3-V LVTTL  ; 0 in              ; 0 H/in                  ; 0 F/in                  ; short         ; -                   ; open           ; open             ; open   ; 0 in             ; 0 H/in                 ; 0 F/in                 ; short        ; open          ; open            ; open  ; 0 V                 ; -                  ; n/a           ; n/a             ; n/a         ;
; VGA_B[2]    ; 3.3-V LVTTL  ; 0 in              ; 0 H/in                  ; 0 F/in                  ; short         ; -                   ; open           ; open             ; open   ; 0 in             ; 0 H/in                 ; 0 F/in                 ; short        ; open          ; open            ; open  ; 0 V                 ; -                  ; n/a           ; n/a             ; n/a         ;
; VGA_B[3]    ; 3.3-V LVTTL  ; 0 in              ; 0 H/in                  ; 0 F/in                  ; short         ; -                   ; open           ; open             ; open   ; 0 in             ; 0 H/in                 ; 0 F/in                 ; short        ; open          ; open            ; open  ; 0 V                 ; -                  ; n/a           ; n/a             ; n/a         ;
; VGA_B[4]    ; 3.3-V LVTTL  ; 0 in              ; 0 H/in                  ; 0 F/in                  ; short         ; -                   ; open           ; open             ; open   ; 0 in             ; 0 H/in                 ; 0 F/in                 ; short        ; open          ; open            ; open  ; 0 V                 ; -                  ; n/a           ; n/a             ; n/a         ;
; VGA_B[5]    ; 3.3-V LVTTL  ; 0 in              ; 0 H/in                  ; 0 F/in                  ; short         ; -                   ; open           ; open             ; open   ; 0 in             ; 0 H/in                 ; 0 F/in                 ; short        ; open          ; open            ; open  ; 0 V                 ; -                  ; n/a           ; n/a             ; n/a         ;
; VGA_B[6]    ; 3.3-V LVTTL  ; 0 in              ; 0 H/in                  ; 0 F/in                  ; short         ; -                   ; open           ; open             ; open   ; 0 in             ; 0 H/in                 ; 0 F/in                 ; short        ; open          ; open            ; open  ; 0 V                 ; -                  ; n/a           ; n/a             ; n/a         ;
; VGA_B[7]    ; 3.3-V LVTTL  ; 0 in              ; 0 H/in                  ; 0 F/in                  ; short         ; -                   ; open           ; open             ; open   ; 0 in             ; 0 H/in                 ; 0 F/in                 ; short        ; open          ; open            ; open  ; 0 V                 ; -                  ; n/a           ; n/a             ; n/a         ;
; VGA_BLANK_N ; 3.3-V LVTTL  ; 0 in              ; 0 H/in                  ; 0 F/in                  ; short         ; -                   ; open           ; open             ; open   ; 0 in             ; 0 H/in                 ; 0 F/in                 ; short        ; open          ; open            ; open  ; 0 V                 ; -                  ; n/a           ; n/a             ; n/a         ;
; VGA_SYNC_N  ; 3.3-V LVTTL  ; 0 in              ; 0 H/in                  ; 0 F/in                  ; short         ; -                   ; open           ; open             ; open   ; 0 in             ; 0 H/in                 ; 0 F/in                 ; short        ; open          ; open            ; open  ; 0 V                 ; -                  ; n/a           ; n/a             ; n/a         ;
; VGA_CLK     ; 3.3-V LVTTL  ; 0 in              ; 0 H/in                  ; 0 F/in                  ; short         ; -                   ; open           ; open             ; open   ; 0 in             ; 0 H/in                 ; 0 F/in                 ; short        ; open          ; open            ; open  ; 0 V                 ; -                  ; n/a           ; n/a             ; n/a         ;
+-------------+--------------+-------------------+-------------------------+-------------------------+---------------+---------------------+----------------+------------------+--------+------------------+------------------------+------------------------+--------------+---------------+-----------------+-------+---------------------+--------------------+---------------+-----------------+-------------+


+-------------------------------------------------------------+
; Input Transition Times                                      ;
+----------+--------------+-----------------+-----------------+
; Pin      ; I/O Standard ; 10-90 Rise Time ; 90-10 Fall Time ;
+----------+--------------+-----------------+-----------------+
; KEY[2]   ; 3.3-V LVTTL  ; 2640 ps         ; 2640 ps         ;
; KEY[3]   ; 3.3-V LVTTL  ; 2640 ps         ; 2640 ps         ;
; SW[1]    ; 3.3-V LVTTL  ; 2640 ps         ; 2640 ps         ;
; SW[2]    ; 3.3-V LVTTL  ; 2640 ps         ; 2640 ps         ;
; SW[3]    ; 3.3-V LVTTL  ; 2640 ps         ; 2640 ps         ;
; SW[4]    ; 3.3-V LVTTL  ; 2640 ps         ; 2640 ps         ;
; SW[5]    ; 3.3-V LVTTL  ; 2640 ps         ; 2640 ps         ;
; SW[6]    ; 3.3-V LVTTL  ; 2640 ps         ; 2640 ps         ;
; SW[7]    ; 3.3-V LVTTL  ; 2640 ps         ; 2640 ps         ;
; SW[8]    ; 3.3-V LVTTL  ; 2640 ps         ; 2640 ps         ;
; SW[9]    ; 3.3-V LVTTL  ; 2640 ps         ; 2640 ps         ;
; SW[0]    ; 3.3-V LVTTL  ; 2640 ps         ; 2640 ps         ;
; KEY[0]   ; 3.3-V LVTTL  ; 2640 ps         ; 2640 ps         ;
; CLOCK_50 ; 3.3-V LVTTL  ; 2640 ps         ; 2640 ps         ;
; KEY[1]   ; 3.3-V LVTTL  ; 2640 ps         ; 2640 ps         ;
+----------+--------------+-----------------+-----------------+


+------------------------------------------------------------------------------------------------------------------------------------------------------------------------------------------------------------------------------------------------------------------------------------------------------------------------------------------------------------------------------------------------------------------------------------------------------------------------------------------------------------------------------------------------------------------------------------------------------------------------------------------------------------------------------------------+
; Signal Integrity Metrics (Slow 1100mv 0c Model)                                                                                                                                                                                                                                                                                                                                                                                                                                                                                                                                                                                                                                          ;
+-------------+--------------+---------------------+---------------------+------------------------------+------------------------------+---------------------+---------------------+--------------------------------------+--------------------------------------+-----------------------------+-----------------------------+----------------------------+----------------------------+-----------------------------+-----------------------------+--------------------+--------------------+-------------------------------------+-------------------------------------+----------------------------+----------------------------+---------------------------+---------------------------+
; Pin         ; I/O Standard ; Board Delay on Rise ; Board Delay on Fall ; Steady State Voh at FPGA Pin ; Steady State Vol at FPGA Pin ; Voh Max at FPGA Pin ; Vol Min at FPGA Pin ; Ringback Voltage on Rise at FPGA Pin ; Ringback Voltage on Fall at FPGA Pin ; 10-90 Rise Time at FPGA Pin ; 90-10 Fall Time at FPGA Pin ; Monotonic Rise at FPGA Pin ; Monotonic Fall at FPGA Pin ; Steady State Voh at Far-end ; Steady State Vol at Far-end ; Voh Max at Far-end ; Vol Min at Far-end ; Ringback Voltage on Rise at Far-end ; Ringback Voltage on Fall at Far-end ; 10-90 Rise Time at Far-end ; 90-10 Fall Time at Far-end ; Monotonic Rise at Far-end ; Monotonic Fall at Far-end ;
+-------------+--------------+---------------------+---------------------+------------------------------+------------------------------+---------------------+---------------------+--------------------------------------+--------------------------------------+-----------------------------+-----------------------------+----------------------------+----------------------------+-----------------------------+-----------------------------+--------------------+--------------------+-------------------------------------+-------------------------------------+----------------------------+----------------------------+---------------------------+---------------------------+
; LEDR[0]     ; 3.3-V LVTTL  ; 0 s                 ; 0 s                 ; 3.08 V                       ; 3.5e-07 V                    ; 3.14 V              ; -0.195 V            ; 0.158 V                              ; 0.394 V                              ; 4.46e-10 s                  ; 1.64e-10 s                  ; Yes                        ; No                         ; 3.08 V                      ; 3.5e-07 V                   ; 3.14 V             ; -0.195 V           ; 0.158 V                             ; 0.394 V                             ; 4.46e-10 s                 ; 1.64e-10 s                 ; Yes                       ; No                        ;
; LEDR[1]     ; 3.3-V LVTTL  ; 0 s                 ; 0 s                 ; 3.08 V                       ; 2.62e-07 V                   ; 3.1 V               ; -0.153 V            ; 0.035 V                              ; 0.31 V                               ; 4.23e-10 s                  ; 1.59e-10 s                  ; Yes                        ; No                         ; 3.08 V                      ; 2.62e-07 V                  ; 3.1 V              ; -0.153 V           ; 0.035 V                             ; 0.31 V                              ; 4.23e-10 s                 ; 1.59e-10 s                 ; Yes                       ; No                        ;
; LEDR[2]     ; 3.3-V LVTTL  ; 0 s                 ; 0 s                 ; 3.08 V                       ; 3.5e-07 V                    ; 3.14 V              ; -0.195 V            ; 0.158 V                              ; 0.394 V                              ; 4.46e-10 s                  ; 1.64e-10 s                  ; Yes                        ; No                         ; 3.08 V                      ; 3.5e-07 V                   ; 3.14 V             ; -0.195 V           ; 0.158 V                             ; 0.394 V                             ; 4.46e-10 s                 ; 1.64e-10 s                 ; Yes                       ; No                        ;
; LEDR[3]     ; 3.3-V LVTTL  ; 0 s                 ; 0 s                 ; 3.08 V                       ; 3.5e-07 V                    ; 3.14 V              ; -0.195 V            ; 0.158 V                              ; 0.394 V                              ; 4.46e-10 s                  ; 1.64e-10 s                  ; Yes                        ; No                         ; 3.08 V                      ; 3.5e-07 V                   ; 3.14 V             ; -0.195 V           ; 0.158 V                             ; 0.394 V                             ; 4.46e-10 s                 ; 1.64e-10 s                 ; Yes                       ; No                        ;
; LEDR[4]     ; 3.3-V LVTTL  ; 0 s                 ; 0 s                 ; 3.08 V                       ; 2.62e-07 V                   ; 3.1 V               ; -0.153 V            ; 0.035 V                              ; 0.31 V                               ; 4.23e-10 s                  ; 1.59e-10 s                  ; Yes                        ; No                         ; 3.08 V                      ; 2.62e-07 V                  ; 3.1 V              ; -0.153 V           ; 0.035 V                             ; 0.31 V                              ; 4.23e-10 s                 ; 1.59e-10 s                 ; Yes                       ; No                        ;
; LEDR[5]     ; 3.3-V LVTTL  ; 0 s                 ; 0 s                 ; 3.08 V                       ; 2.62e-07 V                   ; 3.1 V               ; -0.153 V            ; 0.035 V                              ; 0.31 V                               ; 4.23e-10 s                  ; 1.59e-10 s                  ; Yes                        ; No                         ; 3.08 V                      ; 2.62e-07 V                  ; 3.1 V              ; -0.153 V           ; 0.035 V                             ; 0.31 V                              ; 4.23e-10 s                 ; 1.59e-10 s                 ; Yes                       ; No                        ;
; LEDR[6]     ; 3.3-V LVTTL  ; 0 s                 ; 0 s                 ; 3.08 V                       ; 3.5e-07 V                    ; 3.14 V              ; -0.195 V            ; 0.158 V                              ; 0.394 V                              ; 4.46e-10 s                  ; 1.64e-10 s                  ; Yes                        ; No                         ; 3.08 V                      ; 3.5e-07 V                   ; 3.14 V             ; -0.195 V           ; 0.158 V                             ; 0.394 V                             ; 4.46e-10 s                 ; 1.64e-10 s                 ; Yes                       ; No                        ;
; LEDR[7]     ; 3.3-V LVTTL  ; 0 s                 ; 0 s                 ; 3.08 V                       ; 3.5e-07 V                    ; 3.14 V              ; -0.195 V            ; 0.158 V                              ; 0.394 V                              ; 4.46e-10 s                  ; 1.64e-10 s                  ; Yes                        ; No                         ; 3.08 V                      ; 3.5e-07 V                   ; 3.14 V             ; -0.195 V           ; 0.158 V                             ; 0.394 V                             ; 4.46e-10 s                 ; 1.64e-10 s                 ; Yes                       ; No                        ;
; LEDR[8]     ; 3.3-V LVTTL  ; 0 s                 ; 0 s                 ; 3.08 V                       ; 3.5e-07 V                    ; 3.14 V              ; -0.195 V            ; 0.158 V                              ; 0.394 V                              ; 4.46e-10 s                  ; 1.64e-10 s                  ; Yes                        ; No                         ; 3.08 V                      ; 3.5e-07 V                   ; 3.14 V             ; -0.195 V           ; 0.158 V                             ; 0.394 V                             ; 4.46e-10 s                 ; 1.64e-10 s                 ; Yes                       ; No                        ;
; LEDR[9]     ; 3.3-V LVTTL  ; 0 s                 ; 0 s                 ; 3.08 V                       ; 2.62e-07 V                   ; 3.1 V               ; -0.153 V            ; 0.035 V                              ; 0.31 V                               ; 4.23e-10 s                  ; 1.59e-10 s                  ; Yes                        ; No                         ; 3.08 V                      ; 2.62e-07 V                  ; 3.1 V              ; -0.153 V           ; 0.035 V                             ; 0.31 V                              ; 4.23e-10 s                 ; 1.59e-10 s                 ; Yes                       ; No                        ;
; VGA_HS      ; 3.3-V LVTTL  ; 0 s                 ; 0 s                 ; 3.08 V                       ; 3.35e-07 V                   ; 3.14 V              ; -0.257 V            ; 0.13 V                               ; 0.399 V                              ; 4.27e-10 s                  ; 1.5e-10 s                   ; Yes                        ; No                         ; 3.08 V                      ; 3.35e-07 V                  ; 3.14 V             ; -0.257 V           ; 0.13 V                              ; 0.399 V                             ; 4.27e-10 s                 ; 1.5e-10 s                  ; Yes                       ; No                        ;
; VGA_VS      ; 3.3-V LVTTL  ; 0 s                 ; 0 s                 ; 3.08 V                       ; 3.5e-07 V                    ; 3.14 V              ; -0.195 V            ; 0.158 V                              ; 0.394 V                              ; 4.46e-10 s                  ; 1.64e-10 s                  ; Yes                        ; No                         ; 3.08 V                      ; 3.5e-07 V                   ; 3.14 V             ; -0.195 V           ; 0.158 V                             ; 0.394 V                             ; 4.46e-10 s                 ; 1.64e-10 s                 ; Yes                       ; No                        ;
; VGA_R[0]    ; 3.3-V LVTTL  ; 0 s                 ; 0 s                 ; 3.08 V                       ; 3.35e-07 V                   ; 3.14 V              ; -0.257 V            ; 0.13 V                               ; 0.399 V                              ; 4.27e-10 s                  ; 1.5e-10 s                   ; Yes                        ; No                         ; 3.08 V                      ; 3.35e-07 V                  ; 3.14 V             ; -0.257 V           ; 0.13 V                              ; 0.399 V                             ; 4.27e-10 s                 ; 1.5e-10 s                  ; Yes                       ; No                        ;
; VGA_R[1]    ; 3.3-V LVTTL  ; 0 s                 ; 0 s                 ; 3.08 V                       ; 3.5e-07 V                    ; 3.14 V              ; -0.195 V            ; 0.158 V                              ; 0.394 V                              ; 4.46e-10 s                  ; 1.64e-10 s                  ; Yes                        ; No                         ; 3.08 V                      ; 3.5e-07 V                   ; 3.14 V             ; -0.195 V           ; 0.158 V                             ; 0.394 V                             ; 4.46e-10 s                 ; 1.64e-10 s                 ; Yes                       ; No                        ;
; VGA_R[2]    ; 3.3-V LVTTL  ; 0 s                 ; 0 s                 ; 3.08 V                       ; 2.62e-07 V                   ; 3.1 V               ; -0.153 V            ; 0.035 V                              ; 0.31 V                               ; 4.23e-10 s                  ; 1.59e-10 s                  ; Yes                        ; No                         ; 3.08 V                      ; 2.62e-07 V                  ; 3.1 V              ; -0.153 V           ; 0.035 V                             ; 0.31 V                              ; 4.23e-10 s                 ; 1.59e-10 s                 ; Yes                       ; No                        ;
; VGA_R[3]    ; 3.3-V LVTTL  ; 0 s                 ; 0 s                 ; 3.08 V                       ; 2.62e-07 V                   ; 3.1 V               ; -0.153 V            ; 0.035 V                              ; 0.31 V                               ; 4.23e-10 s                  ; 1.59e-10 s                  ; Yes                        ; No                         ; 3.08 V                      ; 2.62e-07 V                  ; 3.1 V              ; -0.153 V           ; 0.035 V                             ; 0.31 V                              ; 4.23e-10 s                 ; 1.59e-10 s                 ; Yes                       ; No                        ;
; VGA_R[4]    ; 3.3-V LVTTL  ; 0 s                 ; 0 s                 ; 3.08 V                       ; 3.35e-07 V                   ; 3.14 V              ; -0.258 V            ; 0.13 V                               ; 0.399 V                              ; 4.27e-10 s                  ; 1.5e-10 s                   ; Yes                        ; No                         ; 3.08 V                      ; 3.35e-07 V                  ; 3.14 V             ; -0.258 V           ; 0.13 V                              ; 0.399 V                             ; 4.27e-10 s                 ; 1.5e-10 s                  ; Yes                       ; No                        ;
; VGA_R[5]    ; 3.3-V LVTTL  ; 0 s                 ; 0 s                 ; 3.08 V                       ; 2.62e-07 V                   ; 3.1 V               ; -0.153 V            ; 0.035 V                              ; 0.31 V                               ; 4.23e-10 s                  ; 1.59e-10 s                  ; Yes                        ; No                         ; 3.08 V                      ; 2.62e-07 V                  ; 3.1 V              ; -0.153 V           ; 0.035 V                             ; 0.31 V                              ; 4.23e-10 s                 ; 1.59e-10 s                 ; Yes                       ; No                        ;
; VGA_R[6]    ; 3.3-V LVTTL  ; 0 s                 ; 0 s                 ; 3.08 V                       ; 3.5e-07 V                    ; 3.14 V              ; -0.195 V            ; 0.158 V                              ; 0.394 V                              ; 4.46e-10 s                  ; 1.64e-10 s                  ; Yes                        ; No                         ; 3.08 V                      ; 3.5e-07 V                   ; 3.14 V             ; -0.195 V           ; 0.158 V                             ; 0.394 V                             ; 4.46e-10 s                 ; 1.64e-10 s                 ; Yes                       ; No                        ;
; VGA_R[7]    ; 3.3-V LVTTL  ; 0 s                 ; 0 s                 ; 3.08 V                       ; 3.5e-07 V                    ; 3.14 V              ; -0.195 V            ; 0.158 V                              ; 0.394 V                              ; 4.46e-10 s                  ; 1.64e-10 s                  ; Yes                        ; No                         ; 3.08 V                      ; 3.5e-07 V                   ; 3.14 V             ; -0.195 V           ; 0.158 V                             ; 0.394 V                             ; 4.46e-10 s                 ; 1.64e-10 s                 ; Yes                       ; No                        ;
; VGA_G[0]    ; 3.3-V LVTTL  ; 0 s                 ; 0 s                 ; 3.08 V                       ; 2.62e-07 V                   ; 3.1 V               ; -0.153 V            ; 0.035 V                              ; 0.31 V                               ; 4.23e-10 s                  ; 1.59e-10 s                  ; Yes                        ; No                         ; 3.08 V                      ; 2.62e-07 V                  ; 3.1 V              ; -0.153 V           ; 0.035 V                             ; 0.31 V                              ; 4.23e-10 s                 ; 1.59e-10 s                 ; Yes                       ; No                        ;
; VGA_G[1]    ; 3.3-V LVTTL  ; 0 s                 ; 0 s                 ; 3.08 V                       ; 3.5e-07 V                    ; 3.14 V              ; -0.195 V            ; 0.158 V                              ; 0.394 V                              ; 4.46e-10 s                  ; 1.64e-10 s                  ; Yes                        ; No                         ; 3.08 V                      ; 3.5e-07 V                   ; 3.14 V             ; -0.195 V           ; 0.158 V                             ; 0.394 V                             ; 4.46e-10 s                 ; 1.64e-10 s                 ; Yes                       ; No                        ;
; VGA_G[2]    ; 3.3-V LVTTL  ; 0 s                 ; 0 s                 ; 3.08 V                       ; 2.62e-07 V                   ; 3.1 V               ; -0.153 V            ; 0.035 V                              ; 0.31 V                               ; 4.23e-10 s                  ; 1.59e-10 s                  ; Yes                        ; No                         ; 3.08 V                      ; 2.62e-07 V                  ; 3.1 V              ; -0.153 V           ; 0.035 V                             ; 0.31 V                              ; 4.23e-10 s                 ; 1.59e-10 s                 ; Yes                       ; No                        ;
; VGA_G[3]    ; 3.3-V LVTTL  ; 0 s                 ; 0 s                 ; 3.08 V                       ; 3.5e-07 V                    ; 3.14 V              ; -0.195 V            ; 0.158 V                              ; 0.394 V                              ; 4.46e-10 s                  ; 1.64e-10 s                  ; Yes                        ; No                         ; 3.08 V                      ; 3.5e-07 V                   ; 3.14 V             ; -0.195 V           ; 0.158 V                             ; 0.394 V                             ; 4.46e-10 s                 ; 1.64e-10 s                 ; Yes                       ; No                        ;
; VGA_G[4]    ; 3.3-V LVTTL  ; 0 s                 ; 0 s                 ; 3.08 V                       ; 2.62e-07 V                   ; 3.1 V               ; -0.153 V            ; 0.035 V                              ; 0.31 V                               ; 4.23e-10 s                  ; 1.59e-10 s                  ; Yes                        ; No                         ; 3.08 V                      ; 2.62e-07 V                  ; 3.1 V              ; -0.153 V           ; 0.035 V                             ; 0.31 V                              ; 4.23e-10 s                 ; 1.59e-10 s                 ; Yes                       ; No                        ;
; VGA_G[5]    ; 3.3-V LVTTL  ; 0 s                 ; 0 s                 ; 3.08 V                       ; 3.5e-07 V                    ; 3.14 V              ; -0.195 V            ; 0.158 V                              ; 0.394 V                              ; 4.46e-10 s                  ; 1.64e-10 s                  ; Yes                        ; No                         ; 3.08 V                      ; 3.5e-07 V                   ; 3.14 V             ; -0.195 V           ; 0.158 V                             ; 0.394 V                             ; 4.46e-10 s                 ; 1.64e-10 s                 ; Yes                       ; No                        ;
; VGA_G[6]    ; 3.3-V LVTTL  ; 0 s                 ; 0 s                 ; 3.08 V                       ; 3.5e-07 V                    ; 3.14 V              ; -0.195 V            ; 0.158 V                              ; 0.394 V                              ; 4.46e-10 s                  ; 1.64e-10 s                  ; Yes                        ; No                         ; 3.08 V                      ; 3.5e-07 V                   ; 3.14 V             ; -0.195 V           ; 0.158 V                             ; 0.394 V                             ; 4.46e-10 s                 ; 1.64e-10 s                 ; Yes                       ; No                        ;
; VGA_G[7]    ; 3.3-V LVTTL  ; 0 s                 ; 0 s                 ; 3.08 V                       ; 2.62e-07 V                   ; 3.1 V               ; -0.153 V            ; 0.035 V                              ; 0.31 V                               ; 4.23e-10 s                  ; 1.59e-10 s                  ; Yes                        ; No                         ; 3.08 V                      ; 2.62e-07 V                  ; 3.1 V              ; -0.153 V           ; 0.035 V                             ; 0.31 V                              ; 4.23e-10 s                 ; 1.59e-10 s                 ; Yes                       ; No                        ;
; VGA_B[0]    ; 3.3-V LVTTL  ; 0 s                 ; 0 s                 ; 3.08 V                       ; 3.35e-07 V                   ; 3.14 V              ; -0.258 V            ; 0.13 V                               ; 0.399 V                              ; 4.27e-10 s                  ; 1.5e-10 s                   ; Yes                        ; No                         ; 3.08 V                      ; 3.35e-07 V                  ; 3.14 V             ; -0.258 V           ; 0.13 V                              ; 0.399 V                             ; 4.27e-10 s                 ; 1.5e-10 s                  ; Yes                       ; No                        ;
; VGA_B[1]    ; 3.3-V LVTTL  ; 0 s                 ; 0 s                 ; 3.08 V                       ; 2.62e-07 V                   ; 3.1 V               ; -0.153 V            ; 0.035 V                              ; 0.31 V                               ; 4.23e-10 s                  ; 1.59e-10 s                  ; Yes                        ; No                         ; 3.08 V                      ; 2.62e-07 V                  ; 3.1 V              ; -0.153 V           ; 0.035 V                             ; 0.31 V                              ; 4.23e-10 s                 ; 1.59e-10 s                 ; Yes                       ; No                        ;
; VGA_B[2]    ; 3.3-V LVTTL  ; 0 s                 ; 0 s                 ; 3.08 V                       ; 3.5e-07 V                    ; 3.14 V              ; -0.195 V            ; 0.158 V                              ; 0.394 V                              ; 4.46e-10 s                  ; 1.64e-10 s                  ; Yes                        ; No                         ; 3.08 V                      ; 3.5e-07 V                   ; 3.14 V             ; -0.195 V           ; 0.158 V                             ; 0.394 V                             ; 4.46e-10 s                 ; 1.64e-10 s                 ; Yes                       ; No                        ;
; VGA_B[3]    ; 3.3-V LVTTL  ; 0 s                 ; 0 s                 ; 3.08 V                       ; 2.62e-07 V                   ; 3.1 V               ; -0.153 V            ; 0.035 V                              ; 0.31 V                               ; 4.23e-10 s                  ; 1.59e-10 s                  ; Yes                        ; No                         ; 3.08 V                      ; 2.62e-07 V                  ; 3.1 V              ; -0.153 V           ; 0.035 V                             ; 0.31 V                              ; 4.23e-10 s                 ; 1.59e-10 s                 ; Yes                       ; No                        ;
; VGA_B[4]    ; 3.3-V LVTTL  ; 0 s                 ; 0 s                 ; 3.08 V                       ; 3.5e-07 V                    ; 3.14 V              ; -0.195 V            ; 0.158 V                              ; 0.394 V                              ; 4.46e-10 s                  ; 1.64e-10 s                  ; Yes                        ; No                         ; 3.08 V                      ; 3.5e-07 V                   ; 3.14 V             ; -0.195 V           ; 0.158 V                             ; 0.394 V                             ; 4.46e-10 s                 ; 1.64e-10 s                 ; Yes                       ; No                        ;
; VGA_B[5]    ; 3.3-V LVTTL  ; 0 s                 ; 0 s                 ; 3.08 V                       ; 3.5e-07 V                    ; 3.14 V              ; -0.195 V            ; 0.158 V                              ; 0.394 V                              ; 4.46e-10 s                  ; 1.64e-10 s                  ; Yes                        ; No                         ; 3.08 V                      ; 3.5e-07 V                   ; 3.14 V             ; -0.195 V           ; 0.158 V                             ; 0.394 V                             ; 4.46e-10 s                 ; 1.64e-10 s                 ; Yes                       ; No                        ;
; VGA_B[6]    ; 3.3-V LVTTL  ; 0 s                 ; 0 s                 ; 3.08 V                       ; 2.62e-07 V                   ; 3.1 V               ; -0.153 V            ; 0.035 V                              ; 0.31 V                               ; 4.23e-10 s                  ; 1.59e-10 s                  ; Yes                        ; No                         ; 3.08 V                      ; 2.62e-07 V                  ; 3.1 V              ; -0.153 V           ; 0.035 V                             ; 0.31 V                              ; 4.23e-10 s                 ; 1.59e-10 s                 ; Yes                       ; No                        ;
; VGA_B[7]    ; 3.3-V LVTTL  ; 0 s                 ; 0 s                 ; 3.08 V                       ; 2.62e-07 V                   ; 3.1 V               ; -0.153 V            ; 0.035 V                              ; 0.31 V                               ; 4.23e-10 s                  ; 1.59e-10 s                  ; Yes                        ; No                         ; 3.08 V                      ; 2.62e-07 V                  ; 3.1 V              ; -0.153 V           ; 0.035 V                             ; 0.31 V                              ; 4.23e-10 s                 ; 1.59e-10 s                 ; Yes                       ; No                        ;
; VGA_BLANK_N ; 3.3-V LVTTL  ; 0 s                 ; 0 s                 ; 3.08 V                       ; 2.62e-07 V                   ; 3.1 V               ; -0.153 V            ; 0.035 V                              ; 0.31 V                               ; 4.23e-10 s                  ; 1.59e-10 s                  ; Yes                        ; No                         ; 3.08 V                      ; 2.62e-07 V                  ; 3.1 V              ; -0.153 V           ; 0.035 V                             ; 0.31 V                              ; 4.23e-10 s                 ; 1.59e-10 s                 ; Yes                       ; No                        ;
; VGA_SYNC_N  ; 3.3-V LVTTL  ; 0 s                 ; 0 s                 ; 3.08 V                       ; 3.35e-07 V                   ; 3.14 V              ; -0.258 V            ; 0.13 V                               ; 0.399 V                              ; 4.27e-10 s                  ; 1.5e-10 s                   ; Yes                        ; No                         ; 3.08 V                      ; 3.35e-07 V                  ; 3.14 V             ; -0.258 V           ; 0.13 V                              ; 0.399 V                             ; 4.27e-10 s                 ; 1.5e-10 s                  ; Yes                       ; No                        ;
; VGA_CLK     ; 3.3-V LVTTL  ; 0 s                 ; 0 s                 ; 3.08 V                       ; 3.35e-07 V                   ; 3.14 V              ; -0.258 V            ; 0.13 V                               ; 0.399 V                              ; 4.27e-10 s                  ; 1.5e-10 s                   ; Yes                        ; No                         ; 3.08 V                      ; 3.35e-07 V                  ; 3.14 V             ; -0.258 V           ; 0.13 V                              ; 0.399 V                             ; 4.27e-10 s                 ; 1.5e-10 s                  ; Yes                       ; No                        ;
+-------------+--------------+---------------------+---------------------+------------------------------+------------------------------+---------------------+---------------------+--------------------------------------+--------------------------------------+-----------------------------+-----------------------------+----------------------------+----------------------------+-----------------------------+-----------------------------+--------------------+--------------------+-------------------------------------+-------------------------------------+----------------------------+----------------------------+---------------------------+---------------------------+


+------------------------------------------------------------------------------------------------------------------------------------------------------------------------------------------------------------------------------------------------------------------------------------------------------------------------------------------------------------------------------------------------------------------------------------------------------------------------------------------------------------------------------------------------------------------------------------------------------------------------------------------------------------------------------------------+
; Signal Integrity Metrics (Slow 1100mv 85c Model)                                                                                                                                                                                                                                                                                                                                                                                                                                                                                                                                                                                                                                         ;
+-------------+--------------+---------------------+---------------------+------------------------------+------------------------------+---------------------+---------------------+--------------------------------------+--------------------------------------+-----------------------------+-----------------------------+----------------------------+----------------------------+-----------------------------+-----------------------------+--------------------+--------------------+-------------------------------------+-------------------------------------+----------------------------+----------------------------+---------------------------+---------------------------+
; Pin         ; I/O Standard ; Board Delay on Rise ; Board Delay on Fall ; Steady State Voh at FPGA Pin ; Steady State Vol at FPGA Pin ; Voh Max at FPGA Pin ; Vol Min at FPGA Pin ; Ringback Voltage on Rise at FPGA Pin ; Ringback Voltage on Fall at FPGA Pin ; 10-90 Rise Time at FPGA Pin ; 90-10 Fall Time at FPGA Pin ; Monotonic Rise at FPGA Pin ; Monotonic Fall at FPGA Pin ; Steady State Voh at Far-end ; Steady State Vol at Far-end ; Voh Max at Far-end ; Vol Min at Far-end ; Ringback Voltage on Rise at Far-end ; Ringback Voltage on Fall at Far-end ; 10-90 Rise Time at Far-end ; 90-10 Fall Time at Far-end ; Monotonic Rise at Far-end ; Monotonic Fall at Far-end ;
+-------------+--------------+---------------------+---------------------+------------------------------+------------------------------+---------------------+---------------------+--------------------------------------+--------------------------------------+-----------------------------+-----------------------------+----------------------------+----------------------------+-----------------------------+-----------------------------+--------------------+--------------------+-------------------------------------+-------------------------------------+----------------------------+----------------------------+---------------------------+---------------------------+
; LEDR[0]     ; 3.3-V LVTTL  ; 0 s                 ; 0 s                 ; 3.08 V                       ; 3.32e-05 V                   ; 3.09 V              ; -0.11 V             ; 0.031 V                              ; 0.155 V                              ; 5.43e-10 s                  ; 3.14e-10 s                  ; Yes                        ; Yes                        ; 3.08 V                      ; 3.32e-05 V                  ; 3.09 V             ; -0.11 V            ; 0.031 V                             ; 0.155 V                             ; 5.43e-10 s                 ; 3.14e-10 s                 ; Yes                       ; Yes                       ;
; LEDR[1]     ; 3.3-V LVTTL  ; 0 s                 ; 0 s                 ; 3.08 V                       ; 2.61e-05 V                   ; 3.09 V              ; -0.0638 V           ; 0.034 V                              ; 0.099 V                              ; 5.12e-10 s                  ; 2.97e-10 s                  ; Yes                        ; Yes                        ; 3.08 V                      ; 2.61e-05 V                  ; 3.09 V             ; -0.0638 V          ; 0.034 V                             ; 0.099 V                             ; 5.12e-10 s                 ; 2.97e-10 s                 ; Yes                       ; Yes                       ;
; LEDR[2]     ; 3.3-V LVTTL  ; 0 s                 ; 0 s                 ; 3.08 V                       ; 3.32e-05 V                   ; 3.09 V              ; -0.11 V             ; 0.031 V                              ; 0.155 V                              ; 5.43e-10 s                  ; 3.14e-10 s                  ; Yes                        ; Yes                        ; 3.08 V                      ; 3.32e-05 V                  ; 3.09 V             ; -0.11 V            ; 0.031 V                             ; 0.155 V                             ; 5.43e-10 s                 ; 3.14e-10 s                 ; Yes                       ; Yes                       ;
; LEDR[3]     ; 3.3-V LVTTL  ; 0 s                 ; 0 s                 ; 3.08 V                       ; 3.32e-05 V                   ; 3.09 V              ; -0.11 V             ; 0.031 V                              ; 0.155 V                              ; 5.43e-10 s                  ; 3.14e-10 s                  ; Yes                        ; Yes                        ; 3.08 V                      ; 3.32e-05 V                  ; 3.09 V             ; -0.11 V            ; 0.031 V                             ; 0.155 V                             ; 5.43e-10 s                 ; 3.14e-10 s                 ; Yes                       ; Yes                       ;
; LEDR[4]     ; 3.3-V LVTTL  ; 0 s                 ; 0 s                 ; 3.08 V                       ; 2.61e-05 V                   ; 3.09 V              ; -0.0638 V           ; 0.034 V                              ; 0.099 V                              ; 5.12e-10 s                  ; 2.97e-10 s                  ; Yes                        ; Yes                        ; 3.08 V                      ; 2.61e-05 V                  ; 3.09 V             ; -0.0638 V          ; 0.034 V                             ; 0.099 V                             ; 5.12e-10 s                 ; 2.97e-10 s                 ; Yes                       ; Yes                       ;
; LEDR[5]     ; 3.3-V LVTTL  ; 0 s                 ; 0 s                 ; 3.08 V                       ; 2.61e-05 V                   ; 3.09 V              ; -0.0638 V           ; 0.034 V                              ; 0.099 V                              ; 5.12e-10 s                  ; 2.97e-10 s                  ; Yes                        ; Yes                        ; 3.08 V                      ; 2.61e-05 V                  ; 3.09 V             ; -0.0638 V          ; 0.034 V                             ; 0.099 V                             ; 5.12e-10 s                 ; 2.97e-10 s                 ; Yes                       ; Yes                       ;
; LEDR[6]     ; 3.3-V LVTTL  ; 0 s                 ; 0 s                 ; 3.08 V                       ; 3.32e-05 V                   ; 3.09 V              ; -0.11 V             ; 0.031 V                              ; 0.155 V                              ; 5.43e-10 s                  ; 3.14e-10 s                  ; Yes                        ; Yes                        ; 3.08 V                      ; 3.32e-05 V                  ; 3.09 V             ; -0.11 V            ; 0.031 V                             ; 0.155 V                             ; 5.43e-10 s                 ; 3.14e-10 s                 ; Yes                       ; Yes                       ;
; LEDR[7]     ; 3.3-V LVTTL  ; 0 s                 ; 0 s                 ; 3.08 V                       ; 3.32e-05 V                   ; 3.09 V              ; -0.11 V             ; 0.031 V                              ; 0.155 V                              ; 5.43e-10 s                  ; 3.14e-10 s                  ; Yes                        ; Yes                        ; 3.08 V                      ; 3.32e-05 V                  ; 3.09 V             ; -0.11 V            ; 0.031 V                             ; 0.155 V                             ; 5.43e-10 s                 ; 3.14e-10 s                 ; Yes                       ; Yes                       ;
; LEDR[8]     ; 3.3-V LVTTL  ; 0 s                 ; 0 s                 ; 3.08 V                       ; 3.32e-05 V                   ; 3.09 V              ; -0.11 V             ; 0.031 V                              ; 0.155 V                              ; 5.43e-10 s                  ; 3.14e-10 s                  ; Yes                        ; Yes                        ; 3.08 V                      ; 3.32e-05 V                  ; 3.09 V             ; -0.11 V            ; 0.031 V                             ; 0.155 V                             ; 5.43e-10 s                 ; 3.14e-10 s                 ; Yes                       ; Yes                       ;
; LEDR[9]     ; 3.3-V LVTTL  ; 0 s                 ; 0 s                 ; 3.08 V                       ; 2.61e-05 V                   ; 3.09 V              ; -0.0638 V           ; 0.034 V                              ; 0.099 V                              ; 5.12e-10 s                  ; 2.97e-10 s                  ; Yes                        ; Yes                        ; 3.08 V                      ; 2.61e-05 V                  ; 3.09 V             ; -0.0638 V          ; 0.034 V                             ; 0.099 V                             ; 5.12e-10 s                 ; 2.97e-10 s                 ; Yes                       ; Yes                       ;
; VGA_HS      ; 3.3-V LVTTL  ; 0 s                 ; 0 s                 ; 3.08 V                       ; 3.19e-05 V                   ; 3.1 V               ; -0.136 V            ; 0.025 V                              ; 0.167 V                              ; 4.92e-10 s                  ; 3.12e-10 s                  ; Yes                        ; No                         ; 3.08 V                      ; 3.19e-05 V                  ; 3.1 V              ; -0.136 V           ; 0.025 V                             ; 0.167 V                             ; 4.92e-10 s                 ; 3.12e-10 s                 ; Yes                       ; No                        ;
; VGA_VS      ; 3.3-V LVTTL  ; 0 s                 ; 0 s                 ; 3.08 V                       ; 3.32e-05 V                   ; 3.09 V              ; -0.11 V             ; 0.031 V                              ; 0.155 V                              ; 5.43e-10 s                  ; 3.14e-10 s                  ; Yes                        ; Yes                        ; 3.08 V                      ; 3.32e-05 V                  ; 3.09 V             ; -0.11 V            ; 0.031 V                             ; 0.155 V                             ; 5.43e-10 s                 ; 3.14e-10 s                 ; Yes                       ; Yes                       ;
; VGA_R[0]    ; 3.3-V LVTTL  ; 0 s                 ; 0 s                 ; 3.08 V                       ; 3.19e-05 V                   ; 3.1 V               ; -0.136 V            ; 0.025 V                              ; 0.167 V                              ; 4.92e-10 s                  ; 3.12e-10 s                  ; Yes                        ; No                         ; 3.08 V                      ; 3.19e-05 V                  ; 3.1 V              ; -0.136 V           ; 0.025 V                             ; 0.167 V                             ; 4.92e-10 s                 ; 3.12e-10 s                 ; Yes                       ; No                        ;
; VGA_R[1]    ; 3.3-V LVTTL  ; 0 s                 ; 0 s                 ; 3.08 V                       ; 3.32e-05 V                   ; 3.09 V              ; -0.11 V             ; 0.031 V                              ; 0.155 V                              ; 5.43e-10 s                  ; 3.14e-10 s                  ; Yes                        ; Yes                        ; 3.08 V                      ; 3.32e-05 V                  ; 3.09 V             ; -0.11 V            ; 0.031 V                             ; 0.155 V                             ; 5.43e-10 s                 ; 3.14e-10 s                 ; Yes                       ; Yes                       ;
; VGA_R[2]    ; 3.3-V LVTTL  ; 0 s                 ; 0 s                 ; 3.08 V                       ; 2.61e-05 V                   ; 3.09 V              ; -0.0638 V           ; 0.034 V                              ; 0.099 V                              ; 5.12e-10 s                  ; 2.97e-10 s                  ; Yes                        ; Yes                        ; 3.08 V                      ; 2.61e-05 V                  ; 3.09 V             ; -0.0638 V          ; 0.034 V                             ; 0.099 V                             ; 5.12e-10 s                 ; 2.97e-10 s                 ; Yes                       ; Yes                       ;
; VGA_R[3]    ; 3.3-V LVTTL  ; 0 s                 ; 0 s                 ; 3.08 V                       ; 2.61e-05 V                   ; 3.09 V              ; -0.0638 V           ; 0.034 V                              ; 0.099 V                              ; 5.12e-10 s                  ; 2.97e-10 s                  ; Yes                        ; Yes                        ; 3.08 V                      ; 2.61e-05 V                  ; 3.09 V             ; -0.0638 V          ; 0.034 V                             ; 0.099 V                             ; 5.12e-10 s                 ; 2.97e-10 s                 ; Yes                       ; Yes                       ;
; VGA_R[4]    ; 3.3-V LVTTL  ; 0 s                 ; 0 s                 ; 3.08 V                       ; 3.19e-05 V                   ; 3.1 V               ; -0.133 V            ; 0.025 V                              ; 0.169 V                              ; 4.92e-10 s                  ; 3.13e-10 s                  ; Yes                        ; No                         ; 3.08 V                      ; 3.19e-05 V                  ; 3.1 V              ; -0.133 V           ; 0.025 V                             ; 0.169 V                             ; 4.92e-10 s                 ; 3.13e-10 s                 ; Yes                       ; No                        ;
; VGA_R[5]    ; 3.3-V LVTTL  ; 0 s                 ; 0 s                 ; 3.08 V                       ; 2.61e-05 V                   ; 3.09 V              ; -0.0638 V           ; 0.034 V                              ; 0.099 V                              ; 5.12e-10 s                  ; 2.97e-10 s                  ; Yes                        ; Yes                        ; 3.08 V                      ; 2.61e-05 V                  ; 3.09 V             ; -0.0638 V          ; 0.034 V                             ; 0.099 V                             ; 5.12e-10 s                 ; 2.97e-10 s                 ; Yes                       ; Yes                       ;
; VGA_R[6]    ; 3.3-V LVTTL  ; 0 s                 ; 0 s                 ; 3.08 V                       ; 3.32e-05 V                   ; 3.09 V              ; -0.11 V             ; 0.031 V                              ; 0.155 V                              ; 5.43e-10 s                  ; 3.14e-10 s                  ; Yes                        ; Yes                        ; 3.08 V                      ; 3.32e-05 V                  ; 3.09 V             ; -0.11 V            ; 0.031 V                             ; 0.155 V                             ; 5.43e-10 s                 ; 3.14e-10 s                 ; Yes                       ; Yes                       ;
; VGA_R[7]    ; 3.3-V LVTTL  ; 0 s                 ; 0 s                 ; 3.08 V                       ; 3.32e-05 V                   ; 3.09 V              ; -0.11 V             ; 0.031 V                              ; 0.155 V                              ; 5.43e-10 s                  ; 3.14e-10 s                  ; Yes                        ; Yes                        ; 3.08 V                      ; 3.32e-05 V                  ; 3.09 V             ; -0.11 V            ; 0.031 V                             ; 0.155 V                             ; 5.43e-10 s                 ; 3.14e-10 s                 ; Yes                       ; Yes                       ;
; VGA_G[0]    ; 3.3-V LVTTL  ; 0 s                 ; 0 s                 ; 3.08 V                       ; 2.61e-05 V                   ; 3.09 V              ; -0.0638 V           ; 0.034 V                              ; 0.099 V                              ; 5.12e-10 s                  ; 2.97e-10 s                  ; Yes                        ; Yes                        ; 3.08 V                      ; 2.61e-05 V                  ; 3.09 V             ; -0.0638 V          ; 0.034 V                             ; 0.099 V                             ; 5.12e-10 s                 ; 2.97e-10 s                 ; Yes                       ; Yes                       ;
; VGA_G[1]    ; 3.3-V LVTTL  ; 0 s                 ; 0 s                 ; 3.08 V                       ; 3.32e-05 V                   ; 3.09 V              ; -0.11 V             ; 0.031 V                              ; 0.155 V                              ; 5.43e-10 s                  ; 3.14e-10 s                  ; Yes                        ; Yes                        ; 3.08 V                      ; 3.32e-05 V                  ; 3.09 V             ; -0.11 V            ; 0.031 V                             ; 0.155 V                             ; 5.43e-10 s                 ; 3.14e-10 s                 ; Yes                       ; Yes                       ;
; VGA_G[2]    ; 3.3-V LVTTL  ; 0 s                 ; 0 s                 ; 3.08 V                       ; 2.61e-05 V                   ; 3.09 V              ; -0.0638 V           ; 0.034 V                              ; 0.099 V                              ; 5.12e-10 s                  ; 2.97e-10 s                  ; Yes                        ; Yes                        ; 3.08 V                      ; 2.61e-05 V                  ; 3.09 V             ; -0.0638 V          ; 0.034 V                             ; 0.099 V                             ; 5.12e-10 s                 ; 2.97e-10 s                 ; Yes                       ; Yes                       ;
; VGA_G[3]    ; 3.3-V LVTTL  ; 0 s                 ; 0 s                 ; 3.08 V                       ; 3.32e-05 V                   ; 3.09 V              ; -0.11 V             ; 0.031 V                              ; 0.155 V                              ; 5.43e-10 s                  ; 3.14e-10 s                  ; Yes                        ; Yes                        ; 3.08 V                      ; 3.32e-05 V                  ; 3.09 V             ; -0.11 V            ; 0.031 V                             ; 0.155 V                             ; 5.43e-10 s                 ; 3.14e-10 s                 ; Yes                       ; Yes                       ;
; VGA_G[4]    ; 3.3-V LVTTL  ; 0 s                 ; 0 s                 ; 3.08 V                       ; 2.61e-05 V                   ; 3.09 V              ; -0.0638 V           ; 0.034 V                              ; 0.099 V                              ; 5.12e-10 s                  ; 2.97e-10 s                  ; Yes                        ; Yes                        ; 3.08 V                      ; 2.61e-05 V                  ; 3.09 V             ; -0.0638 V          ; 0.034 V                             ; 0.099 V                             ; 5.12e-10 s                 ; 2.97e-10 s                 ; Yes                       ; Yes                       ;
; VGA_G[5]    ; 3.3-V LVTTL  ; 0 s                 ; 0 s                 ; 3.08 V                       ; 3.32e-05 V                   ; 3.09 V              ; -0.11 V             ; 0.031 V                              ; 0.155 V                              ; 5.43e-10 s                  ; 3.14e-10 s                  ; Yes                        ; Yes                        ; 3.08 V                      ; 3.32e-05 V                  ; 3.09 V             ; -0.11 V            ; 0.031 V                             ; 0.155 V                             ; 5.43e-10 s                 ; 3.14e-10 s                 ; Yes                       ; Yes                       ;
; VGA_G[6]    ; 3.3-V LVTTL  ; 0 s                 ; 0 s                 ; 3.08 V                       ; 3.32e-05 V                   ; 3.09 V              ; -0.11 V             ; 0.031 V                              ; 0.155 V                              ; 5.43e-10 s                  ; 3.14e-10 s                  ; Yes                        ; Yes                        ; 3.08 V                      ; 3.32e-05 V                  ; 3.09 V             ; -0.11 V            ; 0.031 V                             ; 0.155 V                             ; 5.43e-10 s                 ; 3.14e-10 s                 ; Yes                       ; Yes                       ;
; VGA_G[7]    ; 3.3-V LVTTL  ; 0 s                 ; 0 s                 ; 3.08 V                       ; 2.61e-05 V                   ; 3.09 V              ; -0.0638 V           ; 0.034 V                              ; 0.099 V                              ; 5.12e-10 s                  ; 2.97e-10 s                  ; Yes                        ; Yes                        ; 3.08 V                      ; 2.61e-05 V                  ; 3.09 V             ; -0.0638 V          ; 0.034 V                             ; 0.099 V                             ; 5.12e-10 s                 ; 2.97e-10 s                 ; Yes                       ; Yes                       ;
; VGA_B[0]    ; 3.3-V LVTTL  ; 0 s                 ; 0 s                 ; 3.08 V                       ; 3.19e-05 V                   ; 3.1 V               ; -0.133 V            ; 0.025 V                              ; 0.169 V                              ; 4.92e-10 s                  ; 3.13e-10 s                  ; Yes                        ; No                         ; 3.08 V                      ; 3.19e-05 V                  ; 3.1 V              ; -0.133 V           ; 0.025 V                             ; 0.169 V                             ; 4.92e-10 s                 ; 3.13e-10 s                 ; Yes                       ; No                        ;
; VGA_B[1]    ; 3.3-V LVTTL  ; 0 s                 ; 0 s                 ; 3.08 V                       ; 2.61e-05 V                   ; 3.09 V              ; -0.0638 V           ; 0.034 V                              ; 0.099 V                              ; 5.12e-10 s                  ; 2.97e-10 s                  ; Yes                        ; Yes                        ; 3.08 V                      ; 2.61e-05 V                  ; 3.09 V             ; -0.0638 V          ; 0.034 V                             ; 0.099 V                             ; 5.12e-10 s                 ; 2.97e-10 s                 ; Yes                       ; Yes                       ;
; VGA_B[2]    ; 3.3-V LVTTL  ; 0 s                 ; 0 s                 ; 3.08 V                       ; 3.32e-05 V                   ; 3.09 V              ; -0.11 V             ; 0.031 V                              ; 0.155 V                              ; 5.43e-10 s                  ; 3.14e-10 s                  ; Yes                        ; Yes                        ; 3.08 V                      ; 3.32e-05 V                  ; 3.09 V             ; -0.11 V            ; 0.031 V                             ; 0.155 V                             ; 5.43e-10 s                 ; 3.14e-10 s                 ; Yes                       ; Yes                       ;
; VGA_B[3]    ; 3.3-V LVTTL  ; 0 s                 ; 0 s                 ; 3.08 V                       ; 2.61e-05 V                   ; 3.09 V              ; -0.0638 V           ; 0.034 V                              ; 0.099 V                              ; 5.12e-10 s                  ; 2.97e-10 s                  ; Yes                        ; Yes                        ; 3.08 V                      ; 2.61e-05 V                  ; 3.09 V             ; -0.0638 V          ; 0.034 V                             ; 0.099 V                             ; 5.12e-10 s                 ; 2.97e-10 s                 ; Yes                       ; Yes                       ;
; VGA_B[4]    ; 3.3-V LVTTL  ; 0 s                 ; 0 s                 ; 3.08 V                       ; 3.32e-05 V                   ; 3.09 V              ; -0.11 V             ; 0.031 V                              ; 0.155 V                              ; 5.43e-10 s                  ; 3.14e-10 s                  ; Yes                        ; Yes                        ; 3.08 V                      ; 3.32e-05 V                  ; 3.09 V             ; -0.11 V            ; 0.031 V                             ; 0.155 V                             ; 5.43e-10 s                 ; 3.14e-10 s                 ; Yes                       ; Yes                       ;
; VGA_B[5]    ; 3.3-V LVTTL  ; 0 s                 ; 0 s                 ; 3.08 V                       ; 3.32e-05 V                   ; 3.09 V              ; -0.11 V             ; 0.031 V                              ; 0.155 V                              ; 5.43e-10 s                  ; 3.14e-10 s                  ; Yes                        ; Yes                        ; 3.08 V                      ; 3.32e-05 V                  ; 3.09 V             ; -0.11 V            ; 0.031 V                             ; 0.155 V                             ; 5.43e-10 s                 ; 3.14e-10 s                 ; Yes                       ; Yes                       ;
; VGA_B[6]    ; 3.3-V LVTTL  ; 0 s                 ; 0 s                 ; 3.08 V                       ; 2.61e-05 V                   ; 3.09 V              ; -0.0638 V           ; 0.034 V                              ; 0.099 V                              ; 5.12e-10 s                  ; 2.97e-10 s                  ; Yes                        ; Yes                        ; 3.08 V                      ; 2.61e-05 V                  ; 3.09 V             ; -0.0638 V          ; 0.034 V                             ; 0.099 V                             ; 5.12e-10 s                 ; 2.97e-10 s                 ; Yes                       ; Yes                       ;
; VGA_B[7]    ; 3.3-V LVTTL  ; 0 s                 ; 0 s                 ; 3.08 V                       ; 2.61e-05 V                   ; 3.09 V              ; -0.0638 V           ; 0.034 V                              ; 0.099 V                              ; 5.12e-10 s                  ; 2.97e-10 s                  ; Yes                        ; Yes                        ; 3.08 V                      ; 2.61e-05 V                  ; 3.09 V             ; -0.0638 V          ; 0.034 V                             ; 0.099 V                             ; 5.12e-10 s                 ; 2.97e-10 s                 ; Yes                       ; Yes                       ;
; VGA_BLANK_N ; 3.3-V LVTTL  ; 0 s                 ; 0 s                 ; 3.08 V                       ; 2.61e-05 V                   ; 3.09 V              ; -0.0638 V           ; 0.034 V                              ; 0.099 V                              ; 5.12e-10 s                  ; 2.97e-10 s                  ; Yes                        ; Yes                        ; 3.08 V                      ; 2.61e-05 V                  ; 3.09 V             ; -0.0638 V          ; 0.034 V                             ; 0.099 V                             ; 5.12e-10 s                 ; 2.97e-10 s                 ; Yes                       ; Yes                       ;
; VGA_SYNC_N  ; 3.3-V LVTTL  ; 0 s                 ; 0 s                 ; 3.08 V                       ; 3.19e-05 V                   ; 3.1 V               ; -0.133 V            ; 0.025 V                              ; 0.169 V                              ; 4.92e-10 s                  ; 3.13e-10 s                  ; Yes                        ; No                         ; 3.08 V                      ; 3.19e-05 V                  ; 3.1 V              ; -0.133 V           ; 0.025 V                             ; 0.169 V                             ; 4.92e-10 s                 ; 3.13e-10 s                 ; Yes                       ; No                        ;
; VGA_CLK     ; 3.3-V LVTTL  ; 0 s                 ; 0 s                 ; 3.08 V                       ; 3.19e-05 V                   ; 3.1 V               ; -0.133 V            ; 0.025 V                              ; 0.169 V                              ; 4.92e-10 s                  ; 3.13e-10 s                  ; Yes                        ; No                         ; 3.08 V                      ; 3.19e-05 V                  ; 3.1 V              ; -0.133 V           ; 0.025 V                             ; 0.169 V                             ; 4.92e-10 s                 ; 3.13e-10 s                 ; Yes                       ; No                        ;
+-------------+--------------+---------------------+---------------------+------------------------------+------------------------------+---------------------+---------------------+--------------------------------------+--------------------------------------+-----------------------------+-----------------------------+----------------------------+----------------------------+-----------------------------+-----------------------------+--------------------+--------------------+-------------------------------------+-------------------------------------+----------------------------+----------------------------+---------------------------+---------------------------+


+------------------------------------------------------------------------------------------------------------------------------------------------------------------------------------------------------------------------------------------------------------------------------------------------------------------------------------------------------------------------------------------------------------------------------------------------------------------------------------------------------------------------------------------------------------------------------------------------------------------------------------------------------------------------------------------+
; Signal Integrity Metrics (Fast 1100mv 0c Model)                                                                                                                                                                                                                                                                                                                                                                                                                                                                                                                                                                                                                                          ;
+-------------+--------------+---------------------+---------------------+------------------------------+------------------------------+---------------------+---------------------+--------------------------------------+--------------------------------------+-----------------------------+-----------------------------+----------------------------+----------------------------+-----------------------------+-----------------------------+--------------------+--------------------+-------------------------------------+-------------------------------------+----------------------------+----------------------------+---------------------------+---------------------------+
; Pin         ; I/O Standard ; Board Delay on Rise ; Board Delay on Fall ; Steady State Voh at FPGA Pin ; Steady State Vol at FPGA Pin ; Voh Max at FPGA Pin ; Vol Min at FPGA Pin ; Ringback Voltage on Rise at FPGA Pin ; Ringback Voltage on Fall at FPGA Pin ; 10-90 Rise Time at FPGA Pin ; 90-10 Fall Time at FPGA Pin ; Monotonic Rise at FPGA Pin ; Monotonic Fall at FPGA Pin ; Steady State Voh at Far-end ; Steady State Vol at Far-end ; Voh Max at Far-end ; Vol Min at Far-end ; Ringback Voltage on Rise at Far-end ; Ringback Voltage on Fall at Far-end ; 10-90 Rise Time at Far-end ; 90-10 Fall Time at Far-end ; Monotonic Rise at Far-end ; Monotonic Fall at Far-end ;
+-------------+--------------+---------------------+---------------------+------------------------------+------------------------------+---------------------+---------------------+--------------------------------------+--------------------------------------+-----------------------------+-----------------------------+----------------------------+----------------------------+-----------------------------+-----------------------------+--------------------+--------------------+-------------------------------------+-------------------------------------+----------------------------+----------------------------+---------------------------+---------------------------+
; LEDR[0]     ; 3.3-V LVTTL  ; 0 s                 ; 0 s                 ; 3.63 V                       ; 4.94e-06 V                   ; 3.69 V              ; -0.414 V            ; 0.134 V                              ; 0.585 V                              ; 4.19e-10 s                  ; 1.53e-10 s                  ; Yes                        ; No                         ; 3.63 V                      ; 4.94e-06 V                  ; 3.69 V             ; -0.414 V           ; 0.134 V                             ; 0.585 V                             ; 4.19e-10 s                 ; 1.53e-10 s                 ; Yes                       ; No                        ;
; LEDR[1]     ; 3.3-V LVTTL  ; 0 s                 ; 0 s                 ; 3.63 V                       ; 3.63e-06 V                   ; 3.64 V              ; -0.326 V            ; 0.091 V                              ; 0.479 V                              ; 3.83e-10 s                  ; 1.5e-10 s                   ; Yes                        ; No                         ; 3.63 V                      ; 3.63e-06 V                  ; 3.64 V             ; -0.326 V           ; 0.091 V                             ; 0.479 V                             ; 3.83e-10 s                 ; 1.5e-10 s                  ; Yes                       ; No                        ;
; LEDR[2]     ; 3.3-V LVTTL  ; 0 s                 ; 0 s                 ; 3.63 V                       ; 4.94e-06 V                   ; 3.69 V              ; -0.414 V            ; 0.134 V                              ; 0.585 V                              ; 4.19e-10 s                  ; 1.53e-10 s                  ; Yes                        ; No                         ; 3.63 V                      ; 4.94e-06 V                  ; 3.69 V             ; -0.414 V           ; 0.134 V                             ; 0.585 V                             ; 4.19e-10 s                 ; 1.53e-10 s                 ; Yes                       ; No                        ;
; LEDR[3]     ; 3.3-V LVTTL  ; 0 s                 ; 0 s                 ; 3.63 V                       ; 4.94e-06 V                   ; 3.69 V              ; -0.414 V            ; 0.134 V                              ; 0.585 V                              ; 4.19e-10 s                  ; 1.53e-10 s                  ; Yes                        ; No                         ; 3.63 V                      ; 4.94e-06 V                  ; 3.69 V             ; -0.414 V           ; 0.134 V                             ; 0.585 V                             ; 4.19e-10 s                 ; 1.53e-10 s                 ; Yes                       ; No                        ;
; LEDR[4]     ; 3.3-V LVTTL  ; 0 s                 ; 0 s                 ; 3.63 V                       ; 3.63e-06 V                   ; 3.64 V              ; -0.326 V            ; 0.091 V                              ; 0.479 V                              ; 3.83e-10 s                  ; 1.5e-10 s                   ; Yes                        ; No                         ; 3.63 V                      ; 3.63e-06 V                  ; 3.64 V             ; -0.326 V           ; 0.091 V                             ; 0.479 V                             ; 3.83e-10 s                 ; 1.5e-10 s                  ; Yes                       ; No                        ;
; LEDR[5]     ; 3.3-V LVTTL  ; 0 s                 ; 0 s                 ; 3.63 V                       ; 3.63e-06 V                   ; 3.64 V              ; -0.326 V            ; 0.091 V                              ; 0.479 V                              ; 3.83e-10 s                  ; 1.5e-10 s                   ; Yes                        ; No                         ; 3.63 V                      ; 3.63e-06 V                  ; 3.64 V             ; -0.326 V           ; 0.091 V                             ; 0.479 V                             ; 3.83e-10 s                 ; 1.5e-10 s                  ; Yes                       ; No                        ;
; LEDR[6]     ; 3.3-V LVTTL  ; 0 s                 ; 0 s                 ; 3.63 V                       ; 4.94e-06 V                   ; 3.69 V              ; -0.414 V            ; 0.134 V                              ; 0.585 V                              ; 4.19e-10 s                  ; 1.53e-10 s                  ; Yes                        ; No                         ; 3.63 V                      ; 4.94e-06 V                  ; 3.69 V             ; -0.414 V           ; 0.134 V                             ; 0.585 V                             ; 4.19e-10 s                 ; 1.53e-10 s                 ; Yes                       ; No                        ;
; LEDR[7]     ; 3.3-V LVTTL  ; 0 s                 ; 0 s                 ; 3.63 V                       ; 4.94e-06 V                   ; 3.69 V              ; -0.414 V            ; 0.134 V                              ; 0.585 V                              ; 4.19e-10 s                  ; 1.53e-10 s                  ; Yes                        ; No                         ; 3.63 V                      ; 4.94e-06 V                  ; 3.69 V             ; -0.414 V           ; 0.134 V                             ; 0.585 V                             ; 4.19e-10 s                 ; 1.53e-10 s                 ; Yes                       ; No                        ;
; LEDR[8]     ; 3.3-V LVTTL  ; 0 s                 ; 0 s                 ; 3.63 V                       ; 4.94e-06 V                   ; 3.69 V              ; -0.414 V            ; 0.134 V                              ; 0.585 V                              ; 4.19e-10 s                  ; 1.53e-10 s                  ; Yes                        ; No                         ; 3.63 V                      ; 4.94e-06 V                  ; 3.69 V             ; -0.414 V           ; 0.134 V                             ; 0.585 V                             ; 4.19e-10 s                 ; 1.53e-10 s                 ; Yes                       ; No                        ;
; LEDR[9]     ; 3.3-V LVTTL  ; 0 s                 ; 0 s                 ; 3.63 V                       ; 3.63e-06 V                   ; 3.64 V              ; -0.326 V            ; 0.091 V                              ; 0.479 V                              ; 3.83e-10 s                  ; 1.5e-10 s                   ; Yes                        ; No                         ; 3.63 V                      ; 3.63e-06 V                  ; 3.64 V             ; -0.326 V           ; 0.091 V                             ; 0.479 V                             ; 3.83e-10 s                 ; 1.5e-10 s                  ; Yes                       ; No                        ;
; VGA_HS      ; 3.3-V LVTTL  ; 0 s                 ; 0 s                 ; 3.63 V                       ; 4.72e-06 V                   ; 3.7 V               ; -0.49 V             ; 0.117 V                              ; 0.621 V                              ; 3.84e-10 s                  ; 1.48e-10 s                  ; Yes                        ; No                         ; 3.63 V                      ; 4.72e-06 V                  ; 3.7 V              ; -0.49 V            ; 0.117 V                             ; 0.621 V                             ; 3.84e-10 s                 ; 1.48e-10 s                 ; Yes                       ; No                        ;
; VGA_VS      ; 3.3-V LVTTL  ; 0 s                 ; 0 s                 ; 3.63 V                       ; 4.94e-06 V                   ; 3.69 V              ; -0.414 V            ; 0.134 V                              ; 0.585 V                              ; 4.19e-10 s                  ; 1.53e-10 s                  ; Yes                        ; No                         ; 3.63 V                      ; 4.94e-06 V                  ; 3.69 V             ; -0.414 V           ; 0.134 V                             ; 0.585 V                             ; 4.19e-10 s                 ; 1.53e-10 s                 ; Yes                       ; No                        ;
; VGA_R[0]    ; 3.3-V LVTTL  ; 0 s                 ; 0 s                 ; 3.63 V                       ; 4.72e-06 V                   ; 3.7 V               ; -0.49 V             ; 0.117 V                              ; 0.621 V                              ; 3.84e-10 s                  ; 1.48e-10 s                  ; Yes                        ; No                         ; 3.63 V                      ; 4.72e-06 V                  ; 3.7 V              ; -0.49 V            ; 0.117 V                             ; 0.621 V                             ; 3.84e-10 s                 ; 1.48e-10 s                 ; Yes                       ; No                        ;
; VGA_R[1]    ; 3.3-V LVTTL  ; 0 s                 ; 0 s                 ; 3.63 V                       ; 4.94e-06 V                   ; 3.69 V              ; -0.414 V            ; 0.134 V                              ; 0.585 V                              ; 4.19e-10 s                  ; 1.53e-10 s                  ; Yes                        ; No                         ; 3.63 V                      ; 4.94e-06 V                  ; 3.69 V             ; -0.414 V           ; 0.134 V                             ; 0.585 V                             ; 4.19e-10 s                 ; 1.53e-10 s                 ; Yes                       ; No                        ;
; VGA_R[2]    ; 3.3-V LVTTL  ; 0 s                 ; 0 s                 ; 3.63 V                       ; 3.63e-06 V                   ; 3.64 V              ; -0.326 V            ; 0.091 V                              ; 0.479 V                              ; 3.83e-10 s                  ; 1.5e-10 s                   ; Yes                        ; No                         ; 3.63 V                      ; 3.63e-06 V                  ; 3.64 V             ; -0.326 V           ; 0.091 V                             ; 0.479 V                             ; 3.83e-10 s                 ; 1.5e-10 s                  ; Yes                       ; No                        ;
; VGA_R[3]    ; 3.3-V LVTTL  ; 0 s                 ; 0 s                 ; 3.63 V                       ; 3.63e-06 V                   ; 3.64 V              ; -0.326 V            ; 0.091 V                              ; 0.479 V                              ; 3.83e-10 s                  ; 1.5e-10 s                   ; Yes                        ; No                         ; 3.63 V                      ; 3.63e-06 V                  ; 3.64 V             ; -0.326 V           ; 0.091 V                             ; 0.479 V                             ; 3.83e-10 s                 ; 1.5e-10 s                  ; Yes                       ; No                        ;
; VGA_R[4]    ; 3.3-V LVTTL  ; 0 s                 ; 0 s                 ; 3.63 V                       ; 4.72e-06 V                   ; 3.7 V               ; -0.49 V             ; 0.117 V                              ; 0.622 V                              ; 3.84e-10 s                  ; 1.48e-10 s                  ; Yes                        ; No                         ; 3.63 V                      ; 4.72e-06 V                  ; 3.7 V              ; -0.49 V            ; 0.117 V                             ; 0.622 V                             ; 3.84e-10 s                 ; 1.48e-10 s                 ; Yes                       ; No                        ;
; VGA_R[5]    ; 3.3-V LVTTL  ; 0 s                 ; 0 s                 ; 3.63 V                       ; 3.63e-06 V                   ; 3.64 V              ; -0.326 V            ; 0.091 V                              ; 0.479 V                              ; 3.83e-10 s                  ; 1.5e-10 s                   ; Yes                        ; No                         ; 3.63 V                      ; 3.63e-06 V                  ; 3.64 V             ; -0.326 V           ; 0.091 V                             ; 0.479 V                             ; 3.83e-10 s                 ; 1.5e-10 s                  ; Yes                       ; No                        ;
; VGA_R[6]    ; 3.3-V LVTTL  ; 0 s                 ; 0 s                 ; 3.63 V                       ; 4.94e-06 V                   ; 3.69 V              ; -0.414 V            ; 0.134 V                              ; 0.585 V                              ; 4.19e-10 s                  ; 1.53e-10 s                  ; Yes                        ; No                         ; 3.63 V                      ; 4.94e-06 V                  ; 3.69 V             ; -0.414 V           ; 0.134 V                             ; 0.585 V                             ; 4.19e-10 s                 ; 1.53e-10 s                 ; Yes                       ; No                        ;
; VGA_R[7]    ; 3.3-V LVTTL  ; 0 s                 ; 0 s                 ; 3.63 V                       ; 4.94e-06 V                   ; 3.69 V              ; -0.414 V            ; 0.134 V                              ; 0.585 V                              ; 4.19e-10 s                  ; 1.53e-10 s                  ; Yes                        ; No                         ; 3.63 V                      ; 4.94e-06 V                  ; 3.69 V             ; -0.414 V           ; 0.134 V                             ; 0.585 V                             ; 4.19e-10 s                 ; 1.53e-10 s                 ; Yes                       ; No                        ;
; VGA_G[0]    ; 3.3-V LVTTL  ; 0 s                 ; 0 s                 ; 3.63 V                       ; 3.63e-06 V                   ; 3.64 V              ; -0.326 V            ; 0.091 V                              ; 0.479 V                              ; 3.83e-10 s                  ; 1.5e-10 s                   ; Yes                        ; No                         ; 3.63 V                      ; 3.63e-06 V                  ; 3.64 V             ; -0.326 V           ; 0.091 V                             ; 0.479 V                             ; 3.83e-10 s                 ; 1.5e-10 s                  ; Yes                       ; No                        ;
; VGA_G[1]    ; 3.3-V LVTTL  ; 0 s                 ; 0 s                 ; 3.63 V                       ; 4.94e-06 V                   ; 3.69 V              ; -0.414 V            ; 0.134 V                              ; 0.585 V                              ; 4.19e-10 s                  ; 1.53e-10 s                  ; Yes                        ; No                         ; 3.63 V                      ; 4.94e-06 V                  ; 3.69 V             ; -0.414 V           ; 0.134 V                             ; 0.585 V                             ; 4.19e-10 s                 ; 1.53e-10 s                 ; Yes                       ; No                        ;
; VGA_G[2]    ; 3.3-V LVTTL  ; 0 s                 ; 0 s                 ; 3.63 V                       ; 3.63e-06 V                   ; 3.64 V              ; -0.326 V            ; 0.091 V                              ; 0.479 V                              ; 3.83e-10 s                  ; 1.5e-10 s                   ; Yes                        ; No                         ; 3.63 V                      ; 3.63e-06 V                  ; 3.64 V             ; -0.326 V           ; 0.091 V                             ; 0.479 V                             ; 3.83e-10 s                 ; 1.5e-10 s                  ; Yes                       ; No                        ;
; VGA_G[3]    ; 3.3-V LVTTL  ; 0 s                 ; 0 s                 ; 3.63 V                       ; 4.94e-06 V                   ; 3.69 V              ; -0.414 V            ; 0.134 V                              ; 0.585 V                              ; 4.19e-10 s                  ; 1.53e-10 s                  ; Yes                        ; No                         ; 3.63 V                      ; 4.94e-06 V                  ; 3.69 V             ; -0.414 V           ; 0.134 V                             ; 0.585 V                             ; 4.19e-10 s                 ; 1.53e-10 s                 ; Yes                       ; No                        ;
; VGA_G[4]    ; 3.3-V LVTTL  ; 0 s                 ; 0 s                 ; 3.63 V                       ; 3.63e-06 V                   ; 3.64 V              ; -0.326 V            ; 0.091 V                              ; 0.479 V                              ; 3.83e-10 s                  ; 1.5e-10 s                   ; Yes                        ; No                         ; 3.63 V                      ; 3.63e-06 V                  ; 3.64 V             ; -0.326 V           ; 0.091 V                             ; 0.479 V                             ; 3.83e-10 s                 ; 1.5e-10 s                  ; Yes                       ; No                        ;
; VGA_G[5]    ; 3.3-V LVTTL  ; 0 s                 ; 0 s                 ; 3.63 V                       ; 4.94e-06 V                   ; 3.69 V              ; -0.414 V            ; 0.134 V                              ; 0.585 V                              ; 4.19e-10 s                  ; 1.53e-10 s                  ; Yes                        ; No                         ; 3.63 V                      ; 4.94e-06 V                  ; 3.69 V             ; -0.414 V           ; 0.134 V                             ; 0.585 V                             ; 4.19e-10 s                 ; 1.53e-10 s                 ; Yes                       ; No                        ;
; VGA_G[6]    ; 3.3-V LVTTL  ; 0 s                 ; 0 s                 ; 3.63 V                       ; 4.94e-06 V                   ; 3.69 V              ; -0.414 V            ; 0.134 V                              ; 0.585 V                              ; 4.19e-10 s                  ; 1.53e-10 s                  ; Yes                        ; No                         ; 3.63 V                      ; 4.94e-06 V                  ; 3.69 V             ; -0.414 V           ; 0.134 V                             ; 0.585 V                             ; 4.19e-10 s                 ; 1.53e-10 s                 ; Yes                       ; No                        ;
; VGA_G[7]    ; 3.3-V LVTTL  ; 0 s                 ; 0 s                 ; 3.63 V                       ; 3.63e-06 V                   ; 3.64 V              ; -0.326 V            ; 0.091 V                              ; 0.479 V                              ; 3.83e-10 s                  ; 1.5e-10 s                   ; Yes                        ; No                         ; 3.63 V                      ; 3.63e-06 V                  ; 3.64 V             ; -0.326 V           ; 0.091 V                             ; 0.479 V                             ; 3.83e-10 s                 ; 1.5e-10 s                  ; Yes                       ; No                        ;
; VGA_B[0]    ; 3.3-V LVTTL  ; 0 s                 ; 0 s                 ; 3.63 V                       ; 4.72e-06 V                   ; 3.7 V               ; -0.49 V             ; 0.117 V                              ; 0.622 V                              ; 3.84e-10 s                  ; 1.48e-10 s                  ; Yes                        ; No                         ; 3.63 V                      ; 4.72e-06 V                  ; 3.7 V              ; -0.49 V            ; 0.117 V                             ; 0.622 V                             ; 3.84e-10 s                 ; 1.48e-10 s                 ; Yes                       ; No                        ;
; VGA_B[1]    ; 3.3-V LVTTL  ; 0 s                 ; 0 s                 ; 3.63 V                       ; 3.63e-06 V                   ; 3.64 V              ; -0.326 V            ; 0.091 V                              ; 0.479 V                              ; 3.83e-10 s                  ; 1.5e-10 s                   ; Yes                        ; No                         ; 3.63 V                      ; 3.63e-06 V                  ; 3.64 V             ; -0.326 V           ; 0.091 V                             ; 0.479 V                             ; 3.83e-10 s                 ; 1.5e-10 s                  ; Yes                       ; No                        ;
; VGA_B[2]    ; 3.3-V LVTTL  ; 0 s                 ; 0 s                 ; 3.63 V                       ; 4.94e-06 V                   ; 3.69 V              ; -0.414 V            ; 0.134 V                              ; 0.585 V                              ; 4.19e-10 s                  ; 1.53e-10 s                  ; Yes                        ; No                         ; 3.63 V                      ; 4.94e-06 V                  ; 3.69 V             ; -0.414 V           ; 0.134 V                             ; 0.585 V                             ; 4.19e-10 s                 ; 1.53e-10 s                 ; Yes                       ; No                        ;
; VGA_B[3]    ; 3.3-V LVTTL  ; 0 s                 ; 0 s                 ; 3.63 V                       ; 3.63e-06 V                   ; 3.64 V              ; -0.326 V            ; 0.091 V                              ; 0.479 V                              ; 3.83e-10 s                  ; 1.5e-10 s                   ; Yes                        ; No                         ; 3.63 V                      ; 3.63e-06 V                  ; 3.64 V             ; -0.326 V           ; 0.091 V                             ; 0.479 V                             ; 3.83e-10 s                 ; 1.5e-10 s                  ; Yes                       ; No                        ;
; VGA_B[4]    ; 3.3-V LVTTL  ; 0 s                 ; 0 s                 ; 3.63 V                       ; 4.94e-06 V                   ; 3.69 V              ; -0.414 V            ; 0.134 V                              ; 0.585 V                              ; 4.19e-10 s                  ; 1.53e-10 s                  ; Yes                        ; No                         ; 3.63 V                      ; 4.94e-06 V                  ; 3.69 V             ; -0.414 V           ; 0.134 V                             ; 0.585 V                             ; 4.19e-10 s                 ; 1.53e-10 s                 ; Yes                       ; No                        ;
; VGA_B[5]    ; 3.3-V LVTTL  ; 0 s                 ; 0 s                 ; 3.63 V                       ; 4.94e-06 V                   ; 3.69 V              ; -0.414 V            ; 0.134 V                              ; 0.585 V                              ; 4.19e-10 s                  ; 1.53e-10 s                  ; Yes                        ; No                         ; 3.63 V                      ; 4.94e-06 V                  ; 3.69 V             ; -0.414 V           ; 0.134 V                             ; 0.585 V                             ; 4.19e-10 s                 ; 1.53e-10 s                 ; Yes                       ; No                        ;
; VGA_B[6]    ; 3.3-V LVTTL  ; 0 s                 ; 0 s                 ; 3.63 V                       ; 3.63e-06 V                   ; 3.64 V              ; -0.326 V            ; 0.091 V                              ; 0.479 V                              ; 3.83e-10 s                  ; 1.5e-10 s                   ; Yes                        ; No                         ; 3.63 V                      ; 3.63e-06 V                  ; 3.64 V             ; -0.326 V           ; 0.091 V                             ; 0.479 V                             ; 3.83e-10 s                 ; 1.5e-10 s                  ; Yes                       ; No                        ;
; VGA_B[7]    ; 3.3-V LVTTL  ; 0 s                 ; 0 s                 ; 3.63 V                       ; 3.63e-06 V                   ; 3.64 V              ; -0.326 V            ; 0.091 V                              ; 0.479 V                              ; 3.83e-10 s                  ; 1.5e-10 s                   ; Yes                        ; No                         ; 3.63 V                      ; 3.63e-06 V                  ; 3.64 V             ; -0.326 V           ; 0.091 V                             ; 0.479 V                             ; 3.83e-10 s                 ; 1.5e-10 s                  ; Yes                       ; No                        ;
; VGA_BLANK_N ; 3.3-V LVTTL  ; 0 s                 ; 0 s                 ; 3.63 V                       ; 3.63e-06 V                   ; 3.64 V              ; -0.326 V            ; 0.091 V                              ; 0.479 V                              ; 3.83e-10 s                  ; 1.5e-10 s                   ; Yes                        ; No                         ; 3.63 V                      ; 3.63e-06 V                  ; 3.64 V             ; -0.326 V           ; 0.091 V                             ; 0.479 V                             ; 3.83e-10 s                 ; 1.5e-10 s                  ; Yes                       ; No                        ;
; VGA_SYNC_N  ; 3.3-V LVTTL  ; 0 s                 ; 0 s                 ; 3.63 V                       ; 4.72e-06 V                   ; 3.7 V               ; -0.49 V             ; 0.117 V                              ; 0.622 V                              ; 3.84e-10 s                  ; 1.48e-10 s                  ; Yes                        ; No                         ; 3.63 V                      ; 4.72e-06 V                  ; 3.7 V              ; -0.49 V            ; 0.117 V                             ; 0.622 V                             ; 3.84e-10 s                 ; 1.48e-10 s                 ; Yes                       ; No                        ;
; VGA_CLK     ; 3.3-V LVTTL  ; 0 s                 ; 0 s                 ; 3.63 V                       ; 4.72e-06 V                   ; 3.7 V               ; -0.49 V             ; 0.117 V                              ; 0.622 V                              ; 3.84e-10 s                  ; 1.48e-10 s                  ; Yes                        ; No                         ; 3.63 V                      ; 4.72e-06 V                  ; 3.7 V              ; -0.49 V            ; 0.117 V                             ; 0.622 V                             ; 3.84e-10 s                 ; 1.48e-10 s                 ; Yes                       ; No                        ;
+-------------+--------------+---------------------+---------------------+------------------------------+------------------------------+---------------------+---------------------+--------------------------------------+--------------------------------------+-----------------------------+-----------------------------+----------------------------+----------------------------+-----------------------------+-----------------------------+--------------------+--------------------+-------------------------------------+-------------------------------------+----------------------------+----------------------------+---------------------------+---------------------------+


+------------------------------------------------------------------------------------------------------------------------------------------------------------------------------------------------------------------------------------------------------------------------------------------------------------------------------------------------------------------------------------------------------------------------------------------------------------------------------------------------------------------------------------------------------------------------------------------------------------------------------------------------------------------------------------------+
; Signal Integrity Metrics (Fast 1100mv 85c Model)                                                                                                                                                                                                                                                                                                                                                                                                                                                                                                                                                                                                                                         ;
+-------------+--------------+---------------------+---------------------+------------------------------+------------------------------+---------------------+---------------------+--------------------------------------+--------------------------------------+-----------------------------+-----------------------------+----------------------------+----------------------------+-----------------------------+-----------------------------+--------------------+--------------------+-------------------------------------+-------------------------------------+----------------------------+----------------------------+---------------------------+---------------------------+
; Pin         ; I/O Standard ; Board Delay on Rise ; Board Delay on Fall ; Steady State Voh at FPGA Pin ; Steady State Vol at FPGA Pin ; Voh Max at FPGA Pin ; Vol Min at FPGA Pin ; Ringback Voltage on Rise at FPGA Pin ; Ringback Voltage on Fall at FPGA Pin ; 10-90 Rise Time at FPGA Pin ; 90-10 Fall Time at FPGA Pin ; Monotonic Rise at FPGA Pin ; Monotonic Fall at FPGA Pin ; Steady State Voh at Far-end ; Steady State Vol at Far-end ; Voh Max at Far-end ; Vol Min at Far-end ; Ringback Voltage on Rise at Far-end ; Ringback Voltage on Fall at Far-end ; 10-90 Rise Time at Far-end ; 90-10 Fall Time at Far-end ; Monotonic Rise at Far-end ; Monotonic Fall at Far-end ;
+-------------+--------------+---------------------+---------------------+------------------------------+------------------------------+---------------------+---------------------+--------------------------------------+--------------------------------------+-----------------------------+-----------------------------+----------------------------+----------------------------+-----------------------------+-----------------------------+--------------------+--------------------+-------------------------------------+-------------------------------------+----------------------------+----------------------------+---------------------------+---------------------------+
; LEDR[0]     ; 3.3-V LVTTL  ; 0 s                 ; 0 s                 ; 3.63 V                       ; 0.000238 V                   ; 3.64 V              ; -0.254 V            ; 0.052 V                              ; 0.543 V                              ; 4.59e-10 s                  ; 1.96e-10 s                  ; Yes                        ; No                         ; 3.63 V                      ; 0.000238 V                  ; 3.64 V             ; -0.254 V           ; 0.052 V                             ; 0.543 V                             ; 4.59e-10 s                 ; 1.96e-10 s                 ; Yes                       ; No                        ;
; LEDR[1]     ; 3.3-V LVTTL  ; 0 s                 ; 0 s                 ; 3.63 V                       ; 0.000184 V                   ; 3.64 V              ; -0.19 V             ; 0.019 V                              ; 0.425 V                              ; 4.44e-10 s                  ; 1.91e-10 s                  ; Yes                        ; No                         ; 3.63 V                      ; 0.000184 V                  ; 3.64 V             ; -0.19 V            ; 0.019 V                             ; 0.425 V                             ; 4.44e-10 s                 ; 1.91e-10 s                 ; Yes                       ; No                        ;
; LEDR[2]     ; 3.3-V LVTTL  ; 0 s                 ; 0 s                 ; 3.63 V                       ; 0.000238 V                   ; 3.64 V              ; -0.254 V            ; 0.052 V                              ; 0.543 V                              ; 4.59e-10 s                  ; 1.96e-10 s                  ; Yes                        ; No                         ; 3.63 V                      ; 0.000238 V                  ; 3.64 V             ; -0.254 V           ; 0.052 V                             ; 0.543 V                             ; 4.59e-10 s                 ; 1.96e-10 s                 ; Yes                       ; No                        ;
; LEDR[3]     ; 3.3-V LVTTL  ; 0 s                 ; 0 s                 ; 3.63 V                       ; 0.000238 V                   ; 3.64 V              ; -0.254 V            ; 0.052 V                              ; 0.543 V                              ; 4.59e-10 s                  ; 1.96e-10 s                  ; Yes                        ; No                         ; 3.63 V                      ; 0.000238 V                  ; 3.64 V             ; -0.254 V           ; 0.052 V                             ; 0.543 V                             ; 4.59e-10 s                 ; 1.96e-10 s                 ; Yes                       ; No                        ;
; LEDR[4]     ; 3.3-V LVTTL  ; 0 s                 ; 0 s                 ; 3.63 V                       ; 0.000184 V                   ; 3.64 V              ; -0.19 V             ; 0.019 V                              ; 0.425 V                              ; 4.44e-10 s                  ; 1.91e-10 s                  ; Yes                        ; No                         ; 3.63 V                      ; 0.000184 V                  ; 3.64 V             ; -0.19 V            ; 0.019 V                             ; 0.425 V                             ; 4.44e-10 s                 ; 1.91e-10 s                 ; Yes                       ; No                        ;
; LEDR[5]     ; 3.3-V LVTTL  ; 0 s                 ; 0 s                 ; 3.63 V                       ; 0.000184 V                   ; 3.64 V              ; -0.19 V             ; 0.019 V                              ; 0.425 V                              ; 4.44e-10 s                  ; 1.91e-10 s                  ; Yes                        ; No                         ; 3.63 V                      ; 0.000184 V                  ; 3.64 V             ; -0.19 V            ; 0.019 V                             ; 0.425 V                             ; 4.44e-10 s                 ; 1.91e-10 s                 ; Yes                       ; No                        ;
; LEDR[6]     ; 3.3-V LVTTL  ; 0 s                 ; 0 s                 ; 3.63 V                       ; 0.000238 V                   ; 3.64 V              ; -0.254 V            ; 0.052 V                              ; 0.543 V                              ; 4.59e-10 s                  ; 1.96e-10 s                  ; Yes                        ; No                         ; 3.63 V                      ; 0.000238 V                  ; 3.64 V             ; -0.254 V           ; 0.052 V                             ; 0.543 V                             ; 4.59e-10 s                 ; 1.96e-10 s                 ; Yes                       ; No                        ;
; LEDR[7]     ; 3.3-V LVTTL  ; 0 s                 ; 0 s                 ; 3.63 V                       ; 0.000238 V                   ; 3.64 V              ; -0.254 V            ; 0.052 V                              ; 0.543 V                              ; 4.59e-10 s                  ; 1.96e-10 s                  ; Yes                        ; No                         ; 3.63 V                      ; 0.000238 V                  ; 3.64 V             ; -0.254 V           ; 0.052 V                             ; 0.543 V                             ; 4.59e-10 s                 ; 1.96e-10 s                 ; Yes                       ; No                        ;
; LEDR[8]     ; 3.3-V LVTTL  ; 0 s                 ; 0 s                 ; 3.63 V                       ; 0.000238 V                   ; 3.64 V              ; -0.254 V            ; 0.052 V                              ; 0.543 V                              ; 4.59e-10 s                  ; 1.96e-10 s                  ; Yes                        ; No                         ; 3.63 V                      ; 0.000238 V                  ; 3.64 V             ; -0.254 V           ; 0.052 V                             ; 0.543 V                             ; 4.59e-10 s                 ; 1.96e-10 s                 ; Yes                       ; No                        ;
; LEDR[9]     ; 3.3-V LVTTL  ; 0 s                 ; 0 s                 ; 3.63 V                       ; 0.000184 V                   ; 3.64 V              ; -0.19 V             ; 0.019 V                              ; 0.425 V                              ; 4.44e-10 s                  ; 1.91e-10 s                  ; Yes                        ; No                         ; 3.63 V                      ; 0.000184 V                  ; 3.64 V             ; -0.19 V            ; 0.019 V                             ; 0.425 V                             ; 4.44e-10 s                 ; 1.91e-10 s                 ; Yes                       ; No                        ;
; VGA_HS      ; 3.3-V LVTTL  ; 0 s                 ; 0 s                 ; 3.63 V                       ; 0.000229 V                   ; 3.65 V              ; -0.319 V            ; 0.041 V                              ; 0.528 V                              ; 4.29e-10 s                  ; 1.87e-10 s                  ; Yes                        ; No                         ; 3.63 V                      ; 0.000229 V                  ; 3.65 V             ; -0.319 V           ; 0.041 V                             ; 0.528 V                             ; 4.29e-10 s                 ; 1.87e-10 s                 ; Yes                       ; No                        ;
; VGA_VS      ; 3.3-V LVTTL  ; 0 s                 ; 0 s                 ; 3.63 V                       ; 0.000238 V                   ; 3.64 V              ; -0.254 V            ; 0.052 V                              ; 0.543 V                              ; 4.59e-10 s                  ; 1.96e-10 s                  ; Yes                        ; No                         ; 3.63 V                      ; 0.000238 V                  ; 3.64 V             ; -0.254 V           ; 0.052 V                             ; 0.543 V                             ; 4.59e-10 s                 ; 1.96e-10 s                 ; Yes                       ; No                        ;
; VGA_R[0]    ; 3.3-V LVTTL  ; 0 s                 ; 0 s                 ; 3.63 V                       ; 0.000229 V                   ; 3.65 V              ; -0.319 V            ; 0.041 V                              ; 0.528 V                              ; 4.29e-10 s                  ; 1.87e-10 s                  ; Yes                        ; No                         ; 3.63 V                      ; 0.000229 V                  ; 3.65 V             ; -0.319 V           ; 0.041 V                             ; 0.528 V                             ; 4.29e-10 s                 ; 1.87e-10 s                 ; Yes                       ; No                        ;
; VGA_R[1]    ; 3.3-V LVTTL  ; 0 s                 ; 0 s                 ; 3.63 V                       ; 0.000238 V                   ; 3.64 V              ; -0.254 V            ; 0.052 V                              ; 0.543 V                              ; 4.59e-10 s                  ; 1.96e-10 s                  ; Yes                        ; No                         ; 3.63 V                      ; 0.000238 V                  ; 3.64 V             ; -0.254 V           ; 0.052 V                             ; 0.543 V                             ; 4.59e-10 s                 ; 1.96e-10 s                 ; Yes                       ; No                        ;
; VGA_R[2]    ; 3.3-V LVTTL  ; 0 s                 ; 0 s                 ; 3.63 V                       ; 0.000184 V                   ; 3.64 V              ; -0.19 V             ; 0.019 V                              ; 0.425 V                              ; 4.44e-10 s                  ; 1.91e-10 s                  ; Yes                        ; No                         ; 3.63 V                      ; 0.000184 V                  ; 3.64 V             ; -0.19 V            ; 0.019 V                             ; 0.425 V                             ; 4.44e-10 s                 ; 1.91e-10 s                 ; Yes                       ; No                        ;
; VGA_R[3]    ; 3.3-V LVTTL  ; 0 s                 ; 0 s                 ; 3.63 V                       ; 0.000184 V                   ; 3.64 V              ; -0.19 V             ; 0.019 V                              ; 0.425 V                              ; 4.44e-10 s                  ; 1.91e-10 s                  ; Yes                        ; No                         ; 3.63 V                      ; 0.000184 V                  ; 3.64 V             ; -0.19 V            ; 0.019 V                             ; 0.425 V                             ; 4.44e-10 s                 ; 1.91e-10 s                 ; Yes                       ; No                        ;
; VGA_R[4]    ; 3.3-V LVTTL  ; 0 s                 ; 0 s                 ; 3.63 V                       ; 0.000229 V                   ; 3.65 V              ; -0.316 V            ; 0.041 V                              ; 0.53 V                               ; 4.29e-10 s                  ; 1.87e-10 s                  ; Yes                        ; No                         ; 3.63 V                      ; 0.000229 V                  ; 3.65 V             ; -0.316 V           ; 0.041 V                             ; 0.53 V                              ; 4.29e-10 s                 ; 1.87e-10 s                 ; Yes                       ; No                        ;
; VGA_R[5]    ; 3.3-V LVTTL  ; 0 s                 ; 0 s                 ; 3.63 V                       ; 0.000184 V                   ; 3.64 V              ; -0.19 V             ; 0.019 V                              ; 0.425 V                              ; 4.44e-10 s                  ; 1.91e-10 s                  ; Yes                        ; No                         ; 3.63 V                      ; 0.000184 V                  ; 3.64 V             ; -0.19 V            ; 0.019 V                             ; 0.425 V                             ; 4.44e-10 s                 ; 1.91e-10 s                 ; Yes                       ; No                        ;
; VGA_R[6]    ; 3.3-V LVTTL  ; 0 s                 ; 0 s                 ; 3.63 V                       ; 0.000238 V                   ; 3.64 V              ; -0.254 V            ; 0.052 V                              ; 0.543 V                              ; 4.59e-10 s                  ; 1.96e-10 s                  ; Yes                        ; No                         ; 3.63 V                      ; 0.000238 V                  ; 3.64 V             ; -0.254 V           ; 0.052 V                             ; 0.543 V                             ; 4.59e-10 s                 ; 1.96e-10 s                 ; Yes                       ; No                        ;
; VGA_R[7]    ; 3.3-V LVTTL  ; 0 s                 ; 0 s                 ; 3.63 V                       ; 0.000238 V                   ; 3.64 V              ; -0.254 V            ; 0.052 V                              ; 0.543 V                              ; 4.59e-10 s                  ; 1.96e-10 s                  ; Yes                        ; No                         ; 3.63 V                      ; 0.000238 V                  ; 3.64 V             ; -0.254 V           ; 0.052 V                             ; 0.543 V                             ; 4.59e-10 s                 ; 1.96e-10 s                 ; Yes                       ; No                        ;
; VGA_G[0]    ; 3.3-V LVTTL  ; 0 s                 ; 0 s                 ; 3.63 V                       ; 0.000184 V                   ; 3.64 V              ; -0.19 V             ; 0.019 V                              ; 0.425 V                              ; 4.44e-10 s                  ; 1.91e-10 s                  ; Yes                        ; No                         ; 3.63 V                      ; 0.000184 V                  ; 3.64 V             ; -0.19 V            ; 0.019 V                             ; 0.425 V                             ; 4.44e-10 s                 ; 1.91e-10 s                 ; Yes                       ; No                        ;
; VGA_G[1]    ; 3.3-V LVTTL  ; 0 s                 ; 0 s                 ; 3.63 V                       ; 0.000238 V                   ; 3.64 V              ; -0.254 V            ; 0.052 V                              ; 0.543 V                              ; 4.59e-10 s                  ; 1.96e-10 s                  ; Yes                        ; No                         ; 3.63 V                      ; 0.000238 V                  ; 3.64 V             ; -0.254 V           ; 0.052 V                             ; 0.543 V                             ; 4.59e-10 s                 ; 1.96e-10 s                 ; Yes                       ; No                        ;
; VGA_G[2]    ; 3.3-V LVTTL  ; 0 s                 ; 0 s                 ; 3.63 V                       ; 0.000184 V                   ; 3.64 V              ; -0.19 V             ; 0.019 V                              ; 0.425 V                              ; 4.44e-10 s                  ; 1.91e-10 s                  ; Yes                        ; No                         ; 3.63 V                      ; 0.000184 V                  ; 3.64 V             ; -0.19 V            ; 0.019 V                             ; 0.425 V                             ; 4.44e-10 s                 ; 1.91e-10 s                 ; Yes                       ; No                        ;
; VGA_G[3]    ; 3.3-V LVTTL  ; 0 s                 ; 0 s                 ; 3.63 V                       ; 0.000238 V                   ; 3.64 V              ; -0.254 V            ; 0.052 V                              ; 0.543 V                              ; 4.59e-10 s                  ; 1.96e-10 s                  ; Yes                        ; No                         ; 3.63 V                      ; 0.000238 V                  ; 3.64 V             ; -0.254 V           ; 0.052 V                             ; 0.543 V                             ; 4.59e-10 s                 ; 1.96e-10 s                 ; Yes                       ; No                        ;
; VGA_G[4]    ; 3.3-V LVTTL  ; 0 s                 ; 0 s                 ; 3.63 V                       ; 0.000184 V                   ; 3.64 V              ; -0.19 V             ; 0.019 V                              ; 0.425 V                              ; 4.44e-10 s                  ; 1.91e-10 s                  ; Yes                        ; No                         ; 3.63 V                      ; 0.000184 V                  ; 3.64 V             ; -0.19 V            ; 0.019 V                             ; 0.425 V                             ; 4.44e-10 s                 ; 1.91e-10 s                 ; Yes                       ; No                        ;
; VGA_G[5]    ; 3.3-V LVTTL  ; 0 s                 ; 0 s                 ; 3.63 V                       ; 0.000238 V                   ; 3.64 V              ; -0.254 V            ; 0.052 V                              ; 0.543 V                              ; 4.59e-10 s                  ; 1.96e-10 s                  ; Yes                        ; No                         ; 3.63 V                      ; 0.000238 V                  ; 3.64 V             ; -0.254 V           ; 0.052 V                             ; 0.543 V                             ; 4.59e-10 s                 ; 1.96e-10 s                 ; Yes                       ; No                        ;
; VGA_G[6]    ; 3.3-V LVTTL  ; 0 s                 ; 0 s                 ; 3.63 V                       ; 0.000238 V                   ; 3.64 V              ; -0.254 V            ; 0.052 V                              ; 0.543 V                              ; 4.59e-10 s                  ; 1.96e-10 s                  ; Yes                        ; No                         ; 3.63 V                      ; 0.000238 V                  ; 3.64 V             ; -0.254 V           ; 0.052 V                             ; 0.543 V                             ; 4.59e-10 s                 ; 1.96e-10 s                 ; Yes                       ; No                        ;
; VGA_G[7]    ; 3.3-V LVTTL  ; 0 s                 ; 0 s                 ; 3.63 V                       ; 0.000184 V                   ; 3.64 V              ; -0.19 V             ; 0.019 V                              ; 0.425 V                              ; 4.44e-10 s                  ; 1.91e-10 s                  ; Yes                        ; No                         ; 3.63 V                      ; 0.000184 V                  ; 3.64 V             ; -0.19 V            ; 0.019 V                             ; 0.425 V                             ; 4.44e-10 s                 ; 1.91e-10 s                 ; Yes                       ; No                        ;
; VGA_B[0]    ; 3.3-V LVTTL  ; 0 s                 ; 0 s                 ; 3.63 V                       ; 0.000229 V                   ; 3.65 V              ; -0.316 V            ; 0.041 V                              ; 0.53 V                               ; 4.29e-10 s                  ; 1.87e-10 s                  ; Yes                        ; No                         ; 3.63 V                      ; 0.000229 V                  ; 3.65 V             ; -0.316 V           ; 0.041 V                             ; 0.53 V                              ; 4.29e-10 s                 ; 1.87e-10 s                 ; Yes                       ; No                        ;
; VGA_B[1]    ; 3.3-V LVTTL  ; 0 s                 ; 0 s                 ; 3.63 V                       ; 0.000184 V                   ; 3.64 V              ; -0.19 V             ; 0.019 V                              ; 0.425 V                              ; 4.44e-10 s                  ; 1.91e-10 s                  ; Yes                        ; No                         ; 3.63 V                      ; 0.000184 V                  ; 3.64 V             ; -0.19 V            ; 0.019 V                             ; 0.425 V                             ; 4.44e-10 s                 ; 1.91e-10 s                 ; Yes                       ; No                        ;
; VGA_B[2]    ; 3.3-V LVTTL  ; 0 s                 ; 0 s                 ; 3.63 V                       ; 0.000238 V                   ; 3.64 V              ; -0.254 V            ; 0.052 V                              ; 0.543 V                              ; 4.59e-10 s                  ; 1.96e-10 s                  ; Yes                        ; No                         ; 3.63 V                      ; 0.000238 V                  ; 3.64 V             ; -0.254 V           ; 0.052 V                             ; 0.543 V                             ; 4.59e-10 s                 ; 1.96e-10 s                 ; Yes                       ; No                        ;
; VGA_B[3]    ; 3.3-V LVTTL  ; 0 s                 ; 0 s                 ; 3.63 V                       ; 0.000184 V                   ; 3.64 V              ; -0.19 V             ; 0.019 V                              ; 0.425 V                              ; 4.44e-10 s                  ; 1.91e-10 s                  ; Yes                        ; No                         ; 3.63 V                      ; 0.000184 V                  ; 3.64 V             ; -0.19 V            ; 0.019 V                             ; 0.425 V                             ; 4.44e-10 s                 ; 1.91e-10 s                 ; Yes                       ; No                        ;
; VGA_B[4]    ; 3.3-V LVTTL  ; 0 s                 ; 0 s                 ; 3.63 V                       ; 0.000238 V                   ; 3.64 V              ; -0.254 V            ; 0.052 V                              ; 0.543 V                              ; 4.59e-10 s                  ; 1.96e-10 s                  ; Yes                        ; No                         ; 3.63 V                      ; 0.000238 V                  ; 3.64 V             ; -0.254 V           ; 0.052 V                             ; 0.543 V                             ; 4.59e-10 s                 ; 1.96e-10 s                 ; Yes                       ; No                        ;
; VGA_B[5]    ; 3.3-V LVTTL  ; 0 s                 ; 0 s                 ; 3.63 V                       ; 0.000238 V                   ; 3.64 V              ; -0.254 V            ; 0.052 V                              ; 0.543 V                              ; 4.59e-10 s                  ; 1.96e-10 s                  ; Yes                        ; No                         ; 3.63 V                      ; 0.000238 V                  ; 3.64 V             ; -0.254 V           ; 0.052 V                             ; 0.543 V                             ; 4.59e-10 s                 ; 1.96e-10 s                 ; Yes                       ; No                        ;
; VGA_B[6]    ; 3.3-V LVTTL  ; 0 s                 ; 0 s                 ; 3.63 V                       ; 0.000184 V                   ; 3.64 V              ; -0.19 V             ; 0.019 V                              ; 0.425 V                              ; 4.44e-10 s                  ; 1.91e-10 s                  ; Yes                        ; No                         ; 3.63 V                      ; 0.000184 V                  ; 3.64 V             ; -0.19 V            ; 0.019 V                             ; 0.425 V                             ; 4.44e-10 s                 ; 1.91e-10 s                 ; Yes                       ; No                        ;
; VGA_B[7]    ; 3.3-V LVTTL  ; 0 s                 ; 0 s                 ; 3.63 V                       ; 0.000184 V                   ; 3.64 V              ; -0.19 V             ; 0.019 V                              ; 0.425 V                              ; 4.44e-10 s                  ; 1.91e-10 s                  ; Yes                        ; No                         ; 3.63 V                      ; 0.000184 V                  ; 3.64 V             ; -0.19 V            ; 0.019 V                             ; 0.425 V                             ; 4.44e-10 s                 ; 1.91e-10 s                 ; Yes                       ; No                        ;
; VGA_BLANK_N ; 3.3-V LVTTL  ; 0 s                 ; 0 s                 ; 3.63 V                       ; 0.000184 V                   ; 3.64 V              ; -0.19 V             ; 0.019 V                              ; 0.425 V                              ; 4.44e-10 s                  ; 1.91e-10 s                  ; Yes                        ; No                         ; 3.63 V                      ; 0.000184 V                  ; 3.64 V             ; -0.19 V            ; 0.019 V                             ; 0.425 V                             ; 4.44e-10 s                 ; 1.91e-10 s                 ; Yes                       ; No                        ;
; VGA_SYNC_N  ; 3.3-V LVTTL  ; 0 s                 ; 0 s                 ; 3.63 V                       ; 0.000229 V                   ; 3.65 V              ; -0.316 V            ; 0.041 V                              ; 0.53 V                               ; 4.29e-10 s                  ; 1.87e-10 s                  ; Yes                        ; No                         ; 3.63 V                      ; 0.000229 V                  ; 3.65 V             ; -0.316 V           ; 0.041 V                             ; 0.53 V                              ; 4.29e-10 s                 ; 1.87e-10 s                 ; Yes                       ; No                        ;
; VGA_CLK     ; 3.3-V LVTTL  ; 0 s                 ; 0 s                 ; 3.63 V                       ; 0.000229 V                   ; 3.65 V              ; -0.316 V            ; 0.041 V                              ; 0.53 V                               ; 4.29e-10 s                  ; 1.87e-10 s                  ; Yes                        ; No                         ; 3.63 V                      ; 0.000229 V                  ; 3.65 V             ; -0.316 V           ; 0.041 V                             ; 0.53 V                              ; 4.29e-10 s                 ; 1.87e-10 s                 ; Yes                       ; No                        ;
+-------------+--------------+---------------------+---------------------+------------------------------+------------------------------+---------------------+---------------------+--------------------------------------+--------------------------------------+-----------------------------+-----------------------------+----------------------------+----------------------------+-----------------------------+-----------------------------+--------------------+--------------------+-------------------------------------+-------------------------------------+----------------------------+----------------------------+---------------------------+---------------------------+


+-------------------------------------------------------------------+
; Setup Transfers                                                   ;
+------------+----------+----------+----------+----------+----------+
; From Clock ; To Clock ; RR Paths ; FR Paths ; RF Paths ; FF Paths ;
+------------+----------+----------+----------+----------+----------+
; CLOCK_50   ; CLOCK_50 ; 3426     ; 0        ; 0        ; 0        ;
+------------+----------+----------+----------+----------+----------+
Entries labeled "false path" only account for clock-to-clock false paths and not path-based false paths. As a result, actual path counts may be lower than reported.


+-------------------------------------------------------------------+
; Hold Transfers                                                    ;
+------------+----------+----------+----------+----------+----------+
; From Clock ; To Clock ; RR Paths ; FR Paths ; RF Paths ; FF Paths ;
+------------+----------+----------+----------+----------+----------+
; CLOCK_50   ; CLOCK_50 ; 3426     ; 0        ; 0        ; 0        ;
+------------+----------+----------+----------+----------+----------+
Entries labeled "false path" only account for clock-to-clock false paths and not path-based false paths. As a result, actual path counts may be lower than reported.


---------------
; Report TCCS ;
---------------
No dedicated SERDES Transmitter circuitry present in device or used in design


---------------
; Report RSKM ;
---------------
No non-DPA dedicated SERDES Receiver circuitry present in device or used in design


+------------------------------------------------+
; Unconstrained Paths Summary                    ;
+---------------------------------+-------+------+
; Property                        ; Setup ; Hold ;
+---------------------------------+-------+------+
; Illegal Clocks                  ; 0     ; 0    ;
; Unconstrained Clocks            ; 1     ; 1    ;
; Unconstrained Input Ports       ; 0     ; 0    ;
; Unconstrained Input Port Paths  ; 0     ; 0    ;
; Unconstrained Output Ports      ; 4     ; 4    ;
; Unconstrained Output Port Paths ; 11    ; 11   ;
+---------------------------------+-------+------+


+--------------------------------------------+
; Clock Status Summary                       ;
+----------+----------+------+---------------+
; Target   ; Clock    ; Type ; Status        ;
+----------+----------+------+---------------+
; CLOCK_50 ; CLOCK_50 ; Base ; Constrained   ;
; clk_25m  ;          ; Base ; Unconstrained ;
+----------+----------+------+---------------+


+-----------------------------------------------------------------------------------------------------+
; Unconstrained Output Ports                                                                          ;
+-------------+---------------------------------------------------------------------------------------+
; Output Port ; Comment                                                                               ;
+-------------+---------------------------------------------------------------------------------------+
; LEDR[0]     ; No output delay, min/max delays, false-path exceptions, or max skew assignments found ;
; LEDR[1]     ; No output delay, min/max delays, false-path exceptions, or max skew assignments found ;
; VGA_BLANK_N ; No output delay, min/max delays, false-path exceptions, or max skew assignments found ;
; VGA_CLK     ; No output delay, min/max delays, false-path exceptions, or max skew assignments found ;
+-------------+---------------------------------------------------------------------------------------+


+-----------------------------------------------------------------------------------------------------+
; Unconstrained Output Ports                                                                          ;
+-------------+---------------------------------------------------------------------------------------+
; Output Port ; Comment                                                                               ;
+-------------+---------------------------------------------------------------------------------------+
; LEDR[0]     ; No output delay, min/max delays, false-path exceptions, or max skew assignments found ;
; LEDR[1]     ; No output delay, min/max delays, false-path exceptions, or max skew assignments found ;
; VGA_BLANK_N ; No output delay, min/max delays, false-path exceptions, or max skew assignments found ;
; VGA_CLK     ; No output delay, min/max delays, false-path exceptions, or max skew assignments found ;
+-------------+---------------------------------------------------------------------------------------+


+--------------------------+
; Timing Analyzer Messages ;
+--------------------------+
Info: *******************************************************************
Info: Running Quartus Prime Timing Analyzer
    Info: Version 24.1std.0 Build 1077 03/04/2025 SC Lite Edition
    Info: Processing started: Tue Sep  1 07:34:30 2026
Info: Command: quartus_sta gpu -c gpu
Info: qsta_default_script.tcl version: #1
Warning (18236): Number of processors has not been specified which may cause overloading on shared machines.  Set the global assignment NUM_PARALLEL_PROCESSORS in your QSF to an appropriate value for best performance.
Info (20030): Parallel compilation is enabled and will use 16 of the 16 processors detected
Info (21077): Low junction temperature is 0 degrees C
Info (21077): High junction temperature is 85 degrees C
Info (332104): Reading SDC File: 'output_files/SDC1.sdc'
Warning (332174): Ignored filter at SDC1.sdc(12): clk_25m_reg|q could not be matched with a register File: C:/Users/rs080/AppData/Local/PBL1_rml/output_files/SDC1.sdc Line: 12
Critical Warning (332049): Ignored create_generated_clock at SDC1.sdc(9): Argument <targets> is an empty collection File: C:/Users/rs080/AppData/Local/PBL1_rml/output_files/SDC1.sdc Line: 9
    Info (332050): create_generated_clock -name clk_25m \
                       -source [get_ports {CLOCK_50}] \
                       -divide_by 2 \
                       [get_registers {clk_25m_reg|q}] File: C:/Users/rs080/AppData/Local/PBL1_rml/output_files/SDC1.sdc Line: 9
Info (332151): Clock uncertainty is not calculated until you update the timing netlist.
Warning (332060): Node: clk_25m was determined to be a clock but was found without an associated clock assignment.
    Info (13166): Register vga_sync:u_vga_sync|h_cnt[9] is being clocked by clk_25m
Info (332123): Deriving Clock Uncertainty. Please refer to report_sdc in the Timing Analyzer to see clock uncertainties.
Info: Found TIMING_ANALYZER_REPORT_SCRIPT_INCLUDE_DEFAULT_ANALYSIS = ON
Info: Analyzing Slow 1100mV 85C Model
Info (332146): Worst-case setup slack is 11.057
    Info (332119):     Slack       End Point TNS Clock 
    Info (332119): ========= =================== =====================
    Info (332119):    11.057               0.000 CLOCK_50 
Info (332146): Worst-case hold slack is 0.382
    Info (332119):     Slack       End Point TNS Clock 
    Info (332119): ========= =================== =====================
    Info (332119):     0.382               0.000 CLOCK_50 
Info (332140): No Recovery paths to report
Info (332140): No Removal paths to report
Info (332146): Worst-case minimum pulse width slack is 8.450
    Info (332119):     Slack       End Point TNS Clock 
    Info (332119): ========= =================== =====================
    Info (332119):     8.450               0.000 CLOCK_50 
Info (332114): Report Metastability: Found 1 synchronizer chains.
    Info (332114): The design MTBF is not calculated because there are no specified synchronizers in the design.
    Info (332114): Number of Synchronizer Chains Found: 1
    Info (332114): Shortest Synchronizer Chain: 2 Registers
    Info (332114): Fraction of Chains for which MTBFs Could Not be Calculated: 1.000
    Info (332114): Worst Case Available Settling Time: 30.623 ns
    Info (332114): 
Info: Analyzing Slow 1100mV 0C Model
Info (334003): Started post-fitting delay annotation
Info (334004): Delay annotation completed successfully
Warning (332060): Node: clk_25m was determined to be a clock but was found without an associated clock assignment.
    Info (13166): Register vga_sync:u_vga_sync|h_cnt[9] is being clocked by clk_25m
Info (332123): Deriving Clock Uncertainty. Please refer to report_sdc in the Timing Analyzer to see clock uncertainties.
Info (332146): Worst-case setup slack is 11.037
    Info (332119):     Slack       End Point TNS Clock 
    Info (332119): ========= =================== =====================
    Info (332119):    11.037               0.000 CLOCK_50 
Info (332146): Worst-case hold slack is 0.402
    Info (332119):     Slack       End Point TNS Clock 
    Info (332119): ========= =================== =====================
    Info (332119):     0.402               0.000 CLOCK_50 
Info (332140): No Recovery paths to report
Info (332140): No Removal paths to report
Info (332146): Worst-case minimum pulse width slack is 8.435
    Info (332119):     Slack       End Point TNS Clock 
    Info (332119): ========= =================== =====================
    Info (332119):     8.435               0.000 CLOCK_50 
Info (332114): Report Metastability: Found 1 synchronizer chains.
    Info (332114): The design MTBF is not calculated because there are no specified synchronizers in the design.
    Info (332114): Number of Synchronizer Chains Found: 1
    Info (332114): Shortest Synchronizer Chain: 2 Registers
    Info (332114): Fraction of Chains for which MTBFs Could Not be Calculated: 1.000
    Info (332114): Worst Case Available Settling Time: 30.898 ns
    Info (332114): 
Info: Analyzing Fast 1100mV 85C Model
Info (334003): Started post-fitting delay annotation
Info (334004): Delay annotation completed successfully
Warning (332060): Node: clk_25m was determined to be a clock but was found without an associated clock assignment.
    Info (13166): Register vga_sync:u_vga_sync|h_cnt[9] is being clocked by clk_25m
Info (332123): Deriving Clock Uncertainty. Please refer to report_sdc in the Timing Analyzer to see clock uncertainties.
Info (332146): Worst-case setup slack is 14.472
    Info (332119):     Slack       End Point TNS Clock 
    Info (332119): ========= =================== =====================
    Info (332119):    14.472               0.000 CLOCK_50 
Info (332146): Worst-case hold slack is 0.185
    Info (332119):     Slack       End Point TNS Clock 
    Info (332119): ========= =================== =====================
    Info (332119):     0.185               0.000 CLOCK_50 
Info (332140): No Recovery paths to report
Info (332140): No Removal paths to report
Info (332146): Worst-case minimum pulse width slack is 8.480
    Info (332119):     Slack       End Point TNS Clock 
    Info (332119): ========= =================== =====================
    Info (332119):     8.480               0.000 CLOCK_50 
Info (332114): Report Metastability: Found 1 synchronizer chains.
    Info (332114): The design MTBF is not calculated because there are no specified synchronizers in the design.
    Info (332114): Number of Synchronizer Chains Found: 1
    Info (332114): Shortest Synchronizer Chain: 2 Registers
    Info (332114): Fraction of Chains for which MTBFs Could Not be Calculated: 1.000
    Info (332114): Worst Case Available Settling Time: 33.451 ns
    Info (332114): 
Info: Analyzing Fast 1100mV 0C Model
Warning (332060): Node: clk_25m was determined to be a clock but was found without an associated clock assignment.
    Info (13166): Register vga_sync:u_vga_sync|h_cnt[9] is being clocked by clk_25m
Info (332123): Deriving Clock Uncertainty. Please refer to report_sdc in the Timing Analyzer to see clock uncertainties.
Info (332146): Worst-case setup slack is 14.864
    Info (332119):     Slack       End Point TNS Clock 
    Info (332119): ========= =================== =====================
    Info (332119):    14.864               0.000 CLOCK_50 
Info (332146): Worst-case hold slack is 0.174
    Info (332119):     Slack       End Point TNS Clock 
    Info (332119): ========= =================== =====================
    Info (332119):     0.174               0.000 CLOCK_50 
Info (332140): No Recovery paths to report
Info (332140): No Removal paths to report
Info (332146): Worst-case minimum pulse width slack is 8.439
    Info (332119):     Slack       End Point TNS Clock 
    Info (332119): ========= =================== =====================
    Info (332119):     8.439               0.000 CLOCK_50 
Info (332114): Report Metastability: Found 1 synchronizer chains.
    Info (332114): The design MTBF is not calculated because there are no specified synchronizers in the design.
    Info (332114): Number of Synchronizer Chains Found: 1
    Info (332114): Shortest Synchronizer Chain: 2 Registers
    Info (332114): Fraction of Chains for which MTBFs Could Not be Calculated: 1.000
    Info (332114): Worst Case Available Settling Time: 34.154 ns
    Info (332114): 
Info (332102): Design is not fully constrained for setup requirements
Info (332102): Design is not fully constrained for hold requirements
Info: Quartus Prime Timing Analyzer was successful. 0 errors, 7 warnings
    Info: Peak virtual memory: 5378 megabytes
    Info: Processing ended: Tue Sep  1 07:34:47 2026
    Info: Elapsed time: 00:00:17
    Info: Total CPU time (on all processors): 00:00:27


